1 2 3 4 0
-1 -2 0
-1 -3 0
-1 -4 0
-2 -3 0
-2 -4 0
-3 -4 0
5 6 7 8 0
-5 -6 0
-5 -7 0
-5 -8 0
-6 -7 0
-6 -8 0
-7 -8 0
9 10 11 12 0
-9 -10 0
-9 -11 0
-9 -12 0
-10 -11 0
-10 -12 0
-11 -12 0
13 14 15 16 0
-13 -14 0
-13 -15 0
-13 -16 0
-14 -15 0
-14 -16 0
-15 -16 0
17 18 19 20 0
-17 -18 0
-17 -19 0
-17 -20 0
-18 -19 0
-18 -20 0
-19 -20 0
21 22 23 24 0
-21 -22 0
-21 -23 0
-21 -24 0
-22 -23 0
-22 -24 0
-23 -24 0
-1 -5 0
-2 -6 0
-3 -7 0
-4 -8 0
-1 -9 0
-2 -10 0
-3 -11 0
-4 -12 0
-1 -13 0
-2 -14 0
-3 -15 0
-4 -16 0
-1 -17 0
-2 -18 0
-3 -19 0
-4 -20 0
-1 -21 0
-2 -22 0
-3 -23 0
-4 -24 0
-5 -1 0
-6 -2 0
-7 -3 0
-8 -4 0
-5 -9 0
-6 -10 0
-7 -11 0
-8 -12 0
-5 -17 0
-6 -18 0
-7 -19 0
-8 -20 0
-5 -21 0
-6 -22 0
-7 -23 0
-8 -24 0
-9 -1 0
-10 -2 0
-11 -3 0
-12 -4 0
-9 -5 0
-10 -6 0
-11 -7 0
-12 -8 0
-9 -13 0
-10 -14 0
-11 -15 0
-12 -16 0
-9 -17 0
-10 -18 0
-11 -19 0
-12 -20 0
-9 -21 0
-10 -22 0
-11 -23 0
-12 -24 0
-13 -1 0
-14 -2 0
-15 -3 0
-16 -4 0
-13 -9 0
-14 -10 0
-15 -11 0
-16 -12 0
-13 -21 0
-14 -22 0
-15 -23 0
-16 -24 0
-17 -1 0
-18 -2 0
-19 -3 0
-20 -4 0
-17 -5 0
-18 -6 0
-19 -7 0
-20 -8 0
-17 -9 0
-18 -10 0
-19 -11 0
-20 -12 0
-21 -1 0
-22 -2 0
-23 -3 0
-24 -4 0
-21 -5 0
-22 -6 0
-23 -7 0
-24 -8 0
-21 -9 0
-22 -10 0
-23 -11 0
-24 -12 0
-21 -13 0
-22 -14 0
-23 -15 0
-24 -16 0
-1 25 0
-2 25 0
-25 1 2 0
-3 26 0
-4 26 0
-26 3 4 0
-5 27 0
-6 27 0
-27 5 6 0
-7 28 0
-8 28 0
-28 7 8 0
-9 29 0
-10 29 0
-29 9 10 0
-11 30 0
-12 30 0
-30 11 12 0
-13 31 0
-14 31 0
-31 13 14 0
-15 32 0
-16 32 0
-32 15 16 0
-17 33 0
-18 33 0
-33 17 18 0
-19 34 0
-20 34 0
-34 19 20 0
-21 35 0
-22 35 0
-35 21 22 0
-23 36 0
-24 36 0
-36 23 24 0
-25 -27 -29 0
-26 -28 -30 0
-25 -27 -33 0
-26 -28 -34 0
-25 -27 -35 0
-26 -28 -36 0
-25 -29 -27 0
-26 -30 -28 0
-25 -29 -33 0
-26 -30 -34 0
-25 -31 -35 0
-26 -32 -36 0
-25 -33 -27 0
-26 -34 -28 0
-25 -33 -29 0
-26 -34 -30 0
-25 -35 -27 0
-26 -36 -28 0
-25 -35 -31 0
-26 -36 -32 0
-27 -25 -29 0
-28 -26 -30 0
-27 -25 -33 0
-28 -26 -34 0
-27 -25 -35 0
-28 -26 -36 0
-27 -29 -25 0
-28 -30 -26 0
-27 -29 -33 0
-28 -30 -34 0
-27 -33 -25 0
-28 -34 -26 0
-27 -33 -29 0
-28 -34 -30 0
-27 -35 -25 0
-28 -36 -26 0
-29 -25 -27 0
-30 -26 -28 0
-29 -25 -33 0
-30 -26 -34 0
-29 -27 -25 0
-30 -28 -26 0
-29 -27 -33 0
-30 -28 -34 0
-29 -31 -35 0
-30 -32 -36 0
-29 -33 -25 0
-30 -34 -26 0
-29 -33 -27 0
-30 -34 -28 0
-29 -35 -31 0
-30 -36 -32 0
-31 -25 -35 0
-32 -26 -36 0
-31 -29 -35 0
-32 -30 -36 0
-31 -35 -25 0
-32 -36 -26 0
-31 -35 -29 0
-32 -36 -30 0
-33 -25 -27 0
-34 -26 -28 0
-33 -25 -29 0
-34 -26 -30 0
-33 -27 -25 0
-34 -28 -26 0
-33 -27 -29 0
-34 -28 -30 0
-33 -29 -25 0
-34 -30 -26 0
-33 -29 -27 0
-34 -30 -28 0
-35 -25 -27 0
-36 -26 -28 0
-35 -25 -31 0
-36 -26 -32 0
-35 -27 -25 0
-36 -28 -26 0
-35 -29 -31 0
-36 -30 -32 0
-35 -31 -25 0
-36 -32 -26 0
-35 -31 -29 0
-36 -32 -30 0
-25 -33 37 0
-26 -34 38 0
-25 -27 39 0
-26 -28 40 0
-25 -35 39 0
-26 -36 40 0
-25 -27 41 0
-26 -28 42 0
-25 -29 41 0
-26 -30 42 0
-25 -33 41 0
-26 -34 42 0
-25 -31 43 0
-26 -32 44 0
-25 -35 43 0
-26 -36 44 0
-27 -25 39 0
-28 -26 40 0
-27 -35 39 0
-28 -36 40 0
-27 -25 41 0
-28 -26 42 0
-27 -29 41 0
-28 -30 42 0
-27 -33 41 0
-28 -34 42 0
-27 -35 45 0
-28 -36 46 0
-29 -25 41 0
-30 -26 42 0
-29 -27 41 0
-30 -28 42 0
-29 -33 41 0
-30 -34 42 0
-29 -33 47 0
-30 -34 48 0
-29 -31 49 0
-30 -32 50 0
-29 -35 49 0
-30 -36 50 0
-29 -35 51 0
-30 -36 52 0
-31 -29 49 0
-32 -30 50 0
-31 -35 49 0
-32 -36 50 0
-31 -25 43 0
-32 -26 44 0
-31 -35 43 0
-32 -36 44 0
-33 -25 37 0
-34 -26 38 0
-33 -25 41 0
-34 -26 42 0
-33 -27 41 0
-34 -28 42 0
-33 -29 41 0
-34 -30 42 0
-33 -29 47 0
-34 -30 48 0
-35 -25 39 0
-36 -26 40 0
-35 -27 39 0
-36 -28 40 0
-35 -27 45 0
-36 -28 46 0
-35 -29 49 0
-36 -30 50 0
-35 -31 49 0
-36 -32 50 0
-35 -25 43 0
-36 -26 44 0
-35 -31 43 0
-36 -32 44 0
-35 -29 51 0
-36 -30 52 0
-37 -38 -39 -40 -41 -42 0
-37 -38 -39 -40 -41 -45 0
-37 -38 -39 -40 -41 -46 0
-37 -38 -39 -40 -41 -47 0
-37 -38 -39 -40 -41 -48 0
-37 -38 -39 -40 -41 -49 0
-37 -38 -39 -40 -41 -50 0
-37 -38 -39 -40 -41 -43 0
-37 -38 -39 -40 -41 -44 0
-37 -38 -39 -40 -41 -53 0
-37 -38 -39 -40 -41 -54 0
-37 -38 -39 -40 -41 -51 0
-37 -38 -39 -40 -41 -52 0
-37 -38 -39 -40 -42 -45 0
-37 -38 -39 -40 -42 -46 0
-37 -38 -39 -40 -42 -47 0
-37 -38 -39 -40 -42 -48 0
-37 -38 -39 -40 -42 -49 0
-37 -38 -39 -40 -42 -50 0
-37 -38 -39 -40 -42 -43 0
-37 -38 -39 -40 -42 -44 0
-37 -38 -39 -40 -42 -53 0
-37 -38 -39 -40 -42 -54 0
-37 -38 -39 -40 -42 -51 0
-37 -38 -39 -40 -42 -52 0
-37 -38 -39 -40 -45 -46 0
-37 -38 -39 -40 -45 -47 0
-37 -38 -39 -40 -45 -48 0
-37 -38 -39 -40 -45 -49 0
-37 -38 -39 -40 -45 -50 0
-37 -38 -39 -40 -45 -43 0
-37 -38 -39 -40 -45 -44 0
-37 -38 -39 -40 -45 -53 0
-37 -38 -39 -40 -45 -54 0
-37 -38 -39 -40 -45 -51 0
-37 -38 -39 -40 -45 -52 0
-37 -38 -39 -40 -46 -47 0
-37 -38 -39 -40 -46 -48 0
-37 -38 -39 -40 -46 -49 0
-37 -38 -39 -40 -46 -50 0
-37 -38 -39 -40 -46 -43 0
-37 -38 -39 -40 -46 -44 0
-37 -38 -39 -40 -46 -53 0
-37 -38 -39 -40 -46 -54 0
-37 -38 -39 -40 -46 -51 0
-37 -38 -39 -40 -46 -52 0
-37 -38 -39 -40 -47 -48 0
-37 -38 -39 -40 -47 -49 0
-37 -38 -39 -40 -47 -50 0
-37 -38 -39 -40 -47 -43 0
-37 -38 -39 -40 -47 -44 0
-37 -38 -39 -40 -47 -53 0
-37 -38 -39 -40 -47 -54 0
-37 -38 -39 -40 -47 -51 0
-37 -38 -39 -40 -47 -52 0
-37 -38 -39 -40 -48 -49 0
-37 -38 -39 -40 -48 -50 0
-37 -38 -39 -40 -48 -43 0
-37 -38 -39 -40 -48 -44 0
-37 -38 -39 -40 -48 -53 0
-37 -38 -39 -40 -48 -54 0
-37 -38 -39 -40 -48 -51 0
-37 -38 -39 -40 -48 -52 0
-37 -38 -39 -40 -49 -50 0
-37 -38 -39 -40 -49 -43 0
-37 -38 -39 -40 -49 -44 0
-37 -38 -39 -40 -49 -53 0
-37 -38 -39 -40 -49 -54 0
-37 -38 -39 -40 -49 -51 0
-37 -38 -39 -40 -49 -52 0
-37 -38 -39 -40 -50 -43 0
-37 -38 -39 -40 -50 -44 0
-37 -38 -39 -40 -50 -53 0
-37 -38 -39 -40 -50 -54 0
-37 -38 -39 -40 -50 -51 0
-37 -38 -39 -40 -50 -52 0
-37 -38 -39 -40 -43 -44 0
-37 -38 -39 -40 -43 -53 0
-37 -38 -39 -40 -43 -54 0
-37 -38 -39 -40 -43 -51 0
-37 -38 -39 -40 -43 -52 0
-37 -38 -39 -40 -44 -53 0
-37 -38 -39 -40 -44 -54 0
-37 -38 -39 -40 -44 -51 0
-37 -38 -39 -40 -44 -52 0
-37 -38 -39 -40 -53 -54 0
-37 -38 -39 -40 -53 -51 0
-37 -38 -39 -40 -53 -52 0
-37 -38 -39 -40 -54 -51 0
-37 -38 -39 -40 -54 -52 0
-37 -38 -39 -40 -51 -52 0
-37 -38 -39 -41 -42 -45 0
-37 -38 -39 -41 -42 -46 0
-37 -38 -39 -41 -42 -47 0
-37 -38 -39 -41 -42 -48 0
-37 -38 -39 -41 -42 -49 0
-37 -38 -39 -41 -42 -50 0
-37 -38 -39 -41 -42 -43 0
-37 -38 -39 -41 -42 -44 0
-37 -38 -39 -41 -42 -53 0
-37 -38 -39 -41 -42 -54 0
-37 -38 -39 -41 -42 -51 0
-37 -38 -39 -41 -42 -52 0
-37 -38 -39 -41 -45 -46 0
-37 -38 -39 -41 -45 -47 0
-37 -38 -39 -41 -45 -48 0
-37 -38 -39 -41 -45 -49 0
-37 -38 -39 -41 -45 -50 0
-37 -38 -39 -41 -45 -43 0
-37 -38 -39 -41 -45 -44 0
-37 -38 -39 -41 -45 -53 0
-37 -38 -39 -41 -45 -54 0
-37 -38 -39 -41 -45 -51 0
-37 -38 -39 -41 -45 -52 0
-37 -38 -39 -41 -46 -47 0
-37 -38 -39 -41 -46 -48 0
-37 -38 -39 -41 -46 -49 0
-37 -38 -39 -41 -46 -50 0
-37 -38 -39 -41 -46 -43 0
-37 -38 -39 -41 -46 -44 0
-37 -38 -39 -41 -46 -53 0
-37 -38 -39 -41 -46 -54 0
-37 -38 -39 -41 -46 -51 0
-37 -38 -39 -41 -46 -52 0
-37 -38 -39 -41 -47 -48 0
-37 -38 -39 -41 -47 -49 0
-37 -38 -39 -41 -47 -50 0
-37 -38 -39 -41 -47 -43 0
-37 -38 -39 -41 -47 -44 0
-37 -38 -39 -41 -47 -53 0
-37 -38 -39 -41 -47 -54 0
-37 -38 -39 -41 -47 -51 0
-37 -38 -39 -41 -47 -52 0
-37 -38 -39 -41 -48 -49 0
-37 -38 -39 -41 -48 -50 0
-37 -38 -39 -41 -48 -43 0
-37 -38 -39 -41 -48 -44 0
-37 -38 -39 -41 -48 -53 0
-37 -38 -39 -41 -48 -54 0
-37 -38 -39 -41 -48 -51 0
-37 -38 -39 -41 -48 -52 0
-37 -38 -39 -41 -49 -50 0
-37 -38 -39 -41 -49 -43 0
-37 -38 -39 -41 -49 -44 0
-37 -38 -39 -41 -49 -53 0
-37 -38 -39 -41 -49 -54 0
-37 -38 -39 -41 -49 -51 0
-37 -38 -39 -41 -49 -52 0
-37 -38 -39 -41 -50 -43 0
-37 -38 -39 -41 -50 -44 0
-37 -38 -39 -41 -50 -53 0
-37 -38 -39 -41 -50 -54 0
-37 -38 -39 -41 -50 -51 0
-37 -38 -39 -41 -50 -52 0
-37 -38 -39 -41 -43 -44 0
-37 -38 -39 -41 -43 -53 0
-37 -38 -39 -41 -43 -54 0
-37 -38 -39 -41 -43 -51 0
-37 -38 -39 -41 -43 -52 0
-37 -38 -39 -41 -44 -53 0
-37 -38 -39 -41 -44 -54 0
-37 -38 -39 -41 -44 -51 0
-37 -38 -39 -41 -44 -52 0
-37 -38 -39 -41 -53 -54 0
-37 -38 -39 -41 -53 -51 0
-37 -38 -39 -41 -53 -52 0
-37 -38 -39 -41 -54 -51 0
-37 -38 -39 -41 -54 -52 0
-37 -38 -39 -41 -51 -52 0
-37 -38 -39 -42 -45 -46 0
-37 -38 -39 -42 -45 -47 0
-37 -38 -39 -42 -45 -48 0
-37 -38 -39 -42 -45 -49 0
-37 -38 -39 -42 -45 -50 0
-37 -38 -39 -42 -45 -43 0
-37 -38 -39 -42 -45 -44 0
-37 -38 -39 -42 -45 -53 0
-37 -38 -39 -42 -45 -54 0
-37 -38 -39 -42 -45 -51 0
-37 -38 -39 -42 -45 -52 0
-37 -38 -39 -42 -46 -47 0
-37 -38 -39 -42 -46 -48 0
-37 -38 -39 -42 -46 -49 0
-37 -38 -39 -42 -46 -50 0
-37 -38 -39 -42 -46 -43 0
-37 -38 -39 -42 -46 -44 0
-37 -38 -39 -42 -46 -53 0
-37 -38 -39 -42 -46 -54 0
-37 -38 -39 -42 -46 -51 0
-37 -38 -39 -42 -46 -52 0
-37 -38 -39 -42 -47 -48 0
-37 -38 -39 -42 -47 -49 0
-37 -38 -39 -42 -47 -50 0
-37 -38 -39 -42 -47 -43 0
-37 -38 -39 -42 -47 -44 0
-37 -38 -39 -42 -47 -53 0
-37 -38 -39 -42 -47 -54 0
-37 -38 -39 -42 -47 -51 0
-37 -38 -39 -42 -47 -52 0
-37 -38 -39 -42 -48 -49 0
-37 -38 -39 -42 -48 -50 0
-37 -38 -39 -42 -48 -43 0
-37 -38 -39 -42 -48 -44 0
-37 -38 -39 -42 -48 -53 0
-37 -38 -39 -42 -48 -54 0
-37 -38 -39 -42 -48 -51 0
-37 -38 -39 -42 -48 -52 0
-37 -38 -39 -42 -49 -50 0
-37 -38 -39 -42 -49 -43 0
-37 -38 -39 -42 -49 -44 0
-37 -38 -39 -42 -49 -53 0
-37 -38 -39 -42 -49 -54 0
-37 -38 -39 -42 -49 -51 0
-37 -38 -39 -42 -49 -52 0
-37 -38 -39 -42 -50 -43 0
-37 -38 -39 -42 -50 -44 0
-37 -38 -39 -42 -50 -53 0
-37 -38 -39 -42 -50 -54 0
-37 -38 -39 -42 -50 -51 0
-37 -38 -39 -42 -50 -52 0
-37 -38 -39 -42 -43 -44 0
-37 -38 -39 -42 -43 -53 0
-37 -38 -39 -42 -43 -54 0
-37 -38 -39 -42 -43 -51 0
-37 -38 -39 -42 -43 -52 0
-37 -38 -39 -42 -44 -53 0
-37 -38 -39 -42 -44 -54 0
-37 -38 -39 -42 -44 -51 0
-37 -38 -39 -42 -44 -52 0
-37 -38 -39 -42 -53 -54 0
-37 -38 -39 -42 -53 -51 0
-37 -38 -39 -42 -53 -52 0
-37 -38 -39 -42 -54 -51 0
-37 -38 -39 -42 -54 -52 0
-37 -38 -39 -42 -51 -52 0
-37 -38 -39 -45 -46 -47 0
-37 -38 -39 -45 -46 -48 0
-37 -38 -39 -45 -46 -49 0
-37 -38 -39 -45 -46 -50 0
-37 -38 -39 -45 -46 -43 0
-37 -38 -39 -45 -46 -44 0
-37 -38 -39 -45 -46 -53 0
-37 -38 -39 -45 -46 -54 0
-37 -38 -39 -45 -46 -51 0
-37 -38 -39 -45 -46 -52 0
-37 -38 -39 -45 -47 -48 0
-37 -38 -39 -45 -47 -49 0
-37 -38 -39 -45 -47 -50 0
-37 -38 -39 -45 -47 -43 0
-37 -38 -39 -45 -47 -44 0
-37 -38 -39 -45 -47 -53 0
-37 -38 -39 -45 -47 -54 0
-37 -38 -39 -45 -47 -51 0
-37 -38 -39 -45 -47 -52 0
-37 -38 -39 -45 -48 -49 0
-37 -38 -39 -45 -48 -50 0
-37 -38 -39 -45 -48 -43 0
-37 -38 -39 -45 -48 -44 0
-37 -38 -39 -45 -48 -53 0
-37 -38 -39 -45 -48 -54 0
-37 -38 -39 -45 -48 -51 0
-37 -38 -39 -45 -48 -52 0
-37 -38 -39 -45 -49 -50 0
-37 -38 -39 -45 -49 -43 0
-37 -38 -39 -45 -49 -44 0
-37 -38 -39 -45 -49 -53 0
-37 -38 -39 -45 -49 -54 0
-37 -38 -39 -45 -49 -51 0
-37 -38 -39 -45 -49 -52 0
-37 -38 -39 -45 -50 -43 0
-37 -38 -39 -45 -50 -44 0
-37 -38 -39 -45 -50 -53 0
-37 -38 -39 -45 -50 -54 0
-37 -38 -39 -45 -50 -51 0
-37 -38 -39 -45 -50 -52 0
-37 -38 -39 -45 -43 -44 0
-37 -38 -39 -45 -43 -53 0
-37 -38 -39 -45 -43 -54 0
-37 -38 -39 -45 -43 -51 0
-37 -38 -39 -45 -43 -52 0
-37 -38 -39 -45 -44 -53 0
-37 -38 -39 -45 -44 -54 0
-37 -38 -39 -45 -44 -51 0
-37 -38 -39 -45 -44 -52 0
-37 -38 -39 -45 -53 -54 0
-37 -38 -39 -45 -53 -51 0
-37 -38 -39 -45 -53 -52 0
-37 -38 -39 -45 -54 -51 0
-37 -38 -39 -45 -54 -52 0
-37 -38 -39 -45 -51 -52 0
-37 -38 -39 -46 -47 -48 0
-37 -38 -39 -46 -47 -49 0
-37 -38 -39 -46 -47 -50 0
-37 -38 -39 -46 -47 -43 0
-37 -38 -39 -46 -47 -44 0
-37 -38 -39 -46 -47 -53 0
-37 -38 -39 -46 -47 -54 0
-37 -38 -39 -46 -47 -51 0
-37 -38 -39 -46 -47 -52 0
-37 -38 -39 -46 -48 -49 0
-37 -38 -39 -46 -48 -50 0
-37 -38 -39 -46 -48 -43 0
-37 -38 -39 -46 -48 -44 0
-37 -38 -39 -46 -48 -53 0
-37 -38 -39 -46 -48 -54 0
-37 -38 -39 -46 -48 -51 0
-37 -38 -39 -46 -48 -52 0
-37 -38 -39 -46 -49 -50 0
-37 -38 -39 -46 -49 -43 0
-37 -38 -39 -46 -49 -44 0
-37 -38 -39 -46 -49 -53 0
-37 -38 -39 -46 -49 -54 0
-37 -38 -39 -46 -49 -51 0
-37 -38 -39 -46 -49 -52 0
-37 -38 -39 -46 -50 -43 0
-37 -38 -39 -46 -50 -44 0
-37 -38 -39 -46 -50 -53 0
-37 -38 -39 -46 -50 -54 0
-37 -38 -39 -46 -50 -51 0
-37 -38 -39 -46 -50 -52 0
-37 -38 -39 -46 -43 -44 0
-37 -38 -39 -46 -43 -53 0
-37 -38 -39 -46 -43 -54 0
-37 -38 -39 -46 -43 -51 0
-37 -38 -39 -46 -43 -52 0
-37 -38 -39 -46 -44 -53 0
-37 -38 -39 -46 -44 -54 0
-37 -38 -39 -46 -44 -51 0
-37 -38 -39 -46 -44 -52 0
-37 -38 -39 -46 -53 -54 0
-37 -38 -39 -46 -53 -51 0
-37 -38 -39 -46 -53 -52 0
-37 -38 -39 -46 -54 -51 0
-37 -38 -39 -46 -54 -52 0
-37 -38 -39 -46 -51 -52 0
-37 -38 -39 -47 -48 -49 0
-37 -38 -39 -47 -48 -50 0
-37 -38 -39 -47 -48 -43 0
-37 -38 -39 -47 -48 -44 0
-37 -38 -39 -47 -48 -53 0
-37 -38 -39 -47 -48 -54 0
-37 -38 -39 -47 -48 -51 0
-37 -38 -39 -47 -48 -52 0
-37 -38 -39 -47 -49 -50 0
-37 -38 -39 -47 -49 -43 0
-37 -38 -39 -47 -49 -44 0
-37 -38 -39 -47 -49 -53 0
-37 -38 -39 -47 -49 -54 0
-37 -38 -39 -47 -49 -51 0
-37 -38 -39 -47 -49 -52 0
-37 -38 -39 -47 -50 -43 0
-37 -38 -39 -47 -50 -44 0
-37 -38 -39 -47 -50 -53 0
-37 -38 -39 -47 -50 -54 0
-37 -38 -39 -47 -50 -51 0
-37 -38 -39 -47 -50 -52 0
-37 -38 -39 -47 -43 -44 0
-37 -38 -39 -47 -43 -53 0
-37 -38 -39 -47 -43 -54 0
-37 -38 -39 -47 -43 -51 0
-37 -38 -39 -47 -43 -52 0
-37 -38 -39 -47 -44 -53 0
-37 -38 -39 -47 -44 -54 0
-37 -38 -39 -47 -44 -51 0
-37 -38 -39 -47 -44 -52 0
-37 -38 -39 -47 -53 -54 0
-37 -38 -39 -47 -53 -51 0
-37 -38 -39 -47 -53 -52 0
-37 -38 -39 -47 -54 -51 0
-37 -38 -39 -47 -54 -52 0
-37 -38 -39 -47 -51 -52 0
-37 -38 -39 -48 -49 -50 0
-37 -38 -39 -48 -49 -43 0
-37 -38 -39 -48 -49 -44 0
-37 -38 -39 -48 -49 -53 0
-37 -38 -39 -48 -49 -54 0
-37 -38 -39 -48 -49 -51 0
-37 -38 -39 -48 -49 -52 0
-37 -38 -39 -48 -50 -43 0
-37 -38 -39 -48 -50 -44 0
-37 -38 -39 -48 -50 -53 0
-37 -38 -39 -48 -50 -54 0
-37 -38 -39 -48 -50 -51 0
-37 -38 -39 -48 -50 -52 0
-37 -38 -39 -48 -43 -44 0
-37 -38 -39 -48 -43 -53 0
-37 -38 -39 -48 -43 -54 0
-37 -38 -39 -48 -43 -51 0
-37 -38 -39 -48 -43 -52 0
-37 -38 -39 -48 -44 -53 0
-37 -38 -39 -48 -44 -54 0
-37 -38 -39 -48 -44 -51 0
-37 -38 -39 -48 -44 -52 0
-37 -38 -39 -48 -53 -54 0
-37 -38 -39 -48 -53 -51 0
-37 -38 -39 -48 -53 -52 0
-37 -38 -39 -48 -54 -51 0
-37 -38 -39 -48 -54 -52 0
-37 -38 -39 -48 -51 -52 0
-37 -38 -39 -49 -50 -43 0
-37 -38 -39 -49 -50 -44 0
-37 -38 -39 -49 -50 -53 0
-37 -38 -39 -49 -50 -54 0
-37 -38 -39 -49 -50 -51 0
-37 -38 -39 -49 -50 -52 0
-37 -38 -39 -49 -43 -44 0
-37 -38 -39 -49 -43 -53 0
-37 -38 -39 -49 -43 -54 0
-37 -38 -39 -49 -43 -51 0
-37 -38 -39 -49 -43 -52 0
-37 -38 -39 -49 -44 -53 0
-37 -38 -39 -49 -44 -54 0
-37 -38 -39 -49 -44 -51 0
-37 -38 -39 -49 -44 -52 0
-37 -38 -39 -49 -53 -54 0
-37 -38 -39 -49 -53 -51 0
-37 -38 -39 -49 -53 -52 0
-37 -38 -39 -49 -54 -51 0
-37 -38 -39 -49 -54 -52 0
-37 -38 -39 -49 -51 -52 0
-37 -38 -39 -50 -43 -44 0
-37 -38 -39 -50 -43 -53 0
-37 -38 -39 -50 -43 -54 0
-37 -38 -39 -50 -43 -51 0
-37 -38 -39 -50 -43 -52 0
-37 -38 -39 -50 -44 -53 0
-37 -38 -39 -50 -44 -54 0
-37 -38 -39 -50 -44 -51 0
-37 -38 -39 -50 -44 -52 0
-37 -38 -39 -50 -53 -54 0
-37 -38 -39 -50 -53 -51 0
-37 -38 -39 -50 -53 -52 0
-37 -38 -39 -50 -54 -51 0
-37 -38 -39 -50 -54 -52 0
-37 -38 -39 -50 -51 -52 0
-37 -38 -39 -43 -44 -53 0
-37 -38 -39 -43 -44 -54 0
-37 -38 -39 -43 -44 -51 0
-37 -38 -39 -43 -44 -52 0
-37 -38 -39 -43 -53 -54 0
-37 -38 -39 -43 -53 -51 0
-37 -38 -39 -43 -53 -52 0
-37 -38 -39 -43 -54 -51 0
-37 -38 -39 -43 -54 -52 0
-37 -38 -39 -43 -51 -52 0
-37 -38 -39 -44 -53 -54 0
-37 -38 -39 -44 -53 -51 0
-37 -38 -39 -44 -53 -52 0
-37 -38 -39 -44 -54 -51 0
-37 -38 -39 -44 -54 -52 0
-37 -38 -39 -44 -51 -52 0
-37 -38 -39 -53 -54 -51 0
-37 -38 -39 -53 -54 -52 0
-37 -38 -39 -53 -51 -52 0
-37 -38 -39 -54 -51 -52 0
-37 -38 -40 -41 -42 -45 0
-37 -38 -40 -41 -42 -46 0
-37 -38 -40 -41 -42 -47 0
-37 -38 -40 -41 -42 -48 0
-37 -38 -40 -41 -42 -49 0
-37 -38 -40 -41 -42 -50 0
-37 -38 -40 -41 -42 -43 0
-37 -38 -40 -41 -42 -44 0
-37 -38 -40 -41 -42 -53 0
-37 -38 -40 -41 -42 -54 0
-37 -38 -40 -41 -42 -51 0
-37 -38 -40 -41 -42 -52 0
-37 -38 -40 -41 -45 -46 0
-37 -38 -40 -41 -45 -47 0
-37 -38 -40 -41 -45 -48 0
-37 -38 -40 -41 -45 -49 0
-37 -38 -40 -41 -45 -50 0
-37 -38 -40 -41 -45 -43 0
-37 -38 -40 -41 -45 -44 0
-37 -38 -40 -41 -45 -53 0
-37 -38 -40 -41 -45 -54 0
-37 -38 -40 -41 -45 -51 0
-37 -38 -40 -41 -45 -52 0
-37 -38 -40 -41 -46 -47 0
-37 -38 -40 -41 -46 -48 0
-37 -38 -40 -41 -46 -49 0
-37 -38 -40 -41 -46 -50 0
-37 -38 -40 -41 -46 -43 0
-37 -38 -40 -41 -46 -44 0
-37 -38 -40 -41 -46 -53 0
-37 -38 -40 -41 -46 -54 0
-37 -38 -40 -41 -46 -51 0
-37 -38 -40 -41 -46 -52 0
-37 -38 -40 -41 -47 -48 0
-37 -38 -40 -41 -47 -49 0
-37 -38 -40 -41 -47 -50 0
-37 -38 -40 -41 -47 -43 0
-37 -38 -40 -41 -47 -44 0
-37 -38 -40 -41 -47 -53 0
-37 -38 -40 -41 -47 -54 0
-37 -38 -40 -41 -47 -51 0
-37 -38 -40 -41 -47 -52 0
-37 -38 -40 -41 -48 -49 0
-37 -38 -40 -41 -48 -50 0
-37 -38 -40 -41 -48 -43 0
-37 -38 -40 -41 -48 -44 0
-37 -38 -40 -41 -48 -53 0
-37 -38 -40 -41 -48 -54 0
-37 -38 -40 -41 -48 -51 0
-37 -38 -40 -41 -48 -52 0
-37 -38 -40 -41 -49 -50 0
-37 -38 -40 -41 -49 -43 0
-37 -38 -40 -41 -49 -44 0
-37 -38 -40 -41 -49 -53 0
-37 -38 -40 -41 -49 -54 0
-37 -38 -40 -41 -49 -51 0
-37 -38 -40 -41 -49 -52 0
-37 -38 -40 -41 -50 -43 0
-37 -38 -40 -41 -50 -44 0
-37 -38 -40 -41 -50 -53 0
-37 -38 -40 -41 -50 -54 0
-37 -38 -40 -41 -50 -51 0
-37 -38 -40 -41 -50 -52 0
-37 -38 -40 -41 -43 -44 0
-37 -38 -40 -41 -43 -53 0
-37 -38 -40 -41 -43 -54 0
-37 -38 -40 -41 -43 -51 0
-37 -38 -40 -41 -43 -52 0
-37 -38 -40 -41 -44 -53 0
-37 -38 -40 -41 -44 -54 0
-37 -38 -40 -41 -44 -51 0
-37 -38 -40 -41 -44 -52 0
-37 -38 -40 -41 -53 -54 0
-37 -38 -40 -41 -53 -51 0
-37 -38 -40 -41 -53 -52 0
-37 -38 -40 -41 -54 -51 0
-37 -38 -40 -41 -54 -52 0
-37 -38 -40 -41 -51 -52 0
-37 -38 -40 -42 -45 -46 0
-37 -38 -40 -42 -45 -47 0
-37 -38 -40 -42 -45 -48 0
-37 -38 -40 -42 -45 -49 0
-37 -38 -40 -42 -45 -50 0
-37 -38 -40 -42 -45 -43 0
-37 -38 -40 -42 -45 -44 0
-37 -38 -40 -42 -45 -53 0
-37 -38 -40 -42 -45 -54 0
-37 -38 -40 -42 -45 -51 0
-37 -38 -40 -42 -45 -52 0
-37 -38 -40 -42 -46 -47 0
-37 -38 -40 -42 -46 -48 0
-37 -38 -40 -42 -46 -49 0
-37 -38 -40 -42 -46 -50 0
-37 -38 -40 -42 -46 -43 0
-37 -38 -40 -42 -46 -44 0
-37 -38 -40 -42 -46 -53 0
-37 -38 -40 -42 -46 -54 0
-37 -38 -40 -42 -46 -51 0
-37 -38 -40 -42 -46 -52 0
-37 -38 -40 -42 -47 -48 0
-37 -38 -40 -42 -47 -49 0
-37 -38 -40 -42 -47 -50 0
-37 -38 -40 -42 -47 -43 0
-37 -38 -40 -42 -47 -44 0
-37 -38 -40 -42 -47 -53 0
-37 -38 -40 -42 -47 -54 0
-37 -38 -40 -42 -47 -51 0
-37 -38 -40 -42 -47 -52 0
-37 -38 -40 -42 -48 -49 0
-37 -38 -40 -42 -48 -50 0
-37 -38 -40 -42 -48 -43 0
-37 -38 -40 -42 -48 -44 0
-37 -38 -40 -42 -48 -53 0
-37 -38 -40 -42 -48 -54 0
-37 -38 -40 -42 -48 -51 0
-37 -38 -40 -42 -48 -52 0
-37 -38 -40 -42 -49 -50 0
-37 -38 -40 -42 -49 -43 0
-37 -38 -40 -42 -49 -44 0
-37 -38 -40 -42 -49 -53 0
-37 -38 -40 -42 -49 -54 0
-37 -38 -40 -42 -49 -51 0
-37 -38 -40 -42 -49 -52 0
-37 -38 -40 -42 -50 -43 0
-37 -38 -40 -42 -50 -44 0
-37 -38 -40 -42 -50 -53 0
-37 -38 -40 -42 -50 -54 0
-37 -38 -40 -42 -50 -51 0
-37 -38 -40 -42 -50 -52 0
-37 -38 -40 -42 -43 -44 0
-37 -38 -40 -42 -43 -53 0
-37 -38 -40 -42 -43 -54 0
-37 -38 -40 -42 -43 -51 0
-37 -38 -40 -42 -43 -52 0
-37 -38 -40 -42 -44 -53 0
-37 -38 -40 -42 -44 -54 0
-37 -38 -40 -42 -44 -51 0
-37 -38 -40 -42 -44 -52 0
-37 -38 -40 -42 -53 -54 0
-37 -38 -40 -42 -53 -51 0
-37 -38 -40 -42 -53 -52 0
-37 -38 -40 -42 -54 -51 0
-37 -38 -40 -42 -54 -52 0
-37 -38 -40 -42 -51 -52 0
-37 -38 -40 -45 -46 -47 0
-37 -38 -40 -45 -46 -48 0
-37 -38 -40 -45 -46 -49 0
-37 -38 -40 -45 -46 -50 0
-37 -38 -40 -45 -46 -43 0
-37 -38 -40 -45 -46 -44 0
-37 -38 -40 -45 -46 -53 0
-37 -38 -40 -45 -46 -54 0
-37 -38 -40 -45 -46 -51 0
-37 -38 -40 -45 -46 -52 0
-37 -38 -40 -45 -47 -48 0
-37 -38 -40 -45 -47 -49 0
-37 -38 -40 -45 -47 -50 0
-37 -38 -40 -45 -47 -43 0
-37 -38 -40 -45 -47 -44 0
-37 -38 -40 -45 -47 -53 0
-37 -38 -40 -45 -47 -54 0
-37 -38 -40 -45 -47 -51 0
-37 -38 -40 -45 -47 -52 0
-37 -38 -40 -45 -48 -49 0
-37 -38 -40 -45 -48 -50 0
-37 -38 -40 -45 -48 -43 0
-37 -38 -40 -45 -48 -44 0
-37 -38 -40 -45 -48 -53 0
-37 -38 -40 -45 -48 -54 0
-37 -38 -40 -45 -48 -51 0
-37 -38 -40 -45 -48 -52 0
-37 -38 -40 -45 -49 -50 0
-37 -38 -40 -45 -49 -43 0
-37 -38 -40 -45 -49 -44 0
-37 -38 -40 -45 -49 -53 0
-37 -38 -40 -45 -49 -54 0
-37 -38 -40 -45 -49 -51 0
-37 -38 -40 -45 -49 -52 0
-37 -38 -40 -45 -50 -43 0
-37 -38 -40 -45 -50 -44 0
-37 -38 -40 -45 -50 -53 0
-37 -38 -40 -45 -50 -54 0
-37 -38 -40 -45 -50 -51 0
-37 -38 -40 -45 -50 -52 0
-37 -38 -40 -45 -43 -44 0
-37 -38 -40 -45 -43 -53 0
-37 -38 -40 -45 -43 -54 0
-37 -38 -40 -45 -43 -51 0
-37 -38 -40 -45 -43 -52 0
-37 -38 -40 -45 -44 -53 0
-37 -38 -40 -45 -44 -54 0
-37 -38 -40 -45 -44 -51 0
-37 -38 -40 -45 -44 -52 0
-37 -38 -40 -45 -53 -54 0
-37 -38 -40 -45 -53 -51 0
-37 -38 -40 -45 -53 -52 0
-37 -38 -40 -45 -54 -51 0
-37 -38 -40 -45 -54 -52 0
-37 -38 -40 -45 -51 -52 0
-37 -38 -40 -46 -47 -48 0
-37 -38 -40 -46 -47 -49 0
-37 -38 -40 -46 -47 -50 0
-37 -38 -40 -46 -47 -43 0
-37 -38 -40 -46 -47 -44 0
-37 -38 -40 -46 -47 -53 0
-37 -38 -40 -46 -47 -54 0
-37 -38 -40 -46 -47 -51 0
-37 -38 -40 -46 -47 -52 0
-37 -38 -40 -46 -48 -49 0
-37 -38 -40 -46 -48 -50 0
-37 -38 -40 -46 -48 -43 0
-37 -38 -40 -46 -48 -44 0
-37 -38 -40 -46 -48 -53 0
-37 -38 -40 -46 -48 -54 0
-37 -38 -40 -46 -48 -51 0
-37 -38 -40 -46 -48 -52 0
-37 -38 -40 -46 -49 -50 0
-37 -38 -40 -46 -49 -43 0
-37 -38 -40 -46 -49 -44 0
-37 -38 -40 -46 -49 -53 0
-37 -38 -40 -46 -49 -54 0
-37 -38 -40 -46 -49 -51 0
-37 -38 -40 -46 -49 -52 0
-37 -38 -40 -46 -50 -43 0
-37 -38 -40 -46 -50 -44 0
-37 -38 -40 -46 -50 -53 0
-37 -38 -40 -46 -50 -54 0
-37 -38 -40 -46 -50 -51 0
-37 -38 -40 -46 -50 -52 0
-37 -38 -40 -46 -43 -44 0
-37 -38 -40 -46 -43 -53 0
-37 -38 -40 -46 -43 -54 0
-37 -38 -40 -46 -43 -51 0
-37 -38 -40 -46 -43 -52 0
-37 -38 -40 -46 -44 -53 0
-37 -38 -40 -46 -44 -54 0
-37 -38 -40 -46 -44 -51 0
-37 -38 -40 -46 -44 -52 0
-37 -38 -40 -46 -53 -54 0
-37 -38 -40 -46 -53 -51 0
-37 -38 -40 -46 -53 -52 0
-37 -38 -40 -46 -54 -51 0
-37 -38 -40 -46 -54 -52 0
-37 -38 -40 -46 -51 -52 0
-37 -38 -40 -47 -48 -49 0
-37 -38 -40 -47 -48 -50 0
-37 -38 -40 -47 -48 -43 0
-37 -38 -40 -47 -48 -44 0
-37 -38 -40 -47 -48 -53 0
-37 -38 -40 -47 -48 -54 0
-37 -38 -40 -47 -48 -51 0
-37 -38 -40 -47 -48 -52 0
-37 -38 -40 -47 -49 -50 0
-37 -38 -40 -47 -49 -43 0
-37 -38 -40 -47 -49 -44 0
-37 -38 -40 -47 -49 -53 0
-37 -38 -40 -47 -49 -54 0
-37 -38 -40 -47 -49 -51 0
-37 -38 -40 -47 -49 -52 0
-37 -38 -40 -47 -50 -43 0
-37 -38 -40 -47 -50 -44 0
-37 -38 -40 -47 -50 -53 0
-37 -38 -40 -47 -50 -54 0
-37 -38 -40 -47 -50 -51 0
-37 -38 -40 -47 -50 -52 0
-37 -38 -40 -47 -43 -44 0
-37 -38 -40 -47 -43 -53 0
-37 -38 -40 -47 -43 -54 0
-37 -38 -40 -47 -43 -51 0
-37 -38 -40 -47 -43 -52 0
-37 -38 -40 -47 -44 -53 0
-37 -38 -40 -47 -44 -54 0
-37 -38 -40 -47 -44 -51 0
-37 -38 -40 -47 -44 -52 0
-37 -38 -40 -47 -53 -54 0
-37 -38 -40 -47 -53 -51 0
-37 -38 -40 -47 -53 -52 0
-37 -38 -40 -47 -54 -51 0
-37 -38 -40 -47 -54 -52 0
-37 -38 -40 -47 -51 -52 0
-37 -38 -40 -48 -49 -50 0
-37 -38 -40 -48 -49 -43 0
-37 -38 -40 -48 -49 -44 0
-37 -38 -40 -48 -49 -53 0
-37 -38 -40 -48 -49 -54 0
-37 -38 -40 -48 -49 -51 0
-37 -38 -40 -48 -49 -52 0
-37 -38 -40 -48 -50 -43 0
-37 -38 -40 -48 -50 -44 0
-37 -38 -40 -48 -50 -53 0
-37 -38 -40 -48 -50 -54 0
-37 -38 -40 -48 -50 -51 0
-37 -38 -40 -48 -50 -52 0
-37 -38 -40 -48 -43 -44 0
-37 -38 -40 -48 -43 -53 0
-37 -38 -40 -48 -43 -54 0
-37 -38 -40 -48 -43 -51 0
-37 -38 -40 -48 -43 -52 0
-37 -38 -40 -48 -44 -53 0
-37 -38 -40 -48 -44 -54 0
-37 -38 -40 -48 -44 -51 0
-37 -38 -40 -48 -44 -52 0
-37 -38 -40 -48 -53 -54 0
-37 -38 -40 -48 -53 -51 0
-37 -38 -40 -48 -53 -52 0
-37 -38 -40 -48 -54 -51 0
-37 -38 -40 -48 -54 -52 0
-37 -38 -40 -48 -51 -52 0
-37 -38 -40 -49 -50 -43 0
-37 -38 -40 -49 -50 -44 0
-37 -38 -40 -49 -50 -53 0
-37 -38 -40 -49 -50 -54 0
-37 -38 -40 -49 -50 -51 0
-37 -38 -40 -49 -50 -52 0
-37 -38 -40 -49 -43 -44 0
-37 -38 -40 -49 -43 -53 0
-37 -38 -40 -49 -43 -54 0
-37 -38 -40 -49 -43 -51 0
-37 -38 -40 -49 -43 -52 0
-37 -38 -40 -49 -44 -53 0
-37 -38 -40 -49 -44 -54 0
-37 -38 -40 -49 -44 -51 0
-37 -38 -40 -49 -44 -52 0
-37 -38 -40 -49 -53 -54 0
-37 -38 -40 -49 -53 -51 0
-37 -38 -40 -49 -53 -52 0
-37 -38 -40 -49 -54 -51 0
-37 -38 -40 -49 -54 -52 0
-37 -38 -40 -49 -51 -52 0
-37 -38 -40 -50 -43 -44 0
-37 -38 -40 -50 -43 -53 0
-37 -38 -40 -50 -43 -54 0
-37 -38 -40 -50 -43 -51 0
-37 -38 -40 -50 -43 -52 0
-37 -38 -40 -50 -44 -53 0
-37 -38 -40 -50 -44 -54 0
-37 -38 -40 -50 -44 -51 0
-37 -38 -40 -50 -44 -52 0
-37 -38 -40 -50 -53 -54 0
-37 -38 -40 -50 -53 -51 0
-37 -38 -40 -50 -53 -52 0
-37 -38 -40 -50 -54 -51 0
-37 -38 -40 -50 -54 -52 0
-37 -38 -40 -50 -51 -52 0
-37 -38 -40 -43 -44 -53 0
-37 -38 -40 -43 -44 -54 0
-37 -38 -40 -43 -44 -51 0
-37 -38 -40 -43 -44 -52 0
-37 -38 -40 -43 -53 -54 0
-37 -38 -40 -43 -53 -51 0
-37 -38 -40 -43 -53 -52 0
-37 -38 -40 -43 -54 -51 0
-37 -38 -40 -43 -54 -52 0
-37 -38 -40 -43 -51 -52 0
-37 -38 -40 -44 -53 -54 0
-37 -38 -40 -44 -53 -51 0
-37 -38 -40 -44 -53 -52 0
-37 -38 -40 -44 -54 -51 0
-37 -38 -40 -44 -54 -52 0
-37 -38 -40 -44 -51 -52 0
-37 -38 -40 -53 -54 -51 0
-37 -38 -40 -53 -54 -52 0
-37 -38 -40 -53 -51 -52 0
-37 -38 -40 -54 -51 -52 0
-37 -38 -41 -42 -45 -46 0
-37 -38 -41 -42 -45 -47 0
-37 -38 -41 -42 -45 -48 0
-37 -38 -41 -42 -45 -49 0
-37 -38 -41 -42 -45 -50 0
-37 -38 -41 -42 -45 -43 0
-37 -38 -41 -42 -45 -44 0
-37 -38 -41 -42 -45 -53 0
-37 -38 -41 -42 -45 -54 0
-37 -38 -41 -42 -45 -51 0
-37 -38 -41 -42 -45 -52 0
-37 -38 -41 -42 -46 -47 0
-37 -38 -41 -42 -46 -48 0
-37 -38 -41 -42 -46 -49 0
-37 -38 -41 -42 -46 -50 0
-37 -38 -41 -42 -46 -43 0
-37 -38 -41 -42 -46 -44 0
-37 -38 -41 -42 -46 -53 0
-37 -38 -41 -42 -46 -54 0
-37 -38 -41 -42 -46 -51 0
-37 -38 -41 -42 -46 -52 0
-37 -38 -41 -42 -47 -48 0
-37 -38 -41 -42 -47 -49 0
-37 -38 -41 -42 -47 -50 0
-37 -38 -41 -42 -47 -43 0
-37 -38 -41 -42 -47 -44 0
-37 -38 -41 -42 -47 -53 0
-37 -38 -41 -42 -47 -54 0
-37 -38 -41 -42 -47 -51 0
-37 -38 -41 -42 -47 -52 0
-37 -38 -41 -42 -48 -49 0
-37 -38 -41 -42 -48 -50 0
-37 -38 -41 -42 -48 -43 0
-37 -38 -41 -42 -48 -44 0
-37 -38 -41 -42 -48 -53 0
-37 -38 -41 -42 -48 -54 0
-37 -38 -41 -42 -48 -51 0
-37 -38 -41 -42 -48 -52 0
-37 -38 -41 -42 -49 -50 0
-37 -38 -41 -42 -49 -43 0
-37 -38 -41 -42 -49 -44 0
-37 -38 -41 -42 -49 -53 0
-37 -38 -41 -42 -49 -54 0
-37 -38 -41 -42 -49 -51 0
-37 -38 -41 -42 -49 -52 0
-37 -38 -41 -42 -50 -43 0
-37 -38 -41 -42 -50 -44 0
-37 -38 -41 -42 -50 -53 0
-37 -38 -41 -42 -50 -54 0
-37 -38 -41 -42 -50 -51 0
-37 -38 -41 -42 -50 -52 0
-37 -38 -41 -42 -43 -44 0
-37 -38 -41 -42 -43 -53 0
-37 -38 -41 -42 -43 -54 0
-37 -38 -41 -42 -43 -51 0
-37 -38 -41 -42 -43 -52 0
-37 -38 -41 -42 -44 -53 0
-37 -38 -41 -42 -44 -54 0
-37 -38 -41 -42 -44 -51 0
-37 -38 -41 -42 -44 -52 0
-37 -38 -41 -42 -53 -54 0
-37 -38 -41 -42 -53 -51 0
-37 -38 -41 -42 -53 -52 0
-37 -38 -41 -42 -54 -51 0
-37 -38 -41 -42 -54 -52 0
-37 -38 -41 -42 -51 -52 0
-37 -38 -41 -45 -46 -47 0
-37 -38 -41 -45 -46 -48 0
-37 -38 -41 -45 -46 -49 0
-37 -38 -41 -45 -46 -50 0
-37 -38 -41 -45 -46 -43 0
-37 -38 -41 -45 -46 -44 0
-37 -38 -41 -45 -46 -53 0
-37 -38 -41 -45 -46 -54 0
-37 -38 -41 -45 -46 -51 0
-37 -38 -41 -45 -46 -52 0
-37 -38 -41 -45 -47 -48 0
-37 -38 -41 -45 -47 -49 0
-37 -38 -41 -45 -47 -50 0
-37 -38 -41 -45 -47 -43 0
-37 -38 -41 -45 -47 -44 0
-37 -38 -41 -45 -47 -53 0
-37 -38 -41 -45 -47 -54 0
-37 -38 -41 -45 -47 -51 0
-37 -38 -41 -45 -47 -52 0
-37 -38 -41 -45 -48 -49 0
-37 -38 -41 -45 -48 -50 0
-37 -38 -41 -45 -48 -43 0
-37 -38 -41 -45 -48 -44 0
-37 -38 -41 -45 -48 -53 0
-37 -38 -41 -45 -48 -54 0
-37 -38 -41 -45 -48 -51 0
-37 -38 -41 -45 -48 -52 0
-37 -38 -41 -45 -49 -50 0
-37 -38 -41 -45 -49 -43 0
-37 -38 -41 -45 -49 -44 0
-37 -38 -41 -45 -49 -53 0
-37 -38 -41 -45 -49 -54 0
-37 -38 -41 -45 -49 -51 0
-37 -38 -41 -45 -49 -52 0
-37 -38 -41 -45 -50 -43 0
-37 -38 -41 -45 -50 -44 0
-37 -38 -41 -45 -50 -53 0
-37 -38 -41 -45 -50 -54 0
-37 -38 -41 -45 -50 -51 0
-37 -38 -41 -45 -50 -52 0
-37 -38 -41 -45 -43 -44 0
-37 -38 -41 -45 -43 -53 0
-37 -38 -41 -45 -43 -54 0
-37 -38 -41 -45 -43 -51 0
-37 -38 -41 -45 -43 -52 0
-37 -38 -41 -45 -44 -53 0
-37 -38 -41 -45 -44 -54 0
-37 -38 -41 -45 -44 -51 0
-37 -38 -41 -45 -44 -52 0
-37 -38 -41 -45 -53 -54 0
-37 -38 -41 -45 -53 -51 0
-37 -38 -41 -45 -53 -52 0
-37 -38 -41 -45 -54 -51 0
-37 -38 -41 -45 -54 -52 0
-37 -38 -41 -45 -51 -52 0
-37 -38 -41 -46 -47 -48 0
-37 -38 -41 -46 -47 -49 0
-37 -38 -41 -46 -47 -50 0
-37 -38 -41 -46 -47 -43 0
-37 -38 -41 -46 -47 -44 0
-37 -38 -41 -46 -47 -53 0
-37 -38 -41 -46 -47 -54 0
-37 -38 -41 -46 -47 -51 0
-37 -38 -41 -46 -47 -52 0
-37 -38 -41 -46 -48 -49 0
-37 -38 -41 -46 -48 -50 0
-37 -38 -41 -46 -48 -43 0
-37 -38 -41 -46 -48 -44 0
-37 -38 -41 -46 -48 -53 0
-37 -38 -41 -46 -48 -54 0
-37 -38 -41 -46 -48 -51 0
-37 -38 -41 -46 -48 -52 0
-37 -38 -41 -46 -49 -50 0
-37 -38 -41 -46 -49 -43 0
-37 -38 -41 -46 -49 -44 0
-37 -38 -41 -46 -49 -53 0
-37 -38 -41 -46 -49 -54 0
-37 -38 -41 -46 -49 -51 0
-37 -38 -41 -46 -49 -52 0
-37 -38 -41 -46 -50 -43 0
-37 -38 -41 -46 -50 -44 0
-37 -38 -41 -46 -50 -53 0
-37 -38 -41 -46 -50 -54 0
-37 -38 -41 -46 -50 -51 0
-37 -38 -41 -46 -50 -52 0
-37 -38 -41 -46 -43 -44 0
-37 -38 -41 -46 -43 -53 0
-37 -38 -41 -46 -43 -54 0
-37 -38 -41 -46 -43 -51 0
-37 -38 -41 -46 -43 -52 0
-37 -38 -41 -46 -44 -53 0
-37 -38 -41 -46 -44 -54 0
-37 -38 -41 -46 -44 -51 0
-37 -38 -41 -46 -44 -52 0
-37 -38 -41 -46 -53 -54 0
-37 -38 -41 -46 -53 -51 0
-37 -38 -41 -46 -53 -52 0
-37 -38 -41 -46 -54 -51 0
-37 -38 -41 -46 -54 -52 0
-37 -38 -41 -46 -51 -52 0
-37 -38 -41 -47 -48 -49 0
-37 -38 -41 -47 -48 -50 0
-37 -38 -41 -47 -48 -43 0
-37 -38 -41 -47 -48 -44 0
-37 -38 -41 -47 -48 -53 0
-37 -38 -41 -47 -48 -54 0
-37 -38 -41 -47 -48 -51 0
-37 -38 -41 -47 -48 -52 0
-37 -38 -41 -47 -49 -50 0
-37 -38 -41 -47 -49 -43 0
-37 -38 -41 -47 -49 -44 0
-37 -38 -41 -47 -49 -53 0
-37 -38 -41 -47 -49 -54 0
-37 -38 -41 -47 -49 -51 0
-37 -38 -41 -47 -49 -52 0
-37 -38 -41 -47 -50 -43 0
-37 -38 -41 -47 -50 -44 0
-37 -38 -41 -47 -50 -53 0
-37 -38 -41 -47 -50 -54 0
-37 -38 -41 -47 -50 -51 0
-37 -38 -41 -47 -50 -52 0
-37 -38 -41 -47 -43 -44 0
-37 -38 -41 -47 -43 -53 0
-37 -38 -41 -47 -43 -54 0
-37 -38 -41 -47 -43 -51 0
-37 -38 -41 -47 -43 -52 0
-37 -38 -41 -47 -44 -53 0
-37 -38 -41 -47 -44 -54 0
-37 -38 -41 -47 -44 -51 0
-37 -38 -41 -47 -44 -52 0
-37 -38 -41 -47 -53 -54 0
-37 -38 -41 -47 -53 -51 0
-37 -38 -41 -47 -53 -52 0
-37 -38 -41 -47 -54 -51 0
-37 -38 -41 -47 -54 -52 0
-37 -38 -41 -47 -51 -52 0
-37 -38 -41 -48 -49 -50 0
-37 -38 -41 -48 -49 -43 0
-37 -38 -41 -48 -49 -44 0
-37 -38 -41 -48 -49 -53 0
-37 -38 -41 -48 -49 -54 0
-37 -38 -41 -48 -49 -51 0
-37 -38 -41 -48 -49 -52 0
-37 -38 -41 -48 -50 -43 0
-37 -38 -41 -48 -50 -44 0
-37 -38 -41 -48 -50 -53 0
-37 -38 -41 -48 -50 -54 0
-37 -38 -41 -48 -50 -51 0
-37 -38 -41 -48 -50 -52 0
-37 -38 -41 -48 -43 -44 0
-37 -38 -41 -48 -43 -53 0
-37 -38 -41 -48 -43 -54 0
-37 -38 -41 -48 -43 -51 0
-37 -38 -41 -48 -43 -52 0
-37 -38 -41 -48 -44 -53 0
-37 -38 -41 -48 -44 -54 0
-37 -38 -41 -48 -44 -51 0
-37 -38 -41 -48 -44 -52 0
-37 -38 -41 -48 -53 -54 0
-37 -38 -41 -48 -53 -51 0
-37 -38 -41 -48 -53 -52 0
-37 -38 -41 -48 -54 -51 0
-37 -38 -41 -48 -54 -52 0
-37 -38 -41 -48 -51 -52 0
-37 -38 -41 -49 -50 -43 0
-37 -38 -41 -49 -50 -44 0
-37 -38 -41 -49 -50 -53 0
-37 -38 -41 -49 -50 -54 0
-37 -38 -41 -49 -50 -51 0
-37 -38 -41 -49 -50 -52 0
-37 -38 -41 -49 -43 -44 0
-37 -38 -41 -49 -43 -53 0
-37 -38 -41 -49 -43 -54 0
-37 -38 -41 -49 -43 -51 0
-37 -38 -41 -49 -43 -52 0
-37 -38 -41 -49 -44 -53 0
-37 -38 -41 -49 -44 -54 0
-37 -38 -41 -49 -44 -51 0
-37 -38 -41 -49 -44 -52 0
-37 -38 -41 -49 -53 -54 0
-37 -38 -41 -49 -53 -51 0
-37 -38 -41 -49 -53 -52 0
-37 -38 -41 -49 -54 -51 0
-37 -38 -41 -49 -54 -52 0
-37 -38 -41 -49 -51 -52 0
-37 -38 -41 -50 -43 -44 0
-37 -38 -41 -50 -43 -53 0
-37 -38 -41 -50 -43 -54 0
-37 -38 -41 -50 -43 -51 0
-37 -38 -41 -50 -43 -52 0
-37 -38 -41 -50 -44 -53 0
-37 -38 -41 -50 -44 -54 0
-37 -38 -41 -50 -44 -51 0
-37 -38 -41 -50 -44 -52 0
-37 -38 -41 -50 -53 -54 0
-37 -38 -41 -50 -53 -51 0
-37 -38 -41 -50 -53 -52 0
-37 -38 -41 -50 -54 -51 0
-37 -38 -41 -50 -54 -52 0
-37 -38 -41 -50 -51 -52 0
-37 -38 -41 -43 -44 -53 0
-37 -38 -41 -43 -44 -54 0
-37 -38 -41 -43 -44 -51 0
-37 -38 -41 -43 -44 -52 0
-37 -38 -41 -43 -53 -54 0
-37 -38 -41 -43 -53 -51 0
-37 -38 -41 -43 -53 -52 0
-37 -38 -41 -43 -54 -51 0
-37 -38 -41 -43 -54 -52 0
-37 -38 -41 -43 -51 -52 0
-37 -38 -41 -44 -53 -54 0
-37 -38 -41 -44 -53 -51 0
-37 -38 -41 -44 -53 -52 0
-37 -38 -41 -44 -54 -51 0
-37 -38 -41 -44 -54 -52 0
-37 -38 -41 -44 -51 -52 0
-37 -38 -41 -53 -54 -51 0
-37 -38 -41 -53 -54 -52 0
-37 -38 -41 -53 -51 -52 0
-37 -38 -41 -54 -51 -52 0
-37 -38 -42 -45 -46 -47 0
-37 -38 -42 -45 -46 -48 0
-37 -38 -42 -45 -46 -49 0
-37 -38 -42 -45 -46 -50 0
-37 -38 -42 -45 -46 -43 0
-37 -38 -42 -45 -46 -44 0
-37 -38 -42 -45 -46 -53 0
-37 -38 -42 -45 -46 -54 0
-37 -38 -42 -45 -46 -51 0
-37 -38 -42 -45 -46 -52 0
-37 -38 -42 -45 -47 -48 0
-37 -38 -42 -45 -47 -49 0
-37 -38 -42 -45 -47 -50 0
-37 -38 -42 -45 -47 -43 0
-37 -38 -42 -45 -47 -44 0
-37 -38 -42 -45 -47 -53 0
-37 -38 -42 -45 -47 -54 0
-37 -38 -42 -45 -47 -51 0
-37 -38 -42 -45 -47 -52 0
-37 -38 -42 -45 -48 -49 0
-37 -38 -42 -45 -48 -50 0
-37 -38 -42 -45 -48 -43 0
-37 -38 -42 -45 -48 -44 0
-37 -38 -42 -45 -48 -53 0
-37 -38 -42 -45 -48 -54 0
-37 -38 -42 -45 -48 -51 0
-37 -38 -42 -45 -48 -52 0
-37 -38 -42 -45 -49 -50 0
-37 -38 -42 -45 -49 -43 0
-37 -38 -42 -45 -49 -44 0
-37 -38 -42 -45 -49 -53 0
-37 -38 -42 -45 -49 -54 0
-37 -38 -42 -45 -49 -51 0
-37 -38 -42 -45 -49 -52 0
-37 -38 -42 -45 -50 -43 0
-37 -38 -42 -45 -50 -44 0
-37 -38 -42 -45 -50 -53 0
-37 -38 -42 -45 -50 -54 0
-37 -38 -42 -45 -50 -51 0
-37 -38 -42 -45 -50 -52 0
-37 -38 -42 -45 -43 -44 0
-37 -38 -42 -45 -43 -53 0
-37 -38 -42 -45 -43 -54 0
-37 -38 -42 -45 -43 -51 0
-37 -38 -42 -45 -43 -52 0
-37 -38 -42 -45 -44 -53 0
-37 -38 -42 -45 -44 -54 0
-37 -38 -42 -45 -44 -51 0
-37 -38 -42 -45 -44 -52 0
-37 -38 -42 -45 -53 -54 0
-37 -38 -42 -45 -53 -51 0
-37 -38 -42 -45 -53 -52 0
-37 -38 -42 -45 -54 -51 0
-37 -38 -42 -45 -54 -52 0
-37 -38 -42 -45 -51 -52 0
-37 -38 -42 -46 -47 -48 0
-37 -38 -42 -46 -47 -49 0
-37 -38 -42 -46 -47 -50 0
-37 -38 -42 -46 -47 -43 0
-37 -38 -42 -46 -47 -44 0
-37 -38 -42 -46 -47 -53 0
-37 -38 -42 -46 -47 -54 0
-37 -38 -42 -46 -47 -51 0
-37 -38 -42 -46 -47 -52 0
-37 -38 -42 -46 -48 -49 0
-37 -38 -42 -46 -48 -50 0
-37 -38 -42 -46 -48 -43 0
-37 -38 -42 -46 -48 -44 0
-37 -38 -42 -46 -48 -53 0
-37 -38 -42 -46 -48 -54 0
-37 -38 -42 -46 -48 -51 0
-37 -38 -42 -46 -48 -52 0
-37 -38 -42 -46 -49 -50 0
-37 -38 -42 -46 -49 -43 0
-37 -38 -42 -46 -49 -44 0
-37 -38 -42 -46 -49 -53 0
-37 -38 -42 -46 -49 -54 0
-37 -38 -42 -46 -49 -51 0
-37 -38 -42 -46 -49 -52 0
-37 -38 -42 -46 -50 -43 0
-37 -38 -42 -46 -50 -44 0
-37 -38 -42 -46 -50 -53 0
-37 -38 -42 -46 -50 -54 0
-37 -38 -42 -46 -50 -51 0
-37 -38 -42 -46 -50 -52 0
-37 -38 -42 -46 -43 -44 0
-37 -38 -42 -46 -43 -53 0
-37 -38 -42 -46 -43 -54 0
-37 -38 -42 -46 -43 -51 0
-37 -38 -42 -46 -43 -52 0
-37 -38 -42 -46 -44 -53 0
-37 -38 -42 -46 -44 -54 0
-37 -38 -42 -46 -44 -51 0
-37 -38 -42 -46 -44 -52 0
-37 -38 -42 -46 -53 -54 0
-37 -38 -42 -46 -53 -51 0
-37 -38 -42 -46 -53 -52 0
-37 -38 -42 -46 -54 -51 0
-37 -38 -42 -46 -54 -52 0
-37 -38 -42 -46 -51 -52 0
-37 -38 -42 -47 -48 -49 0
-37 -38 -42 -47 -48 -50 0
-37 -38 -42 -47 -48 -43 0
-37 -38 -42 -47 -48 -44 0
-37 -38 -42 -47 -48 -53 0
-37 -38 -42 -47 -48 -54 0
-37 -38 -42 -47 -48 -51 0
-37 -38 -42 -47 -48 -52 0
-37 -38 -42 -47 -49 -50 0
-37 -38 -42 -47 -49 -43 0
-37 -38 -42 -47 -49 -44 0
-37 -38 -42 -47 -49 -53 0
-37 -38 -42 -47 -49 -54 0
-37 -38 -42 -47 -49 -51 0
-37 -38 -42 -47 -49 -52 0
-37 -38 -42 -47 -50 -43 0
-37 -38 -42 -47 -50 -44 0
-37 -38 -42 -47 -50 -53 0
-37 -38 -42 -47 -50 -54 0
-37 -38 -42 -47 -50 -51 0
-37 -38 -42 -47 -50 -52 0
-37 -38 -42 -47 -43 -44 0
-37 -38 -42 -47 -43 -53 0
-37 -38 -42 -47 -43 -54 0
-37 -38 -42 -47 -43 -51 0
-37 -38 -42 -47 -43 -52 0
-37 -38 -42 -47 -44 -53 0
-37 -38 -42 -47 -44 -54 0
-37 -38 -42 -47 -44 -51 0
-37 -38 -42 -47 -44 -52 0
-37 -38 -42 -47 -53 -54 0
-37 -38 -42 -47 -53 -51 0
-37 -38 -42 -47 -53 -52 0
-37 -38 -42 -47 -54 -51 0
-37 -38 -42 -47 -54 -52 0
-37 -38 -42 -47 -51 -52 0
-37 -38 -42 -48 -49 -50 0
-37 -38 -42 -48 -49 -43 0
-37 -38 -42 -48 -49 -44 0
-37 -38 -42 -48 -49 -53 0
-37 -38 -42 -48 -49 -54 0
-37 -38 -42 -48 -49 -51 0
-37 -38 -42 -48 -49 -52 0
-37 -38 -42 -48 -50 -43 0
-37 -38 -42 -48 -50 -44 0
-37 -38 -42 -48 -50 -53 0
-37 -38 -42 -48 -50 -54 0
-37 -38 -42 -48 -50 -51 0
-37 -38 -42 -48 -50 -52 0
-37 -38 -42 -48 -43 -44 0
-37 -38 -42 -48 -43 -53 0
-37 -38 -42 -48 -43 -54 0
-37 -38 -42 -48 -43 -51 0
-37 -38 -42 -48 -43 -52 0
-37 -38 -42 -48 -44 -53 0
-37 -38 -42 -48 -44 -54 0
-37 -38 -42 -48 -44 -51 0
-37 -38 -42 -48 -44 -52 0
-37 -38 -42 -48 -53 -54 0
-37 -38 -42 -48 -53 -51 0
-37 -38 -42 -48 -53 -52 0
-37 -38 -42 -48 -54 -51 0
-37 -38 -42 -48 -54 -52 0
-37 -38 -42 -48 -51 -52 0
-37 -38 -42 -49 -50 -43 0
-37 -38 -42 -49 -50 -44 0
-37 -38 -42 -49 -50 -53 0
-37 -38 -42 -49 -50 -54 0
-37 -38 -42 -49 -50 -51 0
-37 -38 -42 -49 -50 -52 0
-37 -38 -42 -49 -43 -44 0
-37 -38 -42 -49 -43 -53 0
-37 -38 -42 -49 -43 -54 0
-37 -38 -42 -49 -43 -51 0
-37 -38 -42 -49 -43 -52 0
-37 -38 -42 -49 -44 -53 0
-37 -38 -42 -49 -44 -54 0
-37 -38 -42 -49 -44 -51 0
-37 -38 -42 -49 -44 -52 0
-37 -38 -42 -49 -53 -54 0
-37 -38 -42 -49 -53 -51 0
-37 -38 -42 -49 -53 -52 0
-37 -38 -42 -49 -54 -51 0
-37 -38 -42 -49 -54 -52 0
-37 -38 -42 -49 -51 -52 0
-37 -38 -42 -50 -43 -44 0
-37 -38 -42 -50 -43 -53 0
-37 -38 -42 -50 -43 -54 0
-37 -38 -42 -50 -43 -51 0
-37 -38 -42 -50 -43 -52 0
-37 -38 -42 -50 -44 -53 0
-37 -38 -42 -50 -44 -54 0
-37 -38 -42 -50 -44 -51 0
-37 -38 -42 -50 -44 -52 0
-37 -38 -42 -50 -53 -54 0
-37 -38 -42 -50 -53 -51 0
-37 -38 -42 -50 -53 -52 0
-37 -38 -42 -50 -54 -51 0
-37 -38 -42 -50 -54 -52 0
-37 -38 -42 -50 -51 -52 0
-37 -38 -42 -43 -44 -53 0
-37 -38 -42 -43 -44 -54 0
-37 -38 -42 -43 -44 -51 0
-37 -38 -42 -43 -44 -52 0
-37 -38 -42 -43 -53 -54 0
-37 -38 -42 -43 -53 -51 0
-37 -38 -42 -43 -53 -52 0
-37 -38 -42 -43 -54 -51 0
-37 -38 -42 -43 -54 -52 0
-37 -38 -42 -43 -51 -52 0
-37 -38 -42 -44 -53 -54 0
-37 -38 -42 -44 -53 -51 0
-37 -38 -42 -44 -53 -52 0
-37 -38 -42 -44 -54 -51 0
-37 -38 -42 -44 -54 -52 0
-37 -38 -42 -44 -51 -52 0
-37 -38 -42 -53 -54 -51 0
-37 -38 -42 -53 -54 -52 0
-37 -38 -42 -53 -51 -52 0
-37 -38 -42 -54 -51 -52 0
-37 -38 -45 -46 -47 -48 0
-37 -38 -45 -46 -47 -49 0
-37 -38 -45 -46 -47 -50 0
-37 -38 -45 -46 -47 -43 0
-37 -38 -45 -46 -47 -44 0
-37 -38 -45 -46 -47 -53 0
-37 -38 -45 -46 -47 -54 0
-37 -38 -45 -46 -47 -51 0
-37 -38 -45 -46 -47 -52 0
-37 -38 -45 -46 -48 -49 0
-37 -38 -45 -46 -48 -50 0
-37 -38 -45 -46 -48 -43 0
-37 -38 -45 -46 -48 -44 0
-37 -38 -45 -46 -48 -53 0
-37 -38 -45 -46 -48 -54 0
-37 -38 -45 -46 -48 -51 0
-37 -38 -45 -46 -48 -52 0
-37 -38 -45 -46 -49 -50 0
-37 -38 -45 -46 -49 -43 0
-37 -38 -45 -46 -49 -44 0
-37 -38 -45 -46 -49 -53 0
-37 -38 -45 -46 -49 -54 0
-37 -38 -45 -46 -49 -51 0
-37 -38 -45 -46 -49 -52 0
-37 -38 -45 -46 -50 -43 0
-37 -38 -45 -46 -50 -44 0
-37 -38 -45 -46 -50 -53 0
-37 -38 -45 -46 -50 -54 0
-37 -38 -45 -46 -50 -51 0
-37 -38 -45 -46 -50 -52 0
-37 -38 -45 -46 -43 -44 0
-37 -38 -45 -46 -43 -53 0
-37 -38 -45 -46 -43 -54 0
-37 -38 -45 -46 -43 -51 0
-37 -38 -45 -46 -43 -52 0
-37 -38 -45 -46 -44 -53 0
-37 -38 -45 -46 -44 -54 0
-37 -38 -45 -46 -44 -51 0
-37 -38 -45 -46 -44 -52 0
-37 -38 -45 -46 -53 -54 0
-37 -38 -45 -46 -53 -51 0
-37 -38 -45 -46 -53 -52 0
-37 -38 -45 -46 -54 -51 0
-37 -38 -45 -46 -54 -52 0
-37 -38 -45 -46 -51 -52 0
-37 -38 -45 -47 -48 -49 0
-37 -38 -45 -47 -48 -50 0
-37 -38 -45 -47 -48 -43 0
-37 -38 -45 -47 -48 -44 0
-37 -38 -45 -47 -48 -53 0
-37 -38 -45 -47 -48 -54 0
-37 -38 -45 -47 -48 -51 0
-37 -38 -45 -47 -48 -52 0
-37 -38 -45 -47 -49 -50 0
-37 -38 -45 -47 -49 -43 0
-37 -38 -45 -47 -49 -44 0
-37 -38 -45 -47 -49 -53 0
-37 -38 -45 -47 -49 -54 0
-37 -38 -45 -47 -49 -51 0
-37 -38 -45 -47 -49 -52 0
-37 -38 -45 -47 -50 -43 0
-37 -38 -45 -47 -50 -44 0
-37 -38 -45 -47 -50 -53 0
-37 -38 -45 -47 -50 -54 0
-37 -38 -45 -47 -50 -51 0
-37 -38 -45 -47 -50 -52 0
-37 -38 -45 -47 -43 -44 0
-37 -38 -45 -47 -43 -53 0
-37 -38 -45 -47 -43 -54 0
-37 -38 -45 -47 -43 -51 0
-37 -38 -45 -47 -43 -52 0
-37 -38 -45 -47 -44 -53 0
-37 -38 -45 -47 -44 -54 0
-37 -38 -45 -47 -44 -51 0
-37 -38 -45 -47 -44 -52 0
-37 -38 -45 -47 -53 -54 0
-37 -38 -45 -47 -53 -51 0
-37 -38 -45 -47 -53 -52 0
-37 -38 -45 -47 -54 -51 0
-37 -38 -45 -47 -54 -52 0
-37 -38 -45 -47 -51 -52 0
-37 -38 -45 -48 -49 -50 0
-37 -38 -45 -48 -49 -43 0
-37 -38 -45 -48 -49 -44 0
-37 -38 -45 -48 -49 -53 0
-37 -38 -45 -48 -49 -54 0
-37 -38 -45 -48 -49 -51 0
-37 -38 -45 -48 -49 -52 0
-37 -38 -45 -48 -50 -43 0
-37 -38 -45 -48 -50 -44 0
-37 -38 -45 -48 -50 -53 0
-37 -38 -45 -48 -50 -54 0
-37 -38 -45 -48 -50 -51 0
-37 -38 -45 -48 -50 -52 0
-37 -38 -45 -48 -43 -44 0
-37 -38 -45 -48 -43 -53 0
-37 -38 -45 -48 -43 -54 0
-37 -38 -45 -48 -43 -51 0
-37 -38 -45 -48 -43 -52 0
-37 -38 -45 -48 -44 -53 0
-37 -38 -45 -48 -44 -54 0
-37 -38 -45 -48 -44 -51 0
-37 -38 -45 -48 -44 -52 0
-37 -38 -45 -48 -53 -54 0
-37 -38 -45 -48 -53 -51 0
-37 -38 -45 -48 -53 -52 0
-37 -38 -45 -48 -54 -51 0
-37 -38 -45 -48 -54 -52 0
-37 -38 -45 -48 -51 -52 0
-37 -38 -45 -49 -50 -43 0
-37 -38 -45 -49 -50 -44 0
-37 -38 -45 -49 -50 -53 0
-37 -38 -45 -49 -50 -54 0
-37 -38 -45 -49 -50 -51 0
-37 -38 -45 -49 -50 -52 0
-37 -38 -45 -49 -43 -44 0
-37 -38 -45 -49 -43 -53 0
-37 -38 -45 -49 -43 -54 0
-37 -38 -45 -49 -43 -51 0
-37 -38 -45 -49 -43 -52 0
-37 -38 -45 -49 -44 -53 0
-37 -38 -45 -49 -44 -54 0
-37 -38 -45 -49 -44 -51 0
-37 -38 -45 -49 -44 -52 0
-37 -38 -45 -49 -53 -54 0
-37 -38 -45 -49 -53 -51 0
-37 -38 -45 -49 -53 -52 0
-37 -38 -45 -49 -54 -51 0
-37 -38 -45 -49 -54 -52 0
-37 -38 -45 -49 -51 -52 0
-37 -38 -45 -50 -43 -44 0
-37 -38 -45 -50 -43 -53 0
-37 -38 -45 -50 -43 -54 0
-37 -38 -45 -50 -43 -51 0
-37 -38 -45 -50 -43 -52 0
-37 -38 -45 -50 -44 -53 0
-37 -38 -45 -50 -44 -54 0
-37 -38 -45 -50 -44 -51 0
-37 -38 -45 -50 -44 -52 0
-37 -38 -45 -50 -53 -54 0
-37 -38 -45 -50 -53 -51 0
-37 -38 -45 -50 -53 -52 0
-37 -38 -45 -50 -54 -51 0
-37 -38 -45 -50 -54 -52 0
-37 -38 -45 -50 -51 -52 0
-37 -38 -45 -43 -44 -53 0
-37 -38 -45 -43 -44 -54 0
-37 -38 -45 -43 -44 -51 0
-37 -38 -45 -43 -44 -52 0
-37 -38 -45 -43 -53 -54 0
-37 -38 -45 -43 -53 -51 0
-37 -38 -45 -43 -53 -52 0
-37 -38 -45 -43 -54 -51 0
-37 -38 -45 -43 -54 -52 0
-37 -38 -45 -43 -51 -52 0
-37 -38 -45 -44 -53 -54 0
-37 -38 -45 -44 -53 -51 0
-37 -38 -45 -44 -53 -52 0
-37 -38 -45 -44 -54 -51 0
-37 -38 -45 -44 -54 -52 0
-37 -38 -45 -44 -51 -52 0
-37 -38 -45 -53 -54 -51 0
-37 -38 -45 -53 -54 -52 0
-37 -38 -45 -53 -51 -52 0
-37 -38 -45 -54 -51 -52 0
-37 -38 -46 -47 -48 -49 0
-37 -38 -46 -47 -48 -50 0
-37 -38 -46 -47 -48 -43 0
-37 -38 -46 -47 -48 -44 0
-37 -38 -46 -47 -48 -53 0
-37 -38 -46 -47 -48 -54 0
-37 -38 -46 -47 -48 -51 0
-37 -38 -46 -47 -48 -52 0
-37 -38 -46 -47 -49 -50 0
-37 -38 -46 -47 -49 -43 0
-37 -38 -46 -47 -49 -44 0
-37 -38 -46 -47 -49 -53 0
-37 -38 -46 -47 -49 -54 0
-37 -38 -46 -47 -49 -51 0
-37 -38 -46 -47 -49 -52 0
-37 -38 -46 -47 -50 -43 0
-37 -38 -46 -47 -50 -44 0
-37 -38 -46 -47 -50 -53 0
-37 -38 -46 -47 -50 -54 0
-37 -38 -46 -47 -50 -51 0
-37 -38 -46 -47 -50 -52 0
-37 -38 -46 -47 -43 -44 0
-37 -38 -46 -47 -43 -53 0
-37 -38 -46 -47 -43 -54 0
-37 -38 -46 -47 -43 -51 0
-37 -38 -46 -47 -43 -52 0
-37 -38 -46 -47 -44 -53 0
-37 -38 -46 -47 -44 -54 0
-37 -38 -46 -47 -44 -51 0
-37 -38 -46 -47 -44 -52 0
-37 -38 -46 -47 -53 -54 0
-37 -38 -46 -47 -53 -51 0
-37 -38 -46 -47 -53 -52 0
-37 -38 -46 -47 -54 -51 0
-37 -38 -46 -47 -54 -52 0
-37 -38 -46 -47 -51 -52 0
-37 -38 -46 -48 -49 -50 0
-37 -38 -46 -48 -49 -43 0
-37 -38 -46 -48 -49 -44 0
-37 -38 -46 -48 -49 -53 0
-37 -38 -46 -48 -49 -54 0
-37 -38 -46 -48 -49 -51 0
-37 -38 -46 -48 -49 -52 0
-37 -38 -46 -48 -50 -43 0
-37 -38 -46 -48 -50 -44 0
-37 -38 -46 -48 -50 -53 0
-37 -38 -46 -48 -50 -54 0
-37 -38 -46 -48 -50 -51 0
-37 -38 -46 -48 -50 -52 0
-37 -38 -46 -48 -43 -44 0
-37 -38 -46 -48 -43 -53 0
-37 -38 -46 -48 -43 -54 0
-37 -38 -46 -48 -43 -51 0
-37 -38 -46 -48 -43 -52 0
-37 -38 -46 -48 -44 -53 0
-37 -38 -46 -48 -44 -54 0
-37 -38 -46 -48 -44 -51 0
-37 -38 -46 -48 -44 -52 0
-37 -38 -46 -48 -53 -54 0
-37 -38 -46 -48 -53 -51 0
-37 -38 -46 -48 -53 -52 0
-37 -38 -46 -48 -54 -51 0
-37 -38 -46 -48 -54 -52 0
-37 -38 -46 -48 -51 -52 0
-37 -38 -46 -49 -50 -43 0
-37 -38 -46 -49 -50 -44 0
-37 -38 -46 -49 -50 -53 0
-37 -38 -46 -49 -50 -54 0
-37 -38 -46 -49 -50 -51 0
-37 -38 -46 -49 -50 -52 0
-37 -38 -46 -49 -43 -44 0
-37 -38 -46 -49 -43 -53 0
-37 -38 -46 -49 -43 -54 0
-37 -38 -46 -49 -43 -51 0
-37 -38 -46 -49 -43 -52 0
-37 -38 -46 -49 -44 -53 0
-37 -38 -46 -49 -44 -54 0
-37 -38 -46 -49 -44 -51 0
-37 -38 -46 -49 -44 -52 0
-37 -38 -46 -49 -53 -54 0
-37 -38 -46 -49 -53 -51 0
-37 -38 -46 -49 -53 -52 0
-37 -38 -46 -49 -54 -51 0
-37 -38 -46 -49 -54 -52 0
-37 -38 -46 -49 -51 -52 0
-37 -38 -46 -50 -43 -44 0
-37 -38 -46 -50 -43 -53 0
-37 -38 -46 -50 -43 -54 0
-37 -38 -46 -50 -43 -51 0
-37 -38 -46 -50 -43 -52 0
-37 -38 -46 -50 -44 -53 0
-37 -38 -46 -50 -44 -54 0
-37 -38 -46 -50 -44 -51 0
-37 -38 -46 -50 -44 -52 0
-37 -38 -46 -50 -53 -54 0
-37 -38 -46 -50 -53 -51 0
-37 -38 -46 -50 -53 -52 0
-37 -38 -46 -50 -54 -51 0
-37 -38 -46 -50 -54 -52 0
-37 -38 -46 -50 -51 -52 0
-37 -38 -46 -43 -44 -53 0
-37 -38 -46 -43 -44 -54 0
-37 -38 -46 -43 -44 -51 0
-37 -38 -46 -43 -44 -52 0
-37 -38 -46 -43 -53 -54 0
-37 -38 -46 -43 -53 -51 0
-37 -38 -46 -43 -53 -52 0
-37 -38 -46 -43 -54 -51 0
-37 -38 -46 -43 -54 -52 0
-37 -38 -46 -43 -51 -52 0
-37 -38 -46 -44 -53 -54 0
-37 -38 -46 -44 -53 -51 0
-37 -38 -46 -44 -53 -52 0
-37 -38 -46 -44 -54 -51 0
-37 -38 -46 -44 -54 -52 0
-37 -38 -46 -44 -51 -52 0
-37 -38 -46 -53 -54 -51 0
-37 -38 -46 -53 -54 -52 0
-37 -38 -46 -53 -51 -52 0
-37 -38 -46 -54 -51 -52 0
-37 -38 -47 -48 -49 -50 0
-37 -38 -47 -48 -49 -43 0
-37 -38 -47 -48 -49 -44 0
-37 -38 -47 -48 -49 -53 0
-37 -38 -47 -48 -49 -54 0
-37 -38 -47 -48 -49 -51 0
-37 -38 -47 -48 -49 -52 0
-37 -38 -47 -48 -50 -43 0
-37 -38 -47 -48 -50 -44 0
-37 -38 -47 -48 -50 -53 0
-37 -38 -47 -48 -50 -54 0
-37 -38 -47 -48 -50 -51 0
-37 -38 -47 -48 -50 -52 0
-37 -38 -47 -48 -43 -44 0
-37 -38 -47 -48 -43 -53 0
-37 -38 -47 -48 -43 -54 0
-37 -38 -47 -48 -43 -51 0
-37 -38 -47 -48 -43 -52 0
-37 -38 -47 -48 -44 -53 0
-37 -38 -47 -48 -44 -54 0
-37 -38 -47 -48 -44 -51 0
-37 -38 -47 -48 -44 -52 0
-37 -38 -47 -48 -53 -54 0
-37 -38 -47 -48 -53 -51 0
-37 -38 -47 -48 -53 -52 0
-37 -38 -47 -48 -54 -51 0
-37 -38 -47 -48 -54 -52 0
-37 -38 -47 -48 -51 -52 0
-37 -38 -47 -49 -50 -43 0
-37 -38 -47 -49 -50 -44 0
-37 -38 -47 -49 -50 -53 0
-37 -38 -47 -49 -50 -54 0
-37 -38 -47 -49 -50 -51 0
-37 -38 -47 -49 -50 -52 0
-37 -38 -47 -49 -43 -44 0
-37 -38 -47 -49 -43 -53 0
-37 -38 -47 -49 -43 -54 0
-37 -38 -47 -49 -43 -51 0
-37 -38 -47 -49 -43 -52 0
-37 -38 -47 -49 -44 -53 0
-37 -38 -47 -49 -44 -54 0
-37 -38 -47 -49 -44 -51 0
-37 -38 -47 -49 -44 -52 0
-37 -38 -47 -49 -53 -54 0
-37 -38 -47 -49 -53 -51 0
-37 -38 -47 -49 -53 -52 0
-37 -38 -47 -49 -54 -51 0
-37 -38 -47 -49 -54 -52 0
-37 -38 -47 -49 -51 -52 0
-37 -38 -47 -50 -43 -44 0
-37 -38 -47 -50 -43 -53 0
-37 -38 -47 -50 -43 -54 0
-37 -38 -47 -50 -43 -51 0
-37 -38 -47 -50 -43 -52 0
-37 -38 -47 -50 -44 -53 0
-37 -38 -47 -50 -44 -54 0
-37 -38 -47 -50 -44 -51 0
-37 -38 -47 -50 -44 -52 0
-37 -38 -47 -50 -53 -54 0
-37 -38 -47 -50 -53 -51 0
-37 -38 -47 -50 -53 -52 0
-37 -38 -47 -50 -54 -51 0
-37 -38 -47 -50 -54 -52 0
-37 -38 -47 -50 -51 -52 0
-37 -38 -47 -43 -44 -53 0
-37 -38 -47 -43 -44 -54 0
-37 -38 -47 -43 -44 -51 0
-37 -38 -47 -43 -44 -52 0
-37 -38 -47 -43 -53 -54 0
-37 -38 -47 -43 -53 -51 0
-37 -38 -47 -43 -53 -52 0
-37 -38 -47 -43 -54 -51 0
-37 -38 -47 -43 -54 -52 0
-37 -38 -47 -43 -51 -52 0
-37 -38 -47 -44 -53 -54 0
-37 -38 -47 -44 -53 -51 0
-37 -38 -47 -44 -53 -52 0
-37 -38 -47 -44 -54 -51 0
-37 -38 -47 -44 -54 -52 0
-37 -38 -47 -44 -51 -52 0
-37 -38 -47 -53 -54 -51 0
-37 -38 -47 -53 -54 -52 0
-37 -38 -47 -53 -51 -52 0
-37 -38 -47 -54 -51 -52 0
-37 -38 -48 -49 -50 -43 0
-37 -38 -48 -49 -50 -44 0
-37 -38 -48 -49 -50 -53 0
-37 -38 -48 -49 -50 -54 0
-37 -38 -48 -49 -50 -51 0
-37 -38 -48 -49 -50 -52 0
-37 -38 -48 -49 -43 -44 0
-37 -38 -48 -49 -43 -53 0
-37 -38 -48 -49 -43 -54 0
-37 -38 -48 -49 -43 -51 0
-37 -38 -48 -49 -43 -52 0
-37 -38 -48 -49 -44 -53 0
-37 -38 -48 -49 -44 -54 0
-37 -38 -48 -49 -44 -51 0
-37 -38 -48 -49 -44 -52 0
-37 -38 -48 -49 -53 -54 0
-37 -38 -48 -49 -53 -51 0
-37 -38 -48 -49 -53 -52 0
-37 -38 -48 -49 -54 -51 0
-37 -38 -48 -49 -54 -52 0
-37 -38 -48 -49 -51 -52 0
-37 -38 -48 -50 -43 -44 0
-37 -38 -48 -50 -43 -53 0
-37 -38 -48 -50 -43 -54 0
-37 -38 -48 -50 -43 -51 0
-37 -38 -48 -50 -43 -52 0
-37 -38 -48 -50 -44 -53 0
-37 -38 -48 -50 -44 -54 0
-37 -38 -48 -50 -44 -51 0
-37 -38 -48 -50 -44 -52 0
-37 -38 -48 -50 -53 -54 0
-37 -38 -48 -50 -53 -51 0
-37 -38 -48 -50 -53 -52 0
-37 -38 -48 -50 -54 -51 0
-37 -38 -48 -50 -54 -52 0
-37 -38 -48 -50 -51 -52 0
-37 -38 -48 -43 -44 -53 0
-37 -38 -48 -43 -44 -54 0
-37 -38 -48 -43 -44 -51 0
-37 -38 -48 -43 -44 -52 0
-37 -38 -48 -43 -53 -54 0
-37 -38 -48 -43 -53 -51 0
-37 -38 -48 -43 -53 -52 0
-37 -38 -48 -43 -54 -51 0
-37 -38 -48 -43 -54 -52 0
-37 -38 -48 -43 -51 -52 0
-37 -38 -48 -44 -53 -54 0
-37 -38 -48 -44 -53 -51 0
-37 -38 -48 -44 -53 -52 0
-37 -38 -48 -44 -54 -51 0
-37 -38 -48 -44 -54 -52 0
-37 -38 -48 -44 -51 -52 0
-37 -38 -48 -53 -54 -51 0
-37 -38 -48 -53 -54 -52 0
-37 -38 -48 -53 -51 -52 0
-37 -38 -48 -54 -51 -52 0
-37 -38 -49 -50 -43 -44 0
-37 -38 -49 -50 -43 -53 0
-37 -38 -49 -50 -43 -54 0
-37 -38 -49 -50 -43 -51 0
-37 -38 -49 -50 -43 -52 0
-37 -38 -49 -50 -44 -53 0
-37 -38 -49 -50 -44 -54 0
-37 -38 -49 -50 -44 -51 0
-37 -38 -49 -50 -44 -52 0
-37 -38 -49 -50 -53 -54 0
-37 -38 -49 -50 -53 -51 0
-37 -38 -49 -50 -53 -52 0
-37 -38 -49 -50 -54 -51 0
-37 -38 -49 -50 -54 -52 0
-37 -38 -49 -50 -51 -52 0
-37 -38 -49 -43 -44 -53 0
-37 -38 -49 -43 -44 -54 0
-37 -38 -49 -43 -44 -51 0
-37 -38 -49 -43 -44 -52 0
-37 -38 -49 -43 -53 -54 0
-37 -38 -49 -43 -53 -51 0
-37 -38 -49 -43 -53 -52 0
-37 -38 -49 -43 -54 -51 0
-37 -38 -49 -43 -54 -52 0
-37 -38 -49 -43 -51 -52 0
-37 -38 -49 -44 -53 -54 0
-37 -38 -49 -44 -53 -51 0
-37 -38 -49 -44 -53 -52 0
-37 -38 -49 -44 -54 -51 0
-37 -38 -49 -44 -54 -52 0
-37 -38 -49 -44 -51 -52 0
-37 -38 -49 -53 -54 -51 0
-37 -38 -49 -53 -54 -52 0
-37 -38 -49 -53 -51 -52 0
-37 -38 -49 -54 -51 -52 0
-37 -38 -50 -43 -44 -53 0
-37 -38 -50 -43 -44 -54 0
-37 -38 -50 -43 -44 -51 0
-37 -38 -50 -43 -44 -52 0
-37 -38 -50 -43 -53 -54 0
-37 -38 -50 -43 -53 -51 0
-37 -38 -50 -43 -53 -52 0
-37 -38 -50 -43 -54 -51 0
-37 -38 -50 -43 -54 -52 0
-37 -38 -50 -43 -51 -52 0
-37 -38 -50 -44 -53 -54 0
-37 -38 -50 -44 -53 -51 0
-37 -38 -50 -44 -53 -52 0
-37 -38 -50 -44 -54 -51 0
-37 -38 -50 -44 -54 -52 0
-37 -38 -50 -44 -51 -52 0
-37 -38 -50 -53 -54 -51 0
-37 -38 -50 -53 -54 -52 0
-37 -38 -50 -53 -51 -52 0
-37 -38 -50 -54 -51 -52 0
-37 -38 -43 -44 -53 -54 0
-37 -38 -43 -44 -53 -51 0
-37 -38 -43 -44 -53 -52 0
-37 -38 -43 -44 -54 -51 0
-37 -38 -43 -44 -54 -52 0
-37 -38 -43 -44 -51 -52 0
-37 -38 -43 -53 -54 -51 0
-37 -38 -43 -53 -54 -52 0
-37 -38 -43 -53 -51 -52 0
-37 -38 -43 -54 -51 -52 0
-37 -38 -44 -53 -54 -51 0
-37 -38 -44 -53 -54 -52 0
-37 -38 -44 -53 -51 -52 0
-37 -38 -44 -54 -51 -52 0
-37 -38 -53 -54 -51 -52 0
-37 -39 -40 -41 -42 -45 0
-37 -39 -40 -41 -42 -46 0
-37 -39 -40 -41 -42 -47 0
-37 -39 -40 -41 -42 -48 0
-37 -39 -40 -41 -42 -49 0
-37 -39 -40 -41 -42 -50 0
-37 -39 -40 -41 -42 -43 0
-37 -39 -40 -41 -42 -44 0
-37 -39 -40 -41 -42 -53 0
-37 -39 -40 -41 -42 -54 0
-37 -39 -40 -41 -42 -51 0
-37 -39 -40 -41 -42 -52 0
-37 -39 -40 -41 -45 -46 0
-37 -39 -40 -41 -45 -47 0
-37 -39 -40 -41 -45 -48 0
-37 -39 -40 -41 -45 -49 0
-37 -39 -40 -41 -45 -50 0
-37 -39 -40 -41 -45 -43 0
-37 -39 -40 -41 -45 -44 0
-37 -39 -40 -41 -45 -53 0
-37 -39 -40 -41 -45 -54 0
-37 -39 -40 -41 -45 -51 0
-37 -39 -40 -41 -45 -52 0
-37 -39 -40 -41 -46 -47 0
-37 -39 -40 -41 -46 -48 0
-37 -39 -40 -41 -46 -49 0
-37 -39 -40 -41 -46 -50 0
-37 -39 -40 -41 -46 -43 0
-37 -39 -40 -41 -46 -44 0
-37 -39 -40 -41 -46 -53 0
-37 -39 -40 -41 -46 -54 0
-37 -39 -40 -41 -46 -51 0
-37 -39 -40 -41 -46 -52 0
-37 -39 -40 -41 -47 -48 0
-37 -39 -40 -41 -47 -49 0
-37 -39 -40 -41 -47 -50 0
-37 -39 -40 -41 -47 -43 0
-37 -39 -40 -41 -47 -44 0
-37 -39 -40 -41 -47 -53 0
-37 -39 -40 -41 -47 -54 0
-37 -39 -40 -41 -47 -51 0
-37 -39 -40 -41 -47 -52 0
-37 -39 -40 -41 -48 -49 0
-37 -39 -40 -41 -48 -50 0
-37 -39 -40 -41 -48 -43 0
-37 -39 -40 -41 -48 -44 0
-37 -39 -40 -41 -48 -53 0
-37 -39 -40 -41 -48 -54 0
-37 -39 -40 -41 -48 -51 0
-37 -39 -40 -41 -48 -52 0
-37 -39 -40 -41 -49 -50 0
-37 -39 -40 -41 -49 -43 0
-37 -39 -40 -41 -49 -44 0
-37 -39 -40 -41 -49 -53 0
-37 -39 -40 -41 -49 -54 0
-37 -39 -40 -41 -49 -51 0
-37 -39 -40 -41 -49 -52 0
-37 -39 -40 -41 -50 -43 0
-37 -39 -40 -41 -50 -44 0
-37 -39 -40 -41 -50 -53 0
-37 -39 -40 -41 -50 -54 0
-37 -39 -40 -41 -50 -51 0
-37 -39 -40 -41 -50 -52 0
-37 -39 -40 -41 -43 -44 0
-37 -39 -40 -41 -43 -53 0
-37 -39 -40 -41 -43 -54 0
-37 -39 -40 -41 -43 -51 0
-37 -39 -40 -41 -43 -52 0
-37 -39 -40 -41 -44 -53 0
-37 -39 -40 -41 -44 -54 0
-37 -39 -40 -41 -44 -51 0
-37 -39 -40 -41 -44 -52 0
-37 -39 -40 -41 -53 -54 0
-37 -39 -40 -41 -53 -51 0
-37 -39 -40 -41 -53 -52 0
-37 -39 -40 -41 -54 -51 0
-37 -39 -40 -41 -54 -52 0
-37 -39 -40 -41 -51 -52 0
-37 -39 -40 -42 -45 -46 0
-37 -39 -40 -42 -45 -47 0
-37 -39 -40 -42 -45 -48 0
-37 -39 -40 -42 -45 -49 0
-37 -39 -40 -42 -45 -50 0
-37 -39 -40 -42 -45 -43 0
-37 -39 -40 -42 -45 -44 0
-37 -39 -40 -42 -45 -53 0
-37 -39 -40 -42 -45 -54 0
-37 -39 -40 -42 -45 -51 0
-37 -39 -40 -42 -45 -52 0
-37 -39 -40 -42 -46 -47 0
-37 -39 -40 -42 -46 -48 0
-37 -39 -40 -42 -46 -49 0
-37 -39 -40 -42 -46 -50 0
-37 -39 -40 -42 -46 -43 0
-37 -39 -40 -42 -46 -44 0
-37 -39 -40 -42 -46 -53 0
-37 -39 -40 -42 -46 -54 0
-37 -39 -40 -42 -46 -51 0
-37 -39 -40 -42 -46 -52 0
-37 -39 -40 -42 -47 -48 0
-37 -39 -40 -42 -47 -49 0
-37 -39 -40 -42 -47 -50 0
-37 -39 -40 -42 -47 -43 0
-37 -39 -40 -42 -47 -44 0
-37 -39 -40 -42 -47 -53 0
-37 -39 -40 -42 -47 -54 0
-37 -39 -40 -42 -47 -51 0
-37 -39 -40 -42 -47 -52 0
-37 -39 -40 -42 -48 -49 0
-37 -39 -40 -42 -48 -50 0
-37 -39 -40 -42 -48 -43 0
-37 -39 -40 -42 -48 -44 0
-37 -39 -40 -42 -48 -53 0
-37 -39 -40 -42 -48 -54 0
-37 -39 -40 -42 -48 -51 0
-37 -39 -40 -42 -48 -52 0
-37 -39 -40 -42 -49 -50 0
-37 -39 -40 -42 -49 -43 0
-37 -39 -40 -42 -49 -44 0
-37 -39 -40 -42 -49 -53 0
-37 -39 -40 -42 -49 -54 0
-37 -39 -40 -42 -49 -51 0
-37 -39 -40 -42 -49 -52 0
-37 -39 -40 -42 -50 -43 0
-37 -39 -40 -42 -50 -44 0
-37 -39 -40 -42 -50 -53 0
-37 -39 -40 -42 -50 -54 0
-37 -39 -40 -42 -50 -51 0
-37 -39 -40 -42 -50 -52 0
-37 -39 -40 -42 -43 -44 0
-37 -39 -40 -42 -43 -53 0
-37 -39 -40 -42 -43 -54 0
-37 -39 -40 -42 -43 -51 0
-37 -39 -40 -42 -43 -52 0
-37 -39 -40 -42 -44 -53 0
-37 -39 -40 -42 -44 -54 0
-37 -39 -40 -42 -44 -51 0
-37 -39 -40 -42 -44 -52 0
-37 -39 -40 -42 -53 -54 0
-37 -39 -40 -42 -53 -51 0
-37 -39 -40 -42 -53 -52 0
-37 -39 -40 -42 -54 -51 0
-37 -39 -40 -42 -54 -52 0
-37 -39 -40 -42 -51 -52 0
-37 -39 -40 -45 -46 -47 0
-37 -39 -40 -45 -46 -48 0
-37 -39 -40 -45 -46 -49 0
-37 -39 -40 -45 -46 -50 0
-37 -39 -40 -45 -46 -43 0
-37 -39 -40 -45 -46 -44 0
-37 -39 -40 -45 -46 -53 0
-37 -39 -40 -45 -46 -54 0
-37 -39 -40 -45 -46 -51 0
-37 -39 -40 -45 -46 -52 0
-37 -39 -40 -45 -47 -48 0
-37 -39 -40 -45 -47 -49 0
-37 -39 -40 -45 -47 -50 0
-37 -39 -40 -45 -47 -43 0
-37 -39 -40 -45 -47 -44 0
-37 -39 -40 -45 -47 -53 0
-37 -39 -40 -45 -47 -54 0
-37 -39 -40 -45 -47 -51 0
-37 -39 -40 -45 -47 -52 0
-37 -39 -40 -45 -48 -49 0
-37 -39 -40 -45 -48 -50 0
-37 -39 -40 -45 -48 -43 0
-37 -39 -40 -45 -48 -44 0
-37 -39 -40 -45 -48 -53 0
-37 -39 -40 -45 -48 -54 0
-37 -39 -40 -45 -48 -51 0
-37 -39 -40 -45 -48 -52 0
-37 -39 -40 -45 -49 -50 0
-37 -39 -40 -45 -49 -43 0
-37 -39 -40 -45 -49 -44 0
-37 -39 -40 -45 -49 -53 0
-37 -39 -40 -45 -49 -54 0
-37 -39 -40 -45 -49 -51 0
-37 -39 -40 -45 -49 -52 0
-37 -39 -40 -45 -50 -43 0
-37 -39 -40 -45 -50 -44 0
-37 -39 -40 -45 -50 -53 0
-37 -39 -40 -45 -50 -54 0
-37 -39 -40 -45 -50 -51 0
-37 -39 -40 -45 -50 -52 0
-37 -39 -40 -45 -43 -44 0
-37 -39 -40 -45 -43 -53 0
-37 -39 -40 -45 -43 -54 0
-37 -39 -40 -45 -43 -51 0
-37 -39 -40 -45 -43 -52 0
-37 -39 -40 -45 -44 -53 0
-37 -39 -40 -45 -44 -54 0
-37 -39 -40 -45 -44 -51 0
-37 -39 -40 -45 -44 -52 0
-37 -39 -40 -45 -53 -54 0
-37 -39 -40 -45 -53 -51 0
-37 -39 -40 -45 -53 -52 0
-37 -39 -40 -45 -54 -51 0
-37 -39 -40 -45 -54 -52 0
-37 -39 -40 -45 -51 -52 0
-37 -39 -40 -46 -47 -48 0
-37 -39 -40 -46 -47 -49 0
-37 -39 -40 -46 -47 -50 0
-37 -39 -40 -46 -47 -43 0
-37 -39 -40 -46 -47 -44 0
-37 -39 -40 -46 -47 -53 0
-37 -39 -40 -46 -47 -54 0
-37 -39 -40 -46 -47 -51 0
-37 -39 -40 -46 -47 -52 0
-37 -39 -40 -46 -48 -49 0
-37 -39 -40 -46 -48 -50 0
-37 -39 -40 -46 -48 -43 0
-37 -39 -40 -46 -48 -44 0
-37 -39 -40 -46 -48 -53 0
-37 -39 -40 -46 -48 -54 0
-37 -39 -40 -46 -48 -51 0
-37 -39 -40 -46 -48 -52 0
-37 -39 -40 -46 -49 -50 0
-37 -39 -40 -46 -49 -43 0
-37 -39 -40 -46 -49 -44 0
-37 -39 -40 -46 -49 -53 0
-37 -39 -40 -46 -49 -54 0
-37 -39 -40 -46 -49 -51 0
-37 -39 -40 -46 -49 -52 0
-37 -39 -40 -46 -50 -43 0
-37 -39 -40 -46 -50 -44 0
-37 -39 -40 -46 -50 -53 0
-37 -39 -40 -46 -50 -54 0
-37 -39 -40 -46 -50 -51 0
-37 -39 -40 -46 -50 -52 0
-37 -39 -40 -46 -43 -44 0
-37 -39 -40 -46 -43 -53 0
-37 -39 -40 -46 -43 -54 0
-37 -39 -40 -46 -43 -51 0
-37 -39 -40 -46 -43 -52 0
-37 -39 -40 -46 -44 -53 0
-37 -39 -40 -46 -44 -54 0
-37 -39 -40 -46 -44 -51 0
-37 -39 -40 -46 -44 -52 0
-37 -39 -40 -46 -53 -54 0
-37 -39 -40 -46 -53 -51 0
-37 -39 -40 -46 -53 -52 0
-37 -39 -40 -46 -54 -51 0
-37 -39 -40 -46 -54 -52 0
-37 -39 -40 -46 -51 -52 0
-37 -39 -40 -47 -48 -49 0
-37 -39 -40 -47 -48 -50 0
-37 -39 -40 -47 -48 -43 0
-37 -39 -40 -47 -48 -44 0
-37 -39 -40 -47 -48 -53 0
-37 -39 -40 -47 -48 -54 0
-37 -39 -40 -47 -48 -51 0
-37 -39 -40 -47 -48 -52 0
-37 -39 -40 -47 -49 -50 0
-37 -39 -40 -47 -49 -43 0
-37 -39 -40 -47 -49 -44 0
-37 -39 -40 -47 -49 -53 0
-37 -39 -40 -47 -49 -54 0
-37 -39 -40 -47 -49 -51 0
-37 -39 -40 -47 -49 -52 0
-37 -39 -40 -47 -50 -43 0
-37 -39 -40 -47 -50 -44 0
-37 -39 -40 -47 -50 -53 0
-37 -39 -40 -47 -50 -54 0
-37 -39 -40 -47 -50 -51 0
-37 -39 -40 -47 -50 -52 0
-37 -39 -40 -47 -43 -44 0
-37 -39 -40 -47 -43 -53 0
-37 -39 -40 -47 -43 -54 0
-37 -39 -40 -47 -43 -51 0
-37 -39 -40 -47 -43 -52 0
-37 -39 -40 -47 -44 -53 0
-37 -39 -40 -47 -44 -54 0
-37 -39 -40 -47 -44 -51 0
-37 -39 -40 -47 -44 -52 0
-37 -39 -40 -47 -53 -54 0
-37 -39 -40 -47 -53 -51 0
-37 -39 -40 -47 -53 -52 0
-37 -39 -40 -47 -54 -51 0
-37 -39 -40 -47 -54 -52 0
-37 -39 -40 -47 -51 -52 0
-37 -39 -40 -48 -49 -50 0
-37 -39 -40 -48 -49 -43 0
-37 -39 -40 -48 -49 -44 0
-37 -39 -40 -48 -49 -53 0
-37 -39 -40 -48 -49 -54 0
-37 -39 -40 -48 -49 -51 0
-37 -39 -40 -48 -49 -52 0
-37 -39 -40 -48 -50 -43 0
-37 -39 -40 -48 -50 -44 0
-37 -39 -40 -48 -50 -53 0
-37 -39 -40 -48 -50 -54 0
-37 -39 -40 -48 -50 -51 0
-37 -39 -40 -48 -50 -52 0
-37 -39 -40 -48 -43 -44 0
-37 -39 -40 -48 -43 -53 0
-37 -39 -40 -48 -43 -54 0
-37 -39 -40 -48 -43 -51 0
-37 -39 -40 -48 -43 -52 0
-37 -39 -40 -48 -44 -53 0
-37 -39 -40 -48 -44 -54 0
-37 -39 -40 -48 -44 -51 0
-37 -39 -40 -48 -44 -52 0
-37 -39 -40 -48 -53 -54 0
-37 -39 -40 -48 -53 -51 0
-37 -39 -40 -48 -53 -52 0
-37 -39 -40 -48 -54 -51 0
-37 -39 -40 -48 -54 -52 0
-37 -39 -40 -48 -51 -52 0
-37 -39 -40 -49 -50 -43 0
-37 -39 -40 -49 -50 -44 0
-37 -39 -40 -49 -50 -53 0
-37 -39 -40 -49 -50 -54 0
-37 -39 -40 -49 -50 -51 0
-37 -39 -40 -49 -50 -52 0
-37 -39 -40 -49 -43 -44 0
-37 -39 -40 -49 -43 -53 0
-37 -39 -40 -49 -43 -54 0
-37 -39 -40 -49 -43 -51 0
-37 -39 -40 -49 -43 -52 0
-37 -39 -40 -49 -44 -53 0
-37 -39 -40 -49 -44 -54 0
-37 -39 -40 -49 -44 -51 0
-37 -39 -40 -49 -44 -52 0
-37 -39 -40 -49 -53 -54 0
-37 -39 -40 -49 -53 -51 0
-37 -39 -40 -49 -53 -52 0
-37 -39 -40 -49 -54 -51 0
-37 -39 -40 -49 -54 -52 0
-37 -39 -40 -49 -51 -52 0
-37 -39 -40 -50 -43 -44 0
-37 -39 -40 -50 -43 -53 0
-37 -39 -40 -50 -43 -54 0
-37 -39 -40 -50 -43 -51 0
-37 -39 -40 -50 -43 -52 0
-37 -39 -40 -50 -44 -53 0
-37 -39 -40 -50 -44 -54 0
-37 -39 -40 -50 -44 -51 0
-37 -39 -40 -50 -44 -52 0
-37 -39 -40 -50 -53 -54 0
-37 -39 -40 -50 -53 -51 0
-37 -39 -40 -50 -53 -52 0
-37 -39 -40 -50 -54 -51 0
-37 -39 -40 -50 -54 -52 0
-37 -39 -40 -50 -51 -52 0
-37 -39 -40 -43 -44 -53 0
-37 -39 -40 -43 -44 -54 0
-37 -39 -40 -43 -44 -51 0
-37 -39 -40 -43 -44 -52 0
-37 -39 -40 -43 -53 -54 0
-37 -39 -40 -43 -53 -51 0
-37 -39 -40 -43 -53 -52 0
-37 -39 -40 -43 -54 -51 0
-37 -39 -40 -43 -54 -52 0
-37 -39 -40 -43 -51 -52 0
-37 -39 -40 -44 -53 -54 0
-37 -39 -40 -44 -53 -51 0
-37 -39 -40 -44 -53 -52 0
-37 -39 -40 -44 -54 -51 0
-37 -39 -40 -44 -54 -52 0
-37 -39 -40 -44 -51 -52 0
-37 -39 -40 -53 -54 -51 0
-37 -39 -40 -53 -54 -52 0
-37 -39 -40 -53 -51 -52 0
-37 -39 -40 -54 -51 -52 0
-37 -39 -41 -42 -45 -46 0
-37 -39 -41 -42 -45 -47 0
-37 -39 -41 -42 -45 -48 0
-37 -39 -41 -42 -45 -49 0
-37 -39 -41 -42 -45 -50 0
-37 -39 -41 -42 -45 -43 0
-37 -39 -41 -42 -45 -44 0
-37 -39 -41 -42 -45 -53 0
-37 -39 -41 -42 -45 -54 0
-37 -39 -41 -42 -45 -51 0
-37 -39 -41 -42 -45 -52 0
-37 -39 -41 -42 -46 -47 0
-37 -39 -41 -42 -46 -48 0
-37 -39 -41 -42 -46 -49 0
-37 -39 -41 -42 -46 -50 0
-37 -39 -41 -42 -46 -43 0
-37 -39 -41 -42 -46 -44 0
-37 -39 -41 -42 -46 -53 0
-37 -39 -41 -42 -46 -54 0
-37 -39 -41 -42 -46 -51 0
-37 -39 -41 -42 -46 -52 0
-37 -39 -41 -42 -47 -48 0
-37 -39 -41 -42 -47 -49 0
-37 -39 -41 -42 -47 -50 0
-37 -39 -41 -42 -47 -43 0
-37 -39 -41 -42 -47 -44 0
-37 -39 -41 -42 -47 -53 0
-37 -39 -41 -42 -47 -54 0
-37 -39 -41 -42 -47 -51 0
-37 -39 -41 -42 -47 -52 0
-37 -39 -41 -42 -48 -49 0
-37 -39 -41 -42 -48 -50 0
-37 -39 -41 -42 -48 -43 0
-37 -39 -41 -42 -48 -44 0
-37 -39 -41 -42 -48 -53 0
-37 -39 -41 -42 -48 -54 0
-37 -39 -41 -42 -48 -51 0
-37 -39 -41 -42 -48 -52 0
-37 -39 -41 -42 -49 -50 0
-37 -39 -41 -42 -49 -43 0
-37 -39 -41 -42 -49 -44 0
-37 -39 -41 -42 -49 -53 0
-37 -39 -41 -42 -49 -54 0
-37 -39 -41 -42 -49 -51 0
-37 -39 -41 -42 -49 -52 0
-37 -39 -41 -42 -50 -43 0
-37 -39 -41 -42 -50 -44 0
-37 -39 -41 -42 -50 -53 0
-37 -39 -41 -42 -50 -54 0
-37 -39 -41 -42 -50 -51 0
-37 -39 -41 -42 -50 -52 0
-37 -39 -41 -42 -43 -44 0
-37 -39 -41 -42 -43 -53 0
-37 -39 -41 -42 -43 -54 0
-37 -39 -41 -42 -43 -51 0
-37 -39 -41 -42 -43 -52 0
-37 -39 -41 -42 -44 -53 0
-37 -39 -41 -42 -44 -54 0
-37 -39 -41 -42 -44 -51 0
-37 -39 -41 -42 -44 -52 0
-37 -39 -41 -42 -53 -54 0
-37 -39 -41 -42 -53 -51 0
-37 -39 -41 -42 -53 -52 0
-37 -39 -41 -42 -54 -51 0
-37 -39 -41 -42 -54 -52 0
-37 -39 -41 -42 -51 -52 0
-37 -39 -41 -45 -46 -47 0
-37 -39 -41 -45 -46 -48 0
-37 -39 -41 -45 -46 -49 0
-37 -39 -41 -45 -46 -50 0
-37 -39 -41 -45 -46 -43 0
-37 -39 -41 -45 -46 -44 0
-37 -39 -41 -45 -46 -53 0
-37 -39 -41 -45 -46 -54 0
-37 -39 -41 -45 -46 -51 0
-37 -39 -41 -45 -46 -52 0
-37 -39 -41 -45 -47 -48 0
-37 -39 -41 -45 -47 -49 0
-37 -39 -41 -45 -47 -50 0
-37 -39 -41 -45 -47 -43 0
-37 -39 -41 -45 -47 -44 0
-37 -39 -41 -45 -47 -53 0
-37 -39 -41 -45 -47 -54 0
-37 -39 -41 -45 -47 -51 0
-37 -39 -41 -45 -47 -52 0
-37 -39 -41 -45 -48 -49 0
-37 -39 -41 -45 -48 -50 0
-37 -39 -41 -45 -48 -43 0
-37 -39 -41 -45 -48 -44 0
-37 -39 -41 -45 -48 -53 0
-37 -39 -41 -45 -48 -54 0
-37 -39 -41 -45 -48 -51 0
-37 -39 -41 -45 -48 -52 0
-37 -39 -41 -45 -49 -50 0
-37 -39 -41 -45 -49 -43 0
-37 -39 -41 -45 -49 -44 0
-37 -39 -41 -45 -49 -53 0
-37 -39 -41 -45 -49 -54 0
-37 -39 -41 -45 -49 -51 0
-37 -39 -41 -45 -49 -52 0
-37 -39 -41 -45 -50 -43 0
-37 -39 -41 -45 -50 -44 0
-37 -39 -41 -45 -50 -53 0
-37 -39 -41 -45 -50 -54 0
-37 -39 -41 -45 -50 -51 0
-37 -39 -41 -45 -50 -52 0
-37 -39 -41 -45 -43 -44 0
-37 -39 -41 -45 -43 -53 0
-37 -39 -41 -45 -43 -54 0
-37 -39 -41 -45 -43 -51 0
-37 -39 -41 -45 -43 -52 0
-37 -39 -41 -45 -44 -53 0
-37 -39 -41 -45 -44 -54 0
-37 -39 -41 -45 -44 -51 0
-37 -39 -41 -45 -44 -52 0
-37 -39 -41 -45 -53 -54 0
-37 -39 -41 -45 -53 -51 0
-37 -39 -41 -45 -53 -52 0
-37 -39 -41 -45 -54 -51 0
-37 -39 -41 -45 -54 -52 0
-37 -39 -41 -45 -51 -52 0
-37 -39 -41 -46 -47 -48 0
-37 -39 -41 -46 -47 -49 0
-37 -39 -41 -46 -47 -50 0
-37 -39 -41 -46 -47 -43 0
-37 -39 -41 -46 -47 -44 0
-37 -39 -41 -46 -47 -53 0
-37 -39 -41 -46 -47 -54 0
-37 -39 -41 -46 -47 -51 0
-37 -39 -41 -46 -47 -52 0
-37 -39 -41 -46 -48 -49 0
-37 -39 -41 -46 -48 -50 0
-37 -39 -41 -46 -48 -43 0
-37 -39 -41 -46 -48 -44 0
-37 -39 -41 -46 -48 -53 0
-37 -39 -41 -46 -48 -54 0
-37 -39 -41 -46 -48 -51 0
-37 -39 -41 -46 -48 -52 0
-37 -39 -41 -46 -49 -50 0
-37 -39 -41 -46 -49 -43 0
-37 -39 -41 -46 -49 -44 0
-37 -39 -41 -46 -49 -53 0
-37 -39 -41 -46 -49 -54 0
-37 -39 -41 -46 -49 -51 0
-37 -39 -41 -46 -49 -52 0
-37 -39 -41 -46 -50 -43 0
-37 -39 -41 -46 -50 -44 0
-37 -39 -41 -46 -50 -53 0
-37 -39 -41 -46 -50 -54 0
-37 -39 -41 -46 -50 -51 0
-37 -39 -41 -46 -50 -52 0
-37 -39 -41 -46 -43 -44 0
-37 -39 -41 -46 -43 -53 0
-37 -39 -41 -46 -43 -54 0
-37 -39 -41 -46 -43 -51 0
-37 -39 -41 -46 -43 -52 0
-37 -39 -41 -46 -44 -53 0
-37 -39 -41 -46 -44 -54 0
-37 -39 -41 -46 -44 -51 0
-37 -39 -41 -46 -44 -52 0
-37 -39 -41 -46 -53 -54 0
-37 -39 -41 -46 -53 -51 0
-37 -39 -41 -46 -53 -52 0
-37 -39 -41 -46 -54 -51 0
-37 -39 -41 -46 -54 -52 0
-37 -39 -41 -46 -51 -52 0
-37 -39 -41 -47 -48 -49 0
-37 -39 -41 -47 -48 -50 0
-37 -39 -41 -47 -48 -43 0
-37 -39 -41 -47 -48 -44 0
-37 -39 -41 -47 -48 -53 0
-37 -39 -41 -47 -48 -54 0
-37 -39 -41 -47 -48 -51 0
-37 -39 -41 -47 -48 -52 0
-37 -39 -41 -47 -49 -50 0
-37 -39 -41 -47 -49 -43 0
-37 -39 -41 -47 -49 -44 0
-37 -39 -41 -47 -49 -53 0
-37 -39 -41 -47 -49 -54 0
-37 -39 -41 -47 -49 -51 0
-37 -39 -41 -47 -49 -52 0
-37 -39 -41 -47 -50 -43 0
-37 -39 -41 -47 -50 -44 0
-37 -39 -41 -47 -50 -53 0
-37 -39 -41 -47 -50 -54 0
-37 -39 -41 -47 -50 -51 0
-37 -39 -41 -47 -50 -52 0
-37 -39 -41 -47 -43 -44 0
-37 -39 -41 -47 -43 -53 0
-37 -39 -41 -47 -43 -54 0
-37 -39 -41 -47 -43 -51 0
-37 -39 -41 -47 -43 -52 0
-37 -39 -41 -47 -44 -53 0
-37 -39 -41 -47 -44 -54 0
-37 -39 -41 -47 -44 -51 0
-37 -39 -41 -47 -44 -52 0
-37 -39 -41 -47 -53 -54 0
-37 -39 -41 -47 -53 -51 0
-37 -39 -41 -47 -53 -52 0
-37 -39 -41 -47 -54 -51 0
-37 -39 -41 -47 -54 -52 0
-37 -39 -41 -47 -51 -52 0
-37 -39 -41 -48 -49 -50 0
-37 -39 -41 -48 -49 -43 0
-37 -39 -41 -48 -49 -44 0
-37 -39 -41 -48 -49 -53 0
-37 -39 -41 -48 -49 -54 0
-37 -39 -41 -48 -49 -51 0
-37 -39 -41 -48 -49 -52 0
-37 -39 -41 -48 -50 -43 0
-37 -39 -41 -48 -50 -44 0
-37 -39 -41 -48 -50 -53 0
-37 -39 -41 -48 -50 -54 0
-37 -39 -41 -48 -50 -51 0
-37 -39 -41 -48 -50 -52 0
-37 -39 -41 -48 -43 -44 0
-37 -39 -41 -48 -43 -53 0
-37 -39 -41 -48 -43 -54 0
-37 -39 -41 -48 -43 -51 0
-37 -39 -41 -48 -43 -52 0
-37 -39 -41 -48 -44 -53 0
-37 -39 -41 -48 -44 -54 0
-37 -39 -41 -48 -44 -51 0
-37 -39 -41 -48 -44 -52 0
-37 -39 -41 -48 -53 -54 0
-37 -39 -41 -48 -53 -51 0
-37 -39 -41 -48 -53 -52 0
-37 -39 -41 -48 -54 -51 0
-37 -39 -41 -48 -54 -52 0
-37 -39 -41 -48 -51 -52 0
-37 -39 -41 -49 -50 -43 0
-37 -39 -41 -49 -50 -44 0
-37 -39 -41 -49 -50 -53 0
-37 -39 -41 -49 -50 -54 0
-37 -39 -41 -49 -50 -51 0
-37 -39 -41 -49 -50 -52 0
-37 -39 -41 -49 -43 -44 0
-37 -39 -41 -49 -43 -53 0
-37 -39 -41 -49 -43 -54 0
-37 -39 -41 -49 -43 -51 0
-37 -39 -41 -49 -43 -52 0
-37 -39 -41 -49 -44 -53 0
-37 -39 -41 -49 -44 -54 0
-37 -39 -41 -49 -44 -51 0
-37 -39 -41 -49 -44 -52 0
-37 -39 -41 -49 -53 -54 0
-37 -39 -41 -49 -53 -51 0
-37 -39 -41 -49 -53 -52 0
-37 -39 -41 -49 -54 -51 0
-37 -39 -41 -49 -54 -52 0
-37 -39 -41 -49 -51 -52 0
-37 -39 -41 -50 -43 -44 0
-37 -39 -41 -50 -43 -53 0
-37 -39 -41 -50 -43 -54 0
-37 -39 -41 -50 -43 -51 0
-37 -39 -41 -50 -43 -52 0
-37 -39 -41 -50 -44 -53 0
-37 -39 -41 -50 -44 -54 0
-37 -39 -41 -50 -44 -51 0
-37 -39 -41 -50 -44 -52 0
-37 -39 -41 -50 -53 -54 0
-37 -39 -41 -50 -53 -51 0
-37 -39 -41 -50 -53 -52 0
-37 -39 -41 -50 -54 -51 0
-37 -39 -41 -50 -54 -52 0
-37 -39 -41 -50 -51 -52 0
-37 -39 -41 -43 -44 -53 0
-37 -39 -41 -43 -44 -54 0
-37 -39 -41 -43 -44 -51 0
-37 -39 -41 -43 -44 -52 0
-37 -39 -41 -43 -53 -54 0
-37 -39 -41 -43 -53 -51 0
-37 -39 -41 -43 -53 -52 0
-37 -39 -41 -43 -54 -51 0
-37 -39 -41 -43 -54 -52 0
-37 -39 -41 -43 -51 -52 0
-37 -39 -41 -44 -53 -54 0
-37 -39 -41 -44 -53 -51 0
-37 -39 -41 -44 -53 -52 0
-37 -39 -41 -44 -54 -51 0
-37 -39 -41 -44 -54 -52 0
-37 -39 -41 -44 -51 -52 0
-37 -39 -41 -53 -54 -51 0
-37 -39 -41 -53 -54 -52 0
-37 -39 -41 -53 -51 -52 0
-37 -39 -41 -54 -51 -52 0
-37 -39 -42 -45 -46 -47 0
-37 -39 -42 -45 -46 -48 0
-37 -39 -42 -45 -46 -49 0
-37 -39 -42 -45 -46 -50 0
-37 -39 -42 -45 -46 -43 0
-37 -39 -42 -45 -46 -44 0
-37 -39 -42 -45 -46 -53 0
-37 -39 -42 -45 -46 -54 0
-37 -39 -42 -45 -46 -51 0
-37 -39 -42 -45 -46 -52 0
-37 -39 -42 -45 -47 -48 0
-37 -39 -42 -45 -47 -49 0
-37 -39 -42 -45 -47 -50 0
-37 -39 -42 -45 -47 -43 0
-37 -39 -42 -45 -47 -44 0
-37 -39 -42 -45 -47 -53 0
-37 -39 -42 -45 -47 -54 0
-37 -39 -42 -45 -47 -51 0
-37 -39 -42 -45 -47 -52 0
-37 -39 -42 -45 -48 -49 0
-37 -39 -42 -45 -48 -50 0
-37 -39 -42 -45 -48 -43 0
-37 -39 -42 -45 -48 -44 0
-37 -39 -42 -45 -48 -53 0
-37 -39 -42 -45 -48 -54 0
-37 -39 -42 -45 -48 -51 0
-37 -39 -42 -45 -48 -52 0
-37 -39 -42 -45 -49 -50 0
-37 -39 -42 -45 -49 -43 0
-37 -39 -42 -45 -49 -44 0
-37 -39 -42 -45 -49 -53 0
-37 -39 -42 -45 -49 -54 0
-37 -39 -42 -45 -49 -51 0
-37 -39 -42 -45 -49 -52 0
-37 -39 -42 -45 -50 -43 0
-37 -39 -42 -45 -50 -44 0
-37 -39 -42 -45 -50 -53 0
-37 -39 -42 -45 -50 -54 0
-37 -39 -42 -45 -50 -51 0
-37 -39 -42 -45 -50 -52 0
-37 -39 -42 -45 -43 -44 0
-37 -39 -42 -45 -43 -53 0
-37 -39 -42 -45 -43 -54 0
-37 -39 -42 -45 -43 -51 0
-37 -39 -42 -45 -43 -52 0
-37 -39 -42 -45 -44 -53 0
-37 -39 -42 -45 -44 -54 0
-37 -39 -42 -45 -44 -51 0
-37 -39 -42 -45 -44 -52 0
-37 -39 -42 -45 -53 -54 0
-37 -39 -42 -45 -53 -51 0
-37 -39 -42 -45 -53 -52 0
-37 -39 -42 -45 -54 -51 0
-37 -39 -42 -45 -54 -52 0
-37 -39 -42 -45 -51 -52 0
-37 -39 -42 -46 -47 -48 0
-37 -39 -42 -46 -47 -49 0
-37 -39 -42 -46 -47 -50 0
-37 -39 -42 -46 -47 -43 0
-37 -39 -42 -46 -47 -44 0
-37 -39 -42 -46 -47 -53 0
-37 -39 -42 -46 -47 -54 0
-37 -39 -42 -46 -47 -51 0
-37 -39 -42 -46 -47 -52 0
-37 -39 -42 -46 -48 -49 0
-37 -39 -42 -46 -48 -50 0
-37 -39 -42 -46 -48 -43 0
-37 -39 -42 -46 -48 -44 0
-37 -39 -42 -46 -48 -53 0
-37 -39 -42 -46 -48 -54 0
-37 -39 -42 -46 -48 -51 0
-37 -39 -42 -46 -48 -52 0
-37 -39 -42 -46 -49 -50 0
-37 -39 -42 -46 -49 -43 0
-37 -39 -42 -46 -49 -44 0
-37 -39 -42 -46 -49 -53 0
-37 -39 -42 -46 -49 -54 0
-37 -39 -42 -46 -49 -51 0
-37 -39 -42 -46 -49 -52 0
-37 -39 -42 -46 -50 -43 0
-37 -39 -42 -46 -50 -44 0
-37 -39 -42 -46 -50 -53 0
-37 -39 -42 -46 -50 -54 0
-37 -39 -42 -46 -50 -51 0
-37 -39 -42 -46 -50 -52 0
-37 -39 -42 -46 -43 -44 0
-37 -39 -42 -46 -43 -53 0
-37 -39 -42 -46 -43 -54 0
-37 -39 -42 -46 -43 -51 0
-37 -39 -42 -46 -43 -52 0
-37 -39 -42 -46 -44 -53 0
-37 -39 -42 -46 -44 -54 0
-37 -39 -42 -46 -44 -51 0
-37 -39 -42 -46 -44 -52 0
-37 -39 -42 -46 -53 -54 0
-37 -39 -42 -46 -53 -51 0
-37 -39 -42 -46 -53 -52 0
-37 -39 -42 -46 -54 -51 0
-37 -39 -42 -46 -54 -52 0
-37 -39 -42 -46 -51 -52 0
-37 -39 -42 -47 -48 -49 0
-37 -39 -42 -47 -48 -50 0
-37 -39 -42 -47 -48 -43 0
-37 -39 -42 -47 -48 -44 0
-37 -39 -42 -47 -48 -53 0
-37 -39 -42 -47 -48 -54 0
-37 -39 -42 -47 -48 -51 0
-37 -39 -42 -47 -48 -52 0
-37 -39 -42 -47 -49 -50 0
-37 -39 -42 -47 -49 -43 0
-37 -39 -42 -47 -49 -44 0
-37 -39 -42 -47 -49 -53 0
-37 -39 -42 -47 -49 -54 0
-37 -39 -42 -47 -49 -51 0
-37 -39 -42 -47 -49 -52 0
-37 -39 -42 -47 -50 -43 0
-37 -39 -42 -47 -50 -44 0
-37 -39 -42 -47 -50 -53 0
-37 -39 -42 -47 -50 -54 0
-37 -39 -42 -47 -50 -51 0
-37 -39 -42 -47 -50 -52 0
-37 -39 -42 -47 -43 -44 0
-37 -39 -42 -47 -43 -53 0
-37 -39 -42 -47 -43 -54 0
-37 -39 -42 -47 -43 -51 0
-37 -39 -42 -47 -43 -52 0
-37 -39 -42 -47 -44 -53 0
-37 -39 -42 -47 -44 -54 0
-37 -39 -42 -47 -44 -51 0
-37 -39 -42 -47 -44 -52 0
-37 -39 -42 -47 -53 -54 0
-37 -39 -42 -47 -53 -51 0
-37 -39 -42 -47 -53 -52 0
-37 -39 -42 -47 -54 -51 0
-37 -39 -42 -47 -54 -52 0
-37 -39 -42 -47 -51 -52 0
-37 -39 -42 -48 -49 -50 0
-37 -39 -42 -48 -49 -43 0
-37 -39 -42 -48 -49 -44 0
-37 -39 -42 -48 -49 -53 0
-37 -39 -42 -48 -49 -54 0
-37 -39 -42 -48 -49 -51 0
-37 -39 -42 -48 -49 -52 0
-37 -39 -42 -48 -50 -43 0
-37 -39 -42 -48 -50 -44 0
-37 -39 -42 -48 -50 -53 0
-37 -39 -42 -48 -50 -54 0
-37 -39 -42 -48 -50 -51 0
-37 -39 -42 -48 -50 -52 0
-37 -39 -42 -48 -43 -44 0
-37 -39 -42 -48 -43 -53 0
-37 -39 -42 -48 -43 -54 0
-37 -39 -42 -48 -43 -51 0
-37 -39 -42 -48 -43 -52 0
-37 -39 -42 -48 -44 -53 0
-37 -39 -42 -48 -44 -54 0
-37 -39 -42 -48 -44 -51 0
-37 -39 -42 -48 -44 -52 0
-37 -39 -42 -48 -53 -54 0
-37 -39 -42 -48 -53 -51 0
-37 -39 -42 -48 -53 -52 0
-37 -39 -42 -48 -54 -51 0
-37 -39 -42 -48 -54 -52 0
-37 -39 -42 -48 -51 -52 0
-37 -39 -42 -49 -50 -43 0
-37 -39 -42 -49 -50 -44 0
-37 -39 -42 -49 -50 -53 0
-37 -39 -42 -49 -50 -54 0
-37 -39 -42 -49 -50 -51 0
-37 -39 -42 -49 -50 -52 0
-37 -39 -42 -49 -43 -44 0
-37 -39 -42 -49 -43 -53 0
-37 -39 -42 -49 -43 -54 0
-37 -39 -42 -49 -43 -51 0
-37 -39 -42 -49 -43 -52 0
-37 -39 -42 -49 -44 -53 0
-37 -39 -42 -49 -44 -54 0
-37 -39 -42 -49 -44 -51 0
-37 -39 -42 -49 -44 -52 0
-37 -39 -42 -49 -53 -54 0
-37 -39 -42 -49 -53 -51 0
-37 -39 -42 -49 -53 -52 0
-37 -39 -42 -49 -54 -51 0
-37 -39 -42 -49 -54 -52 0
-37 -39 -42 -49 -51 -52 0
-37 -39 -42 -50 -43 -44 0
-37 -39 -42 -50 -43 -53 0
-37 -39 -42 -50 -43 -54 0
-37 -39 -42 -50 -43 -51 0
-37 -39 -42 -50 -43 -52 0
-37 -39 -42 -50 -44 -53 0
-37 -39 -42 -50 -44 -54 0
-37 -39 -42 -50 -44 -51 0
-37 -39 -42 -50 -44 -52 0
-37 -39 -42 -50 -53 -54 0
-37 -39 -42 -50 -53 -51 0
-37 -39 -42 -50 -53 -52 0
-37 -39 -42 -50 -54 -51 0
-37 -39 -42 -50 -54 -52 0
-37 -39 -42 -50 -51 -52 0
-37 -39 -42 -43 -44 -53 0
-37 -39 -42 -43 -44 -54 0
-37 -39 -42 -43 -44 -51 0
-37 -39 -42 -43 -44 -52 0
-37 -39 -42 -43 -53 -54 0
-37 -39 -42 -43 -53 -51 0
-37 -39 -42 -43 -53 -52 0
-37 -39 -42 -43 -54 -51 0
-37 -39 -42 -43 -54 -52 0
-37 -39 -42 -43 -51 -52 0
-37 -39 -42 -44 -53 -54 0
-37 -39 -42 -44 -53 -51 0
-37 -39 -42 -44 -53 -52 0
-37 -39 -42 -44 -54 -51 0
-37 -39 -42 -44 -54 -52 0
-37 -39 -42 -44 -51 -52 0
-37 -39 -42 -53 -54 -51 0
-37 -39 -42 -53 -54 -52 0
-37 -39 -42 -53 -51 -52 0
-37 -39 -42 -54 -51 -52 0
-37 -39 -45 -46 -47 -48 0
-37 -39 -45 -46 -47 -49 0
-37 -39 -45 -46 -47 -50 0
-37 -39 -45 -46 -47 -43 0
-37 -39 -45 -46 -47 -44 0
-37 -39 -45 -46 -47 -53 0
-37 -39 -45 -46 -47 -54 0
-37 -39 -45 -46 -47 -51 0
-37 -39 -45 -46 -47 -52 0
-37 -39 -45 -46 -48 -49 0
-37 -39 -45 -46 -48 -50 0
-37 -39 -45 -46 -48 -43 0
-37 -39 -45 -46 -48 -44 0
-37 -39 -45 -46 -48 -53 0
-37 -39 -45 -46 -48 -54 0
-37 -39 -45 -46 -48 -51 0
-37 -39 -45 -46 -48 -52 0
-37 -39 -45 -46 -49 -50 0
-37 -39 -45 -46 -49 -43 0
-37 -39 -45 -46 -49 -44 0
-37 -39 -45 -46 -49 -53 0
-37 -39 -45 -46 -49 -54 0
-37 -39 -45 -46 -49 -51 0
-37 -39 -45 -46 -49 -52 0
-37 -39 -45 -46 -50 -43 0
-37 -39 -45 -46 -50 -44 0
-37 -39 -45 -46 -50 -53 0
-37 -39 -45 -46 -50 -54 0
-37 -39 -45 -46 -50 -51 0
-37 -39 -45 -46 -50 -52 0
-37 -39 -45 -46 -43 -44 0
-37 -39 -45 -46 -43 -53 0
-37 -39 -45 -46 -43 -54 0
-37 -39 -45 -46 -43 -51 0
-37 -39 -45 -46 -43 -52 0
-37 -39 -45 -46 -44 -53 0
-37 -39 -45 -46 -44 -54 0
-37 -39 -45 -46 -44 -51 0
-37 -39 -45 -46 -44 -52 0
-37 -39 -45 -46 -53 -54 0
-37 -39 -45 -46 -53 -51 0
-37 -39 -45 -46 -53 -52 0
-37 -39 -45 -46 -54 -51 0
-37 -39 -45 -46 -54 -52 0
-37 -39 -45 -46 -51 -52 0
-37 -39 -45 -47 -48 -49 0
-37 -39 -45 -47 -48 -50 0
-37 -39 -45 -47 -48 -43 0
-37 -39 -45 -47 -48 -44 0
-37 -39 -45 -47 -48 -53 0
-37 -39 -45 -47 -48 -54 0
-37 -39 -45 -47 -48 -51 0
-37 -39 -45 -47 -48 -52 0
-37 -39 -45 -47 -49 -50 0
-37 -39 -45 -47 -49 -43 0
-37 -39 -45 -47 -49 -44 0
-37 -39 -45 -47 -49 -53 0
-37 -39 -45 -47 -49 -54 0
-37 -39 -45 -47 -49 -51 0
-37 -39 -45 -47 -49 -52 0
-37 -39 -45 -47 -50 -43 0
-37 -39 -45 -47 -50 -44 0
-37 -39 -45 -47 -50 -53 0
-37 -39 -45 -47 -50 -54 0
-37 -39 -45 -47 -50 -51 0
-37 -39 -45 -47 -50 -52 0
-37 -39 -45 -47 -43 -44 0
-37 -39 -45 -47 -43 -53 0
-37 -39 -45 -47 -43 -54 0
-37 -39 -45 -47 -43 -51 0
-37 -39 -45 -47 -43 -52 0
-37 -39 -45 -47 -44 -53 0
-37 -39 -45 -47 -44 -54 0
-37 -39 -45 -47 -44 -51 0
-37 -39 -45 -47 -44 -52 0
-37 -39 -45 -47 -53 -54 0
-37 -39 -45 -47 -53 -51 0
-37 -39 -45 -47 -53 -52 0
-37 -39 -45 -47 -54 -51 0
-37 -39 -45 -47 -54 -52 0
-37 -39 -45 -47 -51 -52 0
-37 -39 -45 -48 -49 -50 0
-37 -39 -45 -48 -49 -43 0
-37 -39 -45 -48 -49 -44 0
-37 -39 -45 -48 -49 -53 0
-37 -39 -45 -48 -49 -54 0
-37 -39 -45 -48 -49 -51 0
-37 -39 -45 -48 -49 -52 0
-37 -39 -45 -48 -50 -43 0
-37 -39 -45 -48 -50 -44 0
-37 -39 -45 -48 -50 -53 0
-37 -39 -45 -48 -50 -54 0
-37 -39 -45 -48 -50 -51 0
-37 -39 -45 -48 -50 -52 0
-37 -39 -45 -48 -43 -44 0
-37 -39 -45 -48 -43 -53 0
-37 -39 -45 -48 -43 -54 0
-37 -39 -45 -48 -43 -51 0
-37 -39 -45 -48 -43 -52 0
-37 -39 -45 -48 -44 -53 0
-37 -39 -45 -48 -44 -54 0
-37 -39 -45 -48 -44 -51 0
-37 -39 -45 -48 -44 -52 0
-37 -39 -45 -48 -53 -54 0
-37 -39 -45 -48 -53 -51 0
-37 -39 -45 -48 -53 -52 0
-37 -39 -45 -48 -54 -51 0
-37 -39 -45 -48 -54 -52 0
-37 -39 -45 -48 -51 -52 0
-37 -39 -45 -49 -50 -43 0
-37 -39 -45 -49 -50 -44 0
-37 -39 -45 -49 -50 -53 0
-37 -39 -45 -49 -50 -54 0
-37 -39 -45 -49 -50 -51 0
-37 -39 -45 -49 -50 -52 0
-37 -39 -45 -49 -43 -44 0
-37 -39 -45 -49 -43 -53 0
-37 -39 -45 -49 -43 -54 0
-37 -39 -45 -49 -43 -51 0
-37 -39 -45 -49 -43 -52 0
-37 -39 -45 -49 -44 -53 0
-37 -39 -45 -49 -44 -54 0
-37 -39 -45 -49 -44 -51 0
-37 -39 -45 -49 -44 -52 0
-37 -39 -45 -49 -53 -54 0
-37 -39 -45 -49 -53 -51 0
-37 -39 -45 -49 -53 -52 0
-37 -39 -45 -49 -54 -51 0
-37 -39 -45 -49 -54 -52 0
-37 -39 -45 -49 -51 -52 0
-37 -39 -45 -50 -43 -44 0
-37 -39 -45 -50 -43 -53 0
-37 -39 -45 -50 -43 -54 0
-37 -39 -45 -50 -43 -51 0
-37 -39 -45 -50 -43 -52 0
-37 -39 -45 -50 -44 -53 0
-37 -39 -45 -50 -44 -54 0
-37 -39 -45 -50 -44 -51 0
-37 -39 -45 -50 -44 -52 0
-37 -39 -45 -50 -53 -54 0
-37 -39 -45 -50 -53 -51 0
-37 -39 -45 -50 -53 -52 0
-37 -39 -45 -50 -54 -51 0
-37 -39 -45 -50 -54 -52 0
-37 -39 -45 -50 -51 -52 0
-37 -39 -45 -43 -44 -53 0
-37 -39 -45 -43 -44 -54 0
-37 -39 -45 -43 -44 -51 0
-37 -39 -45 -43 -44 -52 0
-37 -39 -45 -43 -53 -54 0
-37 -39 -45 -43 -53 -51 0
-37 -39 -45 -43 -53 -52 0
-37 -39 -45 -43 -54 -51 0
-37 -39 -45 -43 -54 -52 0
-37 -39 -45 -43 -51 -52 0
-37 -39 -45 -44 -53 -54 0
-37 -39 -45 -44 -53 -51 0
-37 -39 -45 -44 -53 -52 0
-37 -39 -45 -44 -54 -51 0
-37 -39 -45 -44 -54 -52 0
-37 -39 -45 -44 -51 -52 0
-37 -39 -45 -53 -54 -51 0
-37 -39 -45 -53 -54 -52 0
-37 -39 -45 -53 -51 -52 0
-37 -39 -45 -54 -51 -52 0
-37 -39 -46 -47 -48 -49 0
-37 -39 -46 -47 -48 -50 0
-37 -39 -46 -47 -48 -43 0
-37 -39 -46 -47 -48 -44 0
-37 -39 -46 -47 -48 -53 0
-37 -39 -46 -47 -48 -54 0
-37 -39 -46 -47 -48 -51 0
-37 -39 -46 -47 -48 -52 0
-37 -39 -46 -47 -49 -50 0
-37 -39 -46 -47 -49 -43 0
-37 -39 -46 -47 -49 -44 0
-37 -39 -46 -47 -49 -53 0
-37 -39 -46 -47 -49 -54 0
-37 -39 -46 -47 -49 -51 0
-37 -39 -46 -47 -49 -52 0
-37 -39 -46 -47 -50 -43 0
-37 -39 -46 -47 -50 -44 0
-37 -39 -46 -47 -50 -53 0
-37 -39 -46 -47 -50 -54 0
-37 -39 -46 -47 -50 -51 0
-37 -39 -46 -47 -50 -52 0
-37 -39 -46 -47 -43 -44 0
-37 -39 -46 -47 -43 -53 0
-37 -39 -46 -47 -43 -54 0
-37 -39 -46 -47 -43 -51 0
-37 -39 -46 -47 -43 -52 0
-37 -39 -46 -47 -44 -53 0
-37 -39 -46 -47 -44 -54 0
-37 -39 -46 -47 -44 -51 0
-37 -39 -46 -47 -44 -52 0
-37 -39 -46 -47 -53 -54 0
-37 -39 -46 -47 -53 -51 0
-37 -39 -46 -47 -53 -52 0
-37 -39 -46 -47 -54 -51 0
-37 -39 -46 -47 -54 -52 0
-37 -39 -46 -47 -51 -52 0
-37 -39 -46 -48 -49 -50 0
-37 -39 -46 -48 -49 -43 0
-37 -39 -46 -48 -49 -44 0
-37 -39 -46 -48 -49 -53 0
-37 -39 -46 -48 -49 -54 0
-37 -39 -46 -48 -49 -51 0
-37 -39 -46 -48 -49 -52 0
-37 -39 -46 -48 -50 -43 0
-37 -39 -46 -48 -50 -44 0
-37 -39 -46 -48 -50 -53 0
-37 -39 -46 -48 -50 -54 0
-37 -39 -46 -48 -50 -51 0
-37 -39 -46 -48 -50 -52 0
-37 -39 -46 -48 -43 -44 0
-37 -39 -46 -48 -43 -53 0
-37 -39 -46 -48 -43 -54 0
-37 -39 -46 -48 -43 -51 0
-37 -39 -46 -48 -43 -52 0
-37 -39 -46 -48 -44 -53 0
-37 -39 -46 -48 -44 -54 0
-37 -39 -46 -48 -44 -51 0
-37 -39 -46 -48 -44 -52 0
-37 -39 -46 -48 -53 -54 0
-37 -39 -46 -48 -53 -51 0
-37 -39 -46 -48 -53 -52 0
-37 -39 -46 -48 -54 -51 0
-37 -39 -46 -48 -54 -52 0
-37 -39 -46 -48 -51 -52 0
-37 -39 -46 -49 -50 -43 0
-37 -39 -46 -49 -50 -44 0
-37 -39 -46 -49 -50 -53 0
-37 -39 -46 -49 -50 -54 0
-37 -39 -46 -49 -50 -51 0
-37 -39 -46 -49 -50 -52 0
-37 -39 -46 -49 -43 -44 0
-37 -39 -46 -49 -43 -53 0
-37 -39 -46 -49 -43 -54 0
-37 -39 -46 -49 -43 -51 0
-37 -39 -46 -49 -43 -52 0
-37 -39 -46 -49 -44 -53 0
-37 -39 -46 -49 -44 -54 0
-37 -39 -46 -49 -44 -51 0
-37 -39 -46 -49 -44 -52 0
-37 -39 -46 -49 -53 -54 0
-37 -39 -46 -49 -53 -51 0
-37 -39 -46 -49 -53 -52 0
-37 -39 -46 -49 -54 -51 0
-37 -39 -46 -49 -54 -52 0
-37 -39 -46 -49 -51 -52 0
-37 -39 -46 -50 -43 -44 0
-37 -39 -46 -50 -43 -53 0
-37 -39 -46 -50 -43 -54 0
-37 -39 -46 -50 -43 -51 0
-37 -39 -46 -50 -43 -52 0
-37 -39 -46 -50 -44 -53 0
-37 -39 -46 -50 -44 -54 0
-37 -39 -46 -50 -44 -51 0
-37 -39 -46 -50 -44 -52 0
-37 -39 -46 -50 -53 -54 0
-37 -39 -46 -50 -53 -51 0
-37 -39 -46 -50 -53 -52 0
-37 -39 -46 -50 -54 -51 0
-37 -39 -46 -50 -54 -52 0
-37 -39 -46 -50 -51 -52 0
-37 -39 -46 -43 -44 -53 0
-37 -39 -46 -43 -44 -54 0
-37 -39 -46 -43 -44 -51 0
-37 -39 -46 -43 -44 -52 0
-37 -39 -46 -43 -53 -54 0
-37 -39 -46 -43 -53 -51 0
-37 -39 -46 -43 -53 -52 0
-37 -39 -46 -43 -54 -51 0
-37 -39 -46 -43 -54 -52 0
-37 -39 -46 -43 -51 -52 0
-37 -39 -46 -44 -53 -54 0
-37 -39 -46 -44 -53 -51 0
-37 -39 -46 -44 -53 -52 0
-37 -39 -46 -44 -54 -51 0
-37 -39 -46 -44 -54 -52 0
-37 -39 -46 -44 -51 -52 0
-37 -39 -46 -53 -54 -51 0
-37 -39 -46 -53 -54 -52 0
-37 -39 -46 -53 -51 -52 0
-37 -39 -46 -54 -51 -52 0
-37 -39 -47 -48 -49 -50 0
-37 -39 -47 -48 -49 -43 0
-37 -39 -47 -48 -49 -44 0
-37 -39 -47 -48 -49 -53 0
-37 -39 -47 -48 -49 -54 0
-37 -39 -47 -48 -49 -51 0
-37 -39 -47 -48 -49 -52 0
-37 -39 -47 -48 -50 -43 0
-37 -39 -47 -48 -50 -44 0
-37 -39 -47 -48 -50 -53 0
-37 -39 -47 -48 -50 -54 0
-37 -39 -47 -48 -50 -51 0
-37 -39 -47 -48 -50 -52 0
-37 -39 -47 -48 -43 -44 0
-37 -39 -47 -48 -43 -53 0
-37 -39 -47 -48 -43 -54 0
-37 -39 -47 -48 -43 -51 0
-37 -39 -47 -48 -43 -52 0
-37 -39 -47 -48 -44 -53 0
-37 -39 -47 -48 -44 -54 0
-37 -39 -47 -48 -44 -51 0
-37 -39 -47 -48 -44 -52 0
-37 -39 -47 -48 -53 -54 0
-37 -39 -47 -48 -53 -51 0
-37 -39 -47 -48 -53 -52 0
-37 -39 -47 -48 -54 -51 0
-37 -39 -47 -48 -54 -52 0
-37 -39 -47 -48 -51 -52 0
-37 -39 -47 -49 -50 -43 0
-37 -39 -47 -49 -50 -44 0
-37 -39 -47 -49 -50 -53 0
-37 -39 -47 -49 -50 -54 0
-37 -39 -47 -49 -50 -51 0
-37 -39 -47 -49 -50 -52 0
-37 -39 -47 -49 -43 -44 0
-37 -39 -47 -49 -43 -53 0
-37 -39 -47 -49 -43 -54 0
-37 -39 -47 -49 -43 -51 0
-37 -39 -47 -49 -43 -52 0
-37 -39 -47 -49 -44 -53 0
-37 -39 -47 -49 -44 -54 0
-37 -39 -47 -49 -44 -51 0
-37 -39 -47 -49 -44 -52 0
-37 -39 -47 -49 -53 -54 0
-37 -39 -47 -49 -53 -51 0
-37 -39 -47 -49 -53 -52 0
-37 -39 -47 -49 -54 -51 0
-37 -39 -47 -49 -54 -52 0
-37 -39 -47 -49 -51 -52 0
-37 -39 -47 -50 -43 -44 0
-37 -39 -47 -50 -43 -53 0
-37 -39 -47 -50 -43 -54 0
-37 -39 -47 -50 -43 -51 0
-37 -39 -47 -50 -43 -52 0
-37 -39 -47 -50 -44 -53 0
-37 -39 -47 -50 -44 -54 0
-37 -39 -47 -50 -44 -51 0
-37 -39 -47 -50 -44 -52 0
-37 -39 -47 -50 -53 -54 0
-37 -39 -47 -50 -53 -51 0
-37 -39 -47 -50 -53 -52 0
-37 -39 -47 -50 -54 -51 0
-37 -39 -47 -50 -54 -52 0
-37 -39 -47 -50 -51 -52 0
-37 -39 -47 -43 -44 -53 0
-37 -39 -47 -43 -44 -54 0
-37 -39 -47 -43 -44 -51 0
-37 -39 -47 -43 -44 -52 0
-37 -39 -47 -43 -53 -54 0
-37 -39 -47 -43 -53 -51 0
-37 -39 -47 -43 -53 -52 0
-37 -39 -47 -43 -54 -51 0
-37 -39 -47 -43 -54 -52 0
-37 -39 -47 -43 -51 -52 0
-37 -39 -47 -44 -53 -54 0
-37 -39 -47 -44 -53 -51 0
-37 -39 -47 -44 -53 -52 0
-37 -39 -47 -44 -54 -51 0
-37 -39 -47 -44 -54 -52 0
-37 -39 -47 -44 -51 -52 0
-37 -39 -47 -53 -54 -51 0
-37 -39 -47 -53 -54 -52 0
-37 -39 -47 -53 -51 -52 0
-37 -39 -47 -54 -51 -52 0
-37 -39 -48 -49 -50 -43 0
-37 -39 -48 -49 -50 -44 0
-37 -39 -48 -49 -50 -53 0
-37 -39 -48 -49 -50 -54 0
-37 -39 -48 -49 -50 -51 0
-37 -39 -48 -49 -50 -52 0
-37 -39 -48 -49 -43 -44 0
-37 -39 -48 -49 -43 -53 0
-37 -39 -48 -49 -43 -54 0
-37 -39 -48 -49 -43 -51 0
-37 -39 -48 -49 -43 -52 0
-37 -39 -48 -49 -44 -53 0
-37 -39 -48 -49 -44 -54 0
-37 -39 -48 -49 -44 -51 0
-37 -39 -48 -49 -44 -52 0
-37 -39 -48 -49 -53 -54 0
-37 -39 -48 -49 -53 -51 0
-37 -39 -48 -49 -53 -52 0
-37 -39 -48 -49 -54 -51 0
-37 -39 -48 -49 -54 -52 0
-37 -39 -48 -49 -51 -52 0
-37 -39 -48 -50 -43 -44 0
-37 -39 -48 -50 -43 -53 0
-37 -39 -48 -50 -43 -54 0
-37 -39 -48 -50 -43 -51 0
-37 -39 -48 -50 -43 -52 0
-37 -39 -48 -50 -44 -53 0
-37 -39 -48 -50 -44 -54 0
-37 -39 -48 -50 -44 -51 0
-37 -39 -48 -50 -44 -52 0
-37 -39 -48 -50 -53 -54 0
-37 -39 -48 -50 -53 -51 0
-37 -39 -48 -50 -53 -52 0
-37 -39 -48 -50 -54 -51 0
-37 -39 -48 -50 -54 -52 0
-37 -39 -48 -50 -51 -52 0
-37 -39 -48 -43 -44 -53 0
-37 -39 -48 -43 -44 -54 0
-37 -39 -48 -43 -44 -51 0
-37 -39 -48 -43 -44 -52 0
-37 -39 -48 -43 -53 -54 0
-37 -39 -48 -43 -53 -51 0
-37 -39 -48 -43 -53 -52 0
-37 -39 -48 -43 -54 -51 0
-37 -39 -48 -43 -54 -52 0
-37 -39 -48 -43 -51 -52 0
-37 -39 -48 -44 -53 -54 0
-37 -39 -48 -44 -53 -51 0
-37 -39 -48 -44 -53 -52 0
-37 -39 -48 -44 -54 -51 0
-37 -39 -48 -44 -54 -52 0
-37 -39 -48 -44 -51 -52 0
-37 -39 -48 -53 -54 -51 0
-37 -39 -48 -53 -54 -52 0
-37 -39 -48 -53 -51 -52 0
-37 -39 -48 -54 -51 -52 0
-37 -39 -49 -50 -43 -44 0
-37 -39 -49 -50 -43 -53 0
-37 -39 -49 -50 -43 -54 0
-37 -39 -49 -50 -43 -51 0
-37 -39 -49 -50 -43 -52 0
-37 -39 -49 -50 -44 -53 0
-37 -39 -49 -50 -44 -54 0
-37 -39 -49 -50 -44 -51 0
-37 -39 -49 -50 -44 -52 0
-37 -39 -49 -50 -53 -54 0
-37 -39 -49 -50 -53 -51 0
-37 -39 -49 -50 -53 -52 0
-37 -39 -49 -50 -54 -51 0
-37 -39 -49 -50 -54 -52 0
-37 -39 -49 -50 -51 -52 0
-37 -39 -49 -43 -44 -53 0
-37 -39 -49 -43 -44 -54 0
-37 -39 -49 -43 -44 -51 0
-37 -39 -49 -43 -44 -52 0
-37 -39 -49 -43 -53 -54 0
-37 -39 -49 -43 -53 -51 0
-37 -39 -49 -43 -53 -52 0
-37 -39 -49 -43 -54 -51 0
-37 -39 -49 -43 -54 -52 0
-37 -39 -49 -43 -51 -52 0
-37 -39 -49 -44 -53 -54 0
-37 -39 -49 -44 -53 -51 0
-37 -39 -49 -44 -53 -52 0
-37 -39 -49 -44 -54 -51 0
-37 -39 -49 -44 -54 -52 0
-37 -39 -49 -44 -51 -52 0
-37 -39 -49 -53 -54 -51 0
-37 -39 -49 -53 -54 -52 0
-37 -39 -49 -53 -51 -52 0
-37 -39 -49 -54 -51 -52 0
-37 -39 -50 -43 -44 -53 0
-37 -39 -50 -43 -44 -54 0
-37 -39 -50 -43 -44 -51 0
-37 -39 -50 -43 -44 -52 0
-37 -39 -50 -43 -53 -54 0
-37 -39 -50 -43 -53 -51 0
-37 -39 -50 -43 -53 -52 0
-37 -39 -50 -43 -54 -51 0
-37 -39 -50 -43 -54 -52 0
-37 -39 -50 -43 -51 -52 0
-37 -39 -50 -44 -53 -54 0
-37 -39 -50 -44 -53 -51 0
-37 -39 -50 -44 -53 -52 0
-37 -39 -50 -44 -54 -51 0
-37 -39 -50 -44 -54 -52 0
-37 -39 -50 -44 -51 -52 0
-37 -39 -50 -53 -54 -51 0
-37 -39 -50 -53 -54 -52 0
-37 -39 -50 -53 -51 -52 0
-37 -39 -50 -54 -51 -52 0
-37 -39 -43 -44 -53 -54 0
-37 -39 -43 -44 -53 -51 0
-37 -39 -43 -44 -53 -52 0
-37 -39 -43 -44 -54 -51 0
-37 -39 -43 -44 -54 -52 0
-37 -39 -43 -44 -51 -52 0
-37 -39 -43 -53 -54 -51 0
-37 -39 -43 -53 -54 -52 0
-37 -39 -43 -53 -51 -52 0
-37 -39 -43 -54 -51 -52 0
-37 -39 -44 -53 -54 -51 0
-37 -39 -44 -53 -54 -52 0
-37 -39 -44 -53 -51 -52 0
-37 -39 -44 -54 -51 -52 0
-37 -39 -53 -54 -51 -52 0
-37 -40 -41 -42 -45 -46 0
-37 -40 -41 -42 -45 -47 0
-37 -40 -41 -42 -45 -48 0
-37 -40 -41 -42 -45 -49 0
-37 -40 -41 -42 -45 -50 0
-37 -40 -41 -42 -45 -43 0
-37 -40 -41 -42 -45 -44 0
-37 -40 -41 -42 -45 -53 0
-37 -40 -41 -42 -45 -54 0
-37 -40 -41 -42 -45 -51 0
-37 -40 -41 -42 -45 -52 0
-37 -40 -41 -42 -46 -47 0
-37 -40 -41 -42 -46 -48 0
-37 -40 -41 -42 -46 -49 0
-37 -40 -41 -42 -46 -50 0
-37 -40 -41 -42 -46 -43 0
-37 -40 -41 -42 -46 -44 0
-37 -40 -41 -42 -46 -53 0
-37 -40 -41 -42 -46 -54 0
-37 -40 -41 -42 -46 -51 0
-37 -40 -41 -42 -46 -52 0
-37 -40 -41 -42 -47 -48 0
-37 -40 -41 -42 -47 -49 0
-37 -40 -41 -42 -47 -50 0
-37 -40 -41 -42 -47 -43 0
-37 -40 -41 -42 -47 -44 0
-37 -40 -41 -42 -47 -53 0
-37 -40 -41 -42 -47 -54 0
-37 -40 -41 -42 -47 -51 0
-37 -40 -41 -42 -47 -52 0
-37 -40 -41 -42 -48 -49 0
-37 -40 -41 -42 -48 -50 0
-37 -40 -41 -42 -48 -43 0
-37 -40 -41 -42 -48 -44 0
-37 -40 -41 -42 -48 -53 0
-37 -40 -41 -42 -48 -54 0
-37 -40 -41 -42 -48 -51 0
-37 -40 -41 -42 -48 -52 0
-37 -40 -41 -42 -49 -50 0
-37 -40 -41 -42 -49 -43 0
-37 -40 -41 -42 -49 -44 0
-37 -40 -41 -42 -49 -53 0
-37 -40 -41 -42 -49 -54 0
-37 -40 -41 -42 -49 -51 0
-37 -40 -41 -42 -49 -52 0
-37 -40 -41 -42 -50 -43 0
-37 -40 -41 -42 -50 -44 0
-37 -40 -41 -42 -50 -53 0
-37 -40 -41 -42 -50 -54 0
-37 -40 -41 -42 -50 -51 0
-37 -40 -41 -42 -50 -52 0
-37 -40 -41 -42 -43 -44 0
-37 -40 -41 -42 -43 -53 0
-37 -40 -41 -42 -43 -54 0
-37 -40 -41 -42 -43 -51 0
-37 -40 -41 -42 -43 -52 0
-37 -40 -41 -42 -44 -53 0
-37 -40 -41 -42 -44 -54 0
-37 -40 -41 -42 -44 -51 0
-37 -40 -41 -42 -44 -52 0
-37 -40 -41 -42 -53 -54 0
-37 -40 -41 -42 -53 -51 0
-37 -40 -41 -42 -53 -52 0
-37 -40 -41 -42 -54 -51 0
-37 -40 -41 -42 -54 -52 0
-37 -40 -41 -42 -51 -52 0
-37 -40 -41 -45 -46 -47 0
-37 -40 -41 -45 -46 -48 0
-37 -40 -41 -45 -46 -49 0
-37 -40 -41 -45 -46 -50 0
-37 -40 -41 -45 -46 -43 0
-37 -40 -41 -45 -46 -44 0
-37 -40 -41 -45 -46 -53 0
-37 -40 -41 -45 -46 -54 0
-37 -40 -41 -45 -46 -51 0
-37 -40 -41 -45 -46 -52 0
-37 -40 -41 -45 -47 -48 0
-37 -40 -41 -45 -47 -49 0
-37 -40 -41 -45 -47 -50 0
-37 -40 -41 -45 -47 -43 0
-37 -40 -41 -45 -47 -44 0
-37 -40 -41 -45 -47 -53 0
-37 -40 -41 -45 -47 -54 0
-37 -40 -41 -45 -47 -51 0
-37 -40 -41 -45 -47 -52 0
-37 -40 -41 -45 -48 -49 0
-37 -40 -41 -45 -48 -50 0
-37 -40 -41 -45 -48 -43 0
-37 -40 -41 -45 -48 -44 0
-37 -40 -41 -45 -48 -53 0
-37 -40 -41 -45 -48 -54 0
-37 -40 -41 -45 -48 -51 0
-37 -40 -41 -45 -48 -52 0
-37 -40 -41 -45 -49 -50 0
-37 -40 -41 -45 -49 -43 0
-37 -40 -41 -45 -49 -44 0
-37 -40 -41 -45 -49 -53 0
-37 -40 -41 -45 -49 -54 0
-37 -40 -41 -45 -49 -51 0
-37 -40 -41 -45 -49 -52 0
-37 -40 -41 -45 -50 -43 0
-37 -40 -41 -45 -50 -44 0
-37 -40 -41 -45 -50 -53 0
-37 -40 -41 -45 -50 -54 0
-37 -40 -41 -45 -50 -51 0
-37 -40 -41 -45 -50 -52 0
-37 -40 -41 -45 -43 -44 0
-37 -40 -41 -45 -43 -53 0
-37 -40 -41 -45 -43 -54 0
-37 -40 -41 -45 -43 -51 0
-37 -40 -41 -45 -43 -52 0
-37 -40 -41 -45 -44 -53 0
-37 -40 -41 -45 -44 -54 0
-37 -40 -41 -45 -44 -51 0
-37 -40 -41 -45 -44 -52 0
-37 -40 -41 -45 -53 -54 0
-37 -40 -41 -45 -53 -51 0
-37 -40 -41 -45 -53 -52 0
-37 -40 -41 -45 -54 -51 0
-37 -40 -41 -45 -54 -52 0
-37 -40 -41 -45 -51 -52 0
-37 -40 -41 -46 -47 -48 0
-37 -40 -41 -46 -47 -49 0
-37 -40 -41 -46 -47 -50 0
-37 -40 -41 -46 -47 -43 0
-37 -40 -41 -46 -47 -44 0
-37 -40 -41 -46 -47 -53 0
-37 -40 -41 -46 -47 -54 0
-37 -40 -41 -46 -47 -51 0
-37 -40 -41 -46 -47 -52 0
-37 -40 -41 -46 -48 -49 0
-37 -40 -41 -46 -48 -50 0
-37 -40 -41 -46 -48 -43 0
-37 -40 -41 -46 -48 -44 0
-37 -40 -41 -46 -48 -53 0
-37 -40 -41 -46 -48 -54 0
-37 -40 -41 -46 -48 -51 0
-37 -40 -41 -46 -48 -52 0
-37 -40 -41 -46 -49 -50 0
-37 -40 -41 -46 -49 -43 0
-37 -40 -41 -46 -49 -44 0
-37 -40 -41 -46 -49 -53 0
-37 -40 -41 -46 -49 -54 0
-37 -40 -41 -46 -49 -51 0
-37 -40 -41 -46 -49 -52 0
-37 -40 -41 -46 -50 -43 0
-37 -40 -41 -46 -50 -44 0
-37 -40 -41 -46 -50 -53 0
-37 -40 -41 -46 -50 -54 0
-37 -40 -41 -46 -50 -51 0
-37 -40 -41 -46 -50 -52 0
-37 -40 -41 -46 -43 -44 0
-37 -40 -41 -46 -43 -53 0
-37 -40 -41 -46 -43 -54 0
-37 -40 -41 -46 -43 -51 0
-37 -40 -41 -46 -43 -52 0
-37 -40 -41 -46 -44 -53 0
-37 -40 -41 -46 -44 -54 0
-37 -40 -41 -46 -44 -51 0
-37 -40 -41 -46 -44 -52 0
-37 -40 -41 -46 -53 -54 0
-37 -40 -41 -46 -53 -51 0
-37 -40 -41 -46 -53 -52 0
-37 -40 -41 -46 -54 -51 0
-37 -40 -41 -46 -54 -52 0
-37 -40 -41 -46 -51 -52 0
-37 -40 -41 -47 -48 -49 0
-37 -40 -41 -47 -48 -50 0
-37 -40 -41 -47 -48 -43 0
-37 -40 -41 -47 -48 -44 0
-37 -40 -41 -47 -48 -53 0
-37 -40 -41 -47 -48 -54 0
-37 -40 -41 -47 -48 -51 0
-37 -40 -41 -47 -48 -52 0
-37 -40 -41 -47 -49 -50 0
-37 -40 -41 -47 -49 -43 0
-37 -40 -41 -47 -49 -44 0
-37 -40 -41 -47 -49 -53 0
-37 -40 -41 -47 -49 -54 0
-37 -40 -41 -47 -49 -51 0
-37 -40 -41 -47 -49 -52 0
-37 -40 -41 -47 -50 -43 0
-37 -40 -41 -47 -50 -44 0
-37 -40 -41 -47 -50 -53 0
-37 -40 -41 -47 -50 -54 0
-37 -40 -41 -47 -50 -51 0
-37 -40 -41 -47 -50 -52 0
-37 -40 -41 -47 -43 -44 0
-37 -40 -41 -47 -43 -53 0
-37 -40 -41 -47 -43 -54 0
-37 -40 -41 -47 -43 -51 0
-37 -40 -41 -47 -43 -52 0
-37 -40 -41 -47 -44 -53 0
-37 -40 -41 -47 -44 -54 0
-37 -40 -41 -47 -44 -51 0
-37 -40 -41 -47 -44 -52 0
-37 -40 -41 -47 -53 -54 0
-37 -40 -41 -47 -53 -51 0
-37 -40 -41 -47 -53 -52 0
-37 -40 -41 -47 -54 -51 0
-37 -40 -41 -47 -54 -52 0
-37 -40 -41 -47 -51 -52 0
-37 -40 -41 -48 -49 -50 0
-37 -40 -41 -48 -49 -43 0
-37 -40 -41 -48 -49 -44 0
-37 -40 -41 -48 -49 -53 0
-37 -40 -41 -48 -49 -54 0
-37 -40 -41 -48 -49 -51 0
-37 -40 -41 -48 -49 -52 0
-37 -40 -41 -48 -50 -43 0
-37 -40 -41 -48 -50 -44 0
-37 -40 -41 -48 -50 -53 0
-37 -40 -41 -48 -50 -54 0
-37 -40 -41 -48 -50 -51 0
-37 -40 -41 -48 -50 -52 0
-37 -40 -41 -48 -43 -44 0
-37 -40 -41 -48 -43 -53 0
-37 -40 -41 -48 -43 -54 0
-37 -40 -41 -48 -43 -51 0
-37 -40 -41 -48 -43 -52 0
-37 -40 -41 -48 -44 -53 0
-37 -40 -41 -48 -44 -54 0
-37 -40 -41 -48 -44 -51 0
-37 -40 -41 -48 -44 -52 0
-37 -40 -41 -48 -53 -54 0
-37 -40 -41 -48 -53 -51 0
-37 -40 -41 -48 -53 -52 0
-37 -40 -41 -48 -54 -51 0
-37 -40 -41 -48 -54 -52 0
-37 -40 -41 -48 -51 -52 0
-37 -40 -41 -49 -50 -43 0
-37 -40 -41 -49 -50 -44 0
-37 -40 -41 -49 -50 -53 0
-37 -40 -41 -49 -50 -54 0
-37 -40 -41 -49 -50 -51 0
-37 -40 -41 -49 -50 -52 0
-37 -40 -41 -49 -43 -44 0
-37 -40 -41 -49 -43 -53 0
-37 -40 -41 -49 -43 -54 0
-37 -40 -41 -49 -43 -51 0
-37 -40 -41 -49 -43 -52 0
-37 -40 -41 -49 -44 -53 0
-37 -40 -41 -49 -44 -54 0
-37 -40 -41 -49 -44 -51 0
-37 -40 -41 -49 -44 -52 0
-37 -40 -41 -49 -53 -54 0
-37 -40 -41 -49 -53 -51 0
-37 -40 -41 -49 -53 -52 0
-37 -40 -41 -49 -54 -51 0
-37 -40 -41 -49 -54 -52 0
-37 -40 -41 -49 -51 -52 0
-37 -40 -41 -50 -43 -44 0
-37 -40 -41 -50 -43 -53 0
-37 -40 -41 -50 -43 -54 0
-37 -40 -41 -50 -43 -51 0
-37 -40 -41 -50 -43 -52 0
-37 -40 -41 -50 -44 -53 0
-37 -40 -41 -50 -44 -54 0
-37 -40 -41 -50 -44 -51 0
-37 -40 -41 -50 -44 -52 0
-37 -40 -41 -50 -53 -54 0
-37 -40 -41 -50 -53 -51 0
-37 -40 -41 -50 -53 -52 0
-37 -40 -41 -50 -54 -51 0
-37 -40 -41 -50 -54 -52 0
-37 -40 -41 -50 -51 -52 0
-37 -40 -41 -43 -44 -53 0
-37 -40 -41 -43 -44 -54 0
-37 -40 -41 -43 -44 -51 0
-37 -40 -41 -43 -44 -52 0
-37 -40 -41 -43 -53 -54 0
-37 -40 -41 -43 -53 -51 0
-37 -40 -41 -43 -53 -52 0
-37 -40 -41 -43 -54 -51 0
-37 -40 -41 -43 -54 -52 0
-37 -40 -41 -43 -51 -52 0
-37 -40 -41 -44 -53 -54 0
-37 -40 -41 -44 -53 -51 0
-37 -40 -41 -44 -53 -52 0
-37 -40 -41 -44 -54 -51 0
-37 -40 -41 -44 -54 -52 0
-37 -40 -41 -44 -51 -52 0
-37 -40 -41 -53 -54 -51 0
-37 -40 -41 -53 -54 -52 0
-37 -40 -41 -53 -51 -52 0
-37 -40 -41 -54 -51 -52 0
-37 -40 -42 -45 -46 -47 0
-37 -40 -42 -45 -46 -48 0
-37 -40 -42 -45 -46 -49 0
-37 -40 -42 -45 -46 -50 0
-37 -40 -42 -45 -46 -43 0
-37 -40 -42 -45 -46 -44 0
-37 -40 -42 -45 -46 -53 0
-37 -40 -42 -45 -46 -54 0
-37 -40 -42 -45 -46 -51 0
-37 -40 -42 -45 -46 -52 0
-37 -40 -42 -45 -47 -48 0
-37 -40 -42 -45 -47 -49 0
-37 -40 -42 -45 -47 -50 0
-37 -40 -42 -45 -47 -43 0
-37 -40 -42 -45 -47 -44 0
-37 -40 -42 -45 -47 -53 0
-37 -40 -42 -45 -47 -54 0
-37 -40 -42 -45 -47 -51 0
-37 -40 -42 -45 -47 -52 0
-37 -40 -42 -45 -48 -49 0
-37 -40 -42 -45 -48 -50 0
-37 -40 -42 -45 -48 -43 0
-37 -40 -42 -45 -48 -44 0
-37 -40 -42 -45 -48 -53 0
-37 -40 -42 -45 -48 -54 0
-37 -40 -42 -45 -48 -51 0
-37 -40 -42 -45 -48 -52 0
-37 -40 -42 -45 -49 -50 0
-37 -40 -42 -45 -49 -43 0
-37 -40 -42 -45 -49 -44 0
-37 -40 -42 -45 -49 -53 0
-37 -40 -42 -45 -49 -54 0
-37 -40 -42 -45 -49 -51 0
-37 -40 -42 -45 -49 -52 0
-37 -40 -42 -45 -50 -43 0
-37 -40 -42 -45 -50 -44 0
-37 -40 -42 -45 -50 -53 0
-37 -40 -42 -45 -50 -54 0
-37 -40 -42 -45 -50 -51 0
-37 -40 -42 -45 -50 -52 0
-37 -40 -42 -45 -43 -44 0
-37 -40 -42 -45 -43 -53 0
-37 -40 -42 -45 -43 -54 0
-37 -40 -42 -45 -43 -51 0
-37 -40 -42 -45 -43 -52 0
-37 -40 -42 -45 -44 -53 0
-37 -40 -42 -45 -44 -54 0
-37 -40 -42 -45 -44 -51 0
-37 -40 -42 -45 -44 -52 0
-37 -40 -42 -45 -53 -54 0
-37 -40 -42 -45 -53 -51 0
-37 -40 -42 -45 -53 -52 0
-37 -40 -42 -45 -54 -51 0
-37 -40 -42 -45 -54 -52 0
-37 -40 -42 -45 -51 -52 0
-37 -40 -42 -46 -47 -48 0
-37 -40 -42 -46 -47 -49 0
-37 -40 -42 -46 -47 -50 0
-37 -40 -42 -46 -47 -43 0
-37 -40 -42 -46 -47 -44 0
-37 -40 -42 -46 -47 -53 0
-37 -40 -42 -46 -47 -54 0
-37 -40 -42 -46 -47 -51 0
-37 -40 -42 -46 -47 -52 0
-37 -40 -42 -46 -48 -49 0
-37 -40 -42 -46 -48 -50 0
-37 -40 -42 -46 -48 -43 0
-37 -40 -42 -46 -48 -44 0
-37 -40 -42 -46 -48 -53 0
-37 -40 -42 -46 -48 -54 0
-37 -40 -42 -46 -48 -51 0
-37 -40 -42 -46 -48 -52 0
-37 -40 -42 -46 -49 -50 0
-37 -40 -42 -46 -49 -43 0
-37 -40 -42 -46 -49 -44 0
-37 -40 -42 -46 -49 -53 0
-37 -40 -42 -46 -49 -54 0
-37 -40 -42 -46 -49 -51 0
-37 -40 -42 -46 -49 -52 0
-37 -40 -42 -46 -50 -43 0
-37 -40 -42 -46 -50 -44 0
-37 -40 -42 -46 -50 -53 0
-37 -40 -42 -46 -50 -54 0
-37 -40 -42 -46 -50 -51 0
-37 -40 -42 -46 -50 -52 0
-37 -40 -42 -46 -43 -44 0
-37 -40 -42 -46 -43 -53 0
-37 -40 -42 -46 -43 -54 0
-37 -40 -42 -46 -43 -51 0
-37 -40 -42 -46 -43 -52 0
-37 -40 -42 -46 -44 -53 0
-37 -40 -42 -46 -44 -54 0
-37 -40 -42 -46 -44 -51 0
-37 -40 -42 -46 -44 -52 0
-37 -40 -42 -46 -53 -54 0
-37 -40 -42 -46 -53 -51 0
-37 -40 -42 -46 -53 -52 0
-37 -40 -42 -46 -54 -51 0
-37 -40 -42 -46 -54 -52 0
-37 -40 -42 -46 -51 -52 0
-37 -40 -42 -47 -48 -49 0
-37 -40 -42 -47 -48 -50 0
-37 -40 -42 -47 -48 -43 0
-37 -40 -42 -47 -48 -44 0
-37 -40 -42 -47 -48 -53 0
-37 -40 -42 -47 -48 -54 0
-37 -40 -42 -47 -48 -51 0
-37 -40 -42 -47 -48 -52 0
-37 -40 -42 -47 -49 -50 0
-37 -40 -42 -47 -49 -43 0
-37 -40 -42 -47 -49 -44 0
-37 -40 -42 -47 -49 -53 0
-37 -40 -42 -47 -49 -54 0
-37 -40 -42 -47 -49 -51 0
-37 -40 -42 -47 -49 -52 0
-37 -40 -42 -47 -50 -43 0
-37 -40 -42 -47 -50 -44 0
-37 -40 -42 -47 -50 -53 0
-37 -40 -42 -47 -50 -54 0
-37 -40 -42 -47 -50 -51 0
-37 -40 -42 -47 -50 -52 0
-37 -40 -42 -47 -43 -44 0
-37 -40 -42 -47 -43 -53 0
-37 -40 -42 -47 -43 -54 0
-37 -40 -42 -47 -43 -51 0
-37 -40 -42 -47 -43 -52 0
-37 -40 -42 -47 -44 -53 0
-37 -40 -42 -47 -44 -54 0
-37 -40 -42 -47 -44 -51 0
-37 -40 -42 -47 -44 -52 0
-37 -40 -42 -47 -53 -54 0
-37 -40 -42 -47 -53 -51 0
-37 -40 -42 -47 -53 -52 0
-37 -40 -42 -47 -54 -51 0
-37 -40 -42 -47 -54 -52 0
-37 -40 -42 -47 -51 -52 0
-37 -40 -42 -48 -49 -50 0
-37 -40 -42 -48 -49 -43 0
-37 -40 -42 -48 -49 -44 0
-37 -40 -42 -48 -49 -53 0
-37 -40 -42 -48 -49 -54 0
-37 -40 -42 -48 -49 -51 0
-37 -40 -42 -48 -49 -52 0
-37 -40 -42 -48 -50 -43 0
-37 -40 -42 -48 -50 -44 0
-37 -40 -42 -48 -50 -53 0
-37 -40 -42 -48 -50 -54 0
-37 -40 -42 -48 -50 -51 0
-37 -40 -42 -48 -50 -52 0
-37 -40 -42 -48 -43 -44 0
-37 -40 -42 -48 -43 -53 0
-37 -40 -42 -48 -43 -54 0
-37 -40 -42 -48 -43 -51 0
-37 -40 -42 -48 -43 -52 0
-37 -40 -42 -48 -44 -53 0
-37 -40 -42 -48 -44 -54 0
-37 -40 -42 -48 -44 -51 0
-37 -40 -42 -48 -44 -52 0
-37 -40 -42 -48 -53 -54 0
-37 -40 -42 -48 -53 -51 0
-37 -40 -42 -48 -53 -52 0
-37 -40 -42 -48 -54 -51 0
-37 -40 -42 -48 -54 -52 0
-37 -40 -42 -48 -51 -52 0
-37 -40 -42 -49 -50 -43 0
-37 -40 -42 -49 -50 -44 0
-37 -40 -42 -49 -50 -53 0
-37 -40 -42 -49 -50 -54 0
-37 -40 -42 -49 -50 -51 0
-37 -40 -42 -49 -50 -52 0
-37 -40 -42 -49 -43 -44 0
-37 -40 -42 -49 -43 -53 0
-37 -40 -42 -49 -43 -54 0
-37 -40 -42 -49 -43 -51 0
-37 -40 -42 -49 -43 -52 0
-37 -40 -42 -49 -44 -53 0
-37 -40 -42 -49 -44 -54 0
-37 -40 -42 -49 -44 -51 0
-37 -40 -42 -49 -44 -52 0
-37 -40 -42 -49 -53 -54 0
-37 -40 -42 -49 -53 -51 0
-37 -40 -42 -49 -53 -52 0
-37 -40 -42 -49 -54 -51 0
-37 -40 -42 -49 -54 -52 0
-37 -40 -42 -49 -51 -52 0
-37 -40 -42 -50 -43 -44 0
-37 -40 -42 -50 -43 -53 0
-37 -40 -42 -50 -43 -54 0
-37 -40 -42 -50 -43 -51 0
-37 -40 -42 -50 -43 -52 0
-37 -40 -42 -50 -44 -53 0
-37 -40 -42 -50 -44 -54 0
-37 -40 -42 -50 -44 -51 0
-37 -40 -42 -50 -44 -52 0
-37 -40 -42 -50 -53 -54 0
-37 -40 -42 -50 -53 -51 0
-37 -40 -42 -50 -53 -52 0
-37 -40 -42 -50 -54 -51 0
-37 -40 -42 -50 -54 -52 0
-37 -40 -42 -50 -51 -52 0
-37 -40 -42 -43 -44 -53 0
-37 -40 -42 -43 -44 -54 0
-37 -40 -42 -43 -44 -51 0
-37 -40 -42 -43 -44 -52 0
-37 -40 -42 -43 -53 -54 0
-37 -40 -42 -43 -53 -51 0
-37 -40 -42 -43 -53 -52 0
-37 -40 -42 -43 -54 -51 0
-37 -40 -42 -43 -54 -52 0
-37 -40 -42 -43 -51 -52 0
-37 -40 -42 -44 -53 -54 0
-37 -40 -42 -44 -53 -51 0
-37 -40 -42 -44 -53 -52 0
-37 -40 -42 -44 -54 -51 0
-37 -40 -42 -44 -54 -52 0
-37 -40 -42 -44 -51 -52 0
-37 -40 -42 -53 -54 -51 0
-37 -40 -42 -53 -54 -52 0
-37 -40 -42 -53 -51 -52 0
-37 -40 -42 -54 -51 -52 0
-37 -40 -45 -46 -47 -48 0
-37 -40 -45 -46 -47 -49 0
-37 -40 -45 -46 -47 -50 0
-37 -40 -45 -46 -47 -43 0
-37 -40 -45 -46 -47 -44 0
-37 -40 -45 -46 -47 -53 0
-37 -40 -45 -46 -47 -54 0
-37 -40 -45 -46 -47 -51 0
-37 -40 -45 -46 -47 -52 0
-37 -40 -45 -46 -48 -49 0
-37 -40 -45 -46 -48 -50 0
-37 -40 -45 -46 -48 -43 0
-37 -40 -45 -46 -48 -44 0
-37 -40 -45 -46 -48 -53 0
-37 -40 -45 -46 -48 -54 0
-37 -40 -45 -46 -48 -51 0
-37 -40 -45 -46 -48 -52 0
-37 -40 -45 -46 -49 -50 0
-37 -40 -45 -46 -49 -43 0
-37 -40 -45 -46 -49 -44 0
-37 -40 -45 -46 -49 -53 0
-37 -40 -45 -46 -49 -54 0
-37 -40 -45 -46 -49 -51 0
-37 -40 -45 -46 -49 -52 0
-37 -40 -45 -46 -50 -43 0
-37 -40 -45 -46 -50 -44 0
-37 -40 -45 -46 -50 -53 0
-37 -40 -45 -46 -50 -54 0
-37 -40 -45 -46 -50 -51 0
-37 -40 -45 -46 -50 -52 0
-37 -40 -45 -46 -43 -44 0
-37 -40 -45 -46 -43 -53 0
-37 -40 -45 -46 -43 -54 0
-37 -40 -45 -46 -43 -51 0
-37 -40 -45 -46 -43 -52 0
-37 -40 -45 -46 -44 -53 0
-37 -40 -45 -46 -44 -54 0
-37 -40 -45 -46 -44 -51 0
-37 -40 -45 -46 -44 -52 0
-37 -40 -45 -46 -53 -54 0
-37 -40 -45 -46 -53 -51 0
-37 -40 -45 -46 -53 -52 0
-37 -40 -45 -46 -54 -51 0
-37 -40 -45 -46 -54 -52 0
-37 -40 -45 -46 -51 -52 0
-37 -40 -45 -47 -48 -49 0
-37 -40 -45 -47 -48 -50 0
-37 -40 -45 -47 -48 -43 0
-37 -40 -45 -47 -48 -44 0
-37 -40 -45 -47 -48 -53 0
-37 -40 -45 -47 -48 -54 0
-37 -40 -45 -47 -48 -51 0
-37 -40 -45 -47 -48 -52 0
-37 -40 -45 -47 -49 -50 0
-37 -40 -45 -47 -49 -43 0
-37 -40 -45 -47 -49 -44 0
-37 -40 -45 -47 -49 -53 0
-37 -40 -45 -47 -49 -54 0
-37 -40 -45 -47 -49 -51 0
-37 -40 -45 -47 -49 -52 0
-37 -40 -45 -47 -50 -43 0
-37 -40 -45 -47 -50 -44 0
-37 -40 -45 -47 -50 -53 0
-37 -40 -45 -47 -50 -54 0
-37 -40 -45 -47 -50 -51 0
-37 -40 -45 -47 -50 -52 0
-37 -40 -45 -47 -43 -44 0
-37 -40 -45 -47 -43 -53 0
-37 -40 -45 -47 -43 -54 0
-37 -40 -45 -47 -43 -51 0
-37 -40 -45 -47 -43 -52 0
-37 -40 -45 -47 -44 -53 0
-37 -40 -45 -47 -44 -54 0
-37 -40 -45 -47 -44 -51 0
-37 -40 -45 -47 -44 -52 0
-37 -40 -45 -47 -53 -54 0
-37 -40 -45 -47 -53 -51 0
-37 -40 -45 -47 -53 -52 0
-37 -40 -45 -47 -54 -51 0
-37 -40 -45 -47 -54 -52 0
-37 -40 -45 -47 -51 -52 0
-37 -40 -45 -48 -49 -50 0
-37 -40 -45 -48 -49 -43 0
-37 -40 -45 -48 -49 -44 0
-37 -40 -45 -48 -49 -53 0
-37 -40 -45 -48 -49 -54 0
-37 -40 -45 -48 -49 -51 0
-37 -40 -45 -48 -49 -52 0
-37 -40 -45 -48 -50 -43 0
-37 -40 -45 -48 -50 -44 0
-37 -40 -45 -48 -50 -53 0
-37 -40 -45 -48 -50 -54 0
-37 -40 -45 -48 -50 -51 0
-37 -40 -45 -48 -50 -52 0
-37 -40 -45 -48 -43 -44 0
-37 -40 -45 -48 -43 -53 0
-37 -40 -45 -48 -43 -54 0
-37 -40 -45 -48 -43 -51 0
-37 -40 -45 -48 -43 -52 0
-37 -40 -45 -48 -44 -53 0
-37 -40 -45 -48 -44 -54 0
-37 -40 -45 -48 -44 -51 0
-37 -40 -45 -48 -44 -52 0
-37 -40 -45 -48 -53 -54 0
-37 -40 -45 -48 -53 -51 0
-37 -40 -45 -48 -53 -52 0
-37 -40 -45 -48 -54 -51 0
-37 -40 -45 -48 -54 -52 0
-37 -40 -45 -48 -51 -52 0
-37 -40 -45 -49 -50 -43 0
-37 -40 -45 -49 -50 -44 0
-37 -40 -45 -49 -50 -53 0
-37 -40 -45 -49 -50 -54 0
-37 -40 -45 -49 -50 -51 0
-37 -40 -45 -49 -50 -52 0
-37 -40 -45 -49 -43 -44 0
-37 -40 -45 -49 -43 -53 0
-37 -40 -45 -49 -43 -54 0
-37 -40 -45 -49 -43 -51 0
-37 -40 -45 -49 -43 -52 0
-37 -40 -45 -49 -44 -53 0
-37 -40 -45 -49 -44 -54 0
-37 -40 -45 -49 -44 -51 0
-37 -40 -45 -49 -44 -52 0
-37 -40 -45 -49 -53 -54 0
-37 -40 -45 -49 -53 -51 0
-37 -40 -45 -49 -53 -52 0
-37 -40 -45 -49 -54 -51 0
-37 -40 -45 -49 -54 -52 0
-37 -40 -45 -49 -51 -52 0
-37 -40 -45 -50 -43 -44 0
-37 -40 -45 -50 -43 -53 0
-37 -40 -45 -50 -43 -54 0
-37 -40 -45 -50 -43 -51 0
-37 -40 -45 -50 -43 -52 0
-37 -40 -45 -50 -44 -53 0
-37 -40 -45 -50 -44 -54 0
-37 -40 -45 -50 -44 -51 0
-37 -40 -45 -50 -44 -52 0
-37 -40 -45 -50 -53 -54 0
-37 -40 -45 -50 -53 -51 0
-37 -40 -45 -50 -53 -52 0
-37 -40 -45 -50 -54 -51 0
-37 -40 -45 -50 -54 -52 0
-37 -40 -45 -50 -51 -52 0
-37 -40 -45 -43 -44 -53 0
-37 -40 -45 -43 -44 -54 0
-37 -40 -45 -43 -44 -51 0
-37 -40 -45 -43 -44 -52 0
-37 -40 -45 -43 -53 -54 0
-37 -40 -45 -43 -53 -51 0
-37 -40 -45 -43 -53 -52 0
-37 -40 -45 -43 -54 -51 0
-37 -40 -45 -43 -54 -52 0
-37 -40 -45 -43 -51 -52 0
-37 -40 -45 -44 -53 -54 0
-37 -40 -45 -44 -53 -51 0
-37 -40 -45 -44 -53 -52 0
-37 -40 -45 -44 -54 -51 0
-37 -40 -45 -44 -54 -52 0
-37 -40 -45 -44 -51 -52 0
-37 -40 -45 -53 -54 -51 0
-37 -40 -45 -53 -54 -52 0
-37 -40 -45 -53 -51 -52 0
-37 -40 -45 -54 -51 -52 0
-37 -40 -46 -47 -48 -49 0
-37 -40 -46 -47 -48 -50 0
-37 -40 -46 -47 -48 -43 0
-37 -40 -46 -47 -48 -44 0
-37 -40 -46 -47 -48 -53 0
-37 -40 -46 -47 -48 -54 0
-37 -40 -46 -47 -48 -51 0
-37 -40 -46 -47 -48 -52 0
-37 -40 -46 -47 -49 -50 0
-37 -40 -46 -47 -49 -43 0
-37 -40 -46 -47 -49 -44 0
-37 -40 -46 -47 -49 -53 0
-37 -40 -46 -47 -49 -54 0
-37 -40 -46 -47 -49 -51 0
-37 -40 -46 -47 -49 -52 0
-37 -40 -46 -47 -50 -43 0
-37 -40 -46 -47 -50 -44 0
-37 -40 -46 -47 -50 -53 0
-37 -40 -46 -47 -50 -54 0
-37 -40 -46 -47 -50 -51 0
-37 -40 -46 -47 -50 -52 0
-37 -40 -46 -47 -43 -44 0
-37 -40 -46 -47 -43 -53 0
-37 -40 -46 -47 -43 -54 0
-37 -40 -46 -47 -43 -51 0
-37 -40 -46 -47 -43 -52 0
-37 -40 -46 -47 -44 -53 0
-37 -40 -46 -47 -44 -54 0
-37 -40 -46 -47 -44 -51 0
-37 -40 -46 -47 -44 -52 0
-37 -40 -46 -47 -53 -54 0
-37 -40 -46 -47 -53 -51 0
-37 -40 -46 -47 -53 -52 0
-37 -40 -46 -47 -54 -51 0
-37 -40 -46 -47 -54 -52 0
-37 -40 -46 -47 -51 -52 0
-37 -40 -46 -48 -49 -50 0
-37 -40 -46 -48 -49 -43 0
-37 -40 -46 -48 -49 -44 0
-37 -40 -46 -48 -49 -53 0
-37 -40 -46 -48 -49 -54 0
-37 -40 -46 -48 -49 -51 0
-37 -40 -46 -48 -49 -52 0
-37 -40 -46 -48 -50 -43 0
-37 -40 -46 -48 -50 -44 0
-37 -40 -46 -48 -50 -53 0
-37 -40 -46 -48 -50 -54 0
-37 -40 -46 -48 -50 -51 0
-37 -40 -46 -48 -50 -52 0
-37 -40 -46 -48 -43 -44 0
-37 -40 -46 -48 -43 -53 0
-37 -40 -46 -48 -43 -54 0
-37 -40 -46 -48 -43 -51 0
-37 -40 -46 -48 -43 -52 0
-37 -40 -46 -48 -44 -53 0
-37 -40 -46 -48 -44 -54 0
-37 -40 -46 -48 -44 -51 0
-37 -40 -46 -48 -44 -52 0
-37 -40 -46 -48 -53 -54 0
-37 -40 -46 -48 -53 -51 0
-37 -40 -46 -48 -53 -52 0
-37 -40 -46 -48 -54 -51 0
-37 -40 -46 -48 -54 -52 0
-37 -40 -46 -48 -51 -52 0
-37 -40 -46 -49 -50 -43 0
-37 -40 -46 -49 -50 -44 0
-37 -40 -46 -49 -50 -53 0
-37 -40 -46 -49 -50 -54 0
-37 -40 -46 -49 -50 -51 0
-37 -40 -46 -49 -50 -52 0
-37 -40 -46 -49 -43 -44 0
-37 -40 -46 -49 -43 -53 0
-37 -40 -46 -49 -43 -54 0
-37 -40 -46 -49 -43 -51 0
-37 -40 -46 -49 -43 -52 0
-37 -40 -46 -49 -44 -53 0
-37 -40 -46 -49 -44 -54 0
-37 -40 -46 -49 -44 -51 0
-37 -40 -46 -49 -44 -52 0
-37 -40 -46 -49 -53 -54 0
-37 -40 -46 -49 -53 -51 0
-37 -40 -46 -49 -53 -52 0
-37 -40 -46 -49 -54 -51 0
-37 -40 -46 -49 -54 -52 0
-37 -40 -46 -49 -51 -52 0
-37 -40 -46 -50 -43 -44 0
-37 -40 -46 -50 -43 -53 0
-37 -40 -46 -50 -43 -54 0
-37 -40 -46 -50 -43 -51 0
-37 -40 -46 -50 -43 -52 0
-37 -40 -46 -50 -44 -53 0
-37 -40 -46 -50 -44 -54 0
-37 -40 -46 -50 -44 -51 0
-37 -40 -46 -50 -44 -52 0
-37 -40 -46 -50 -53 -54 0
-37 -40 -46 -50 -53 -51 0
-37 -40 -46 -50 -53 -52 0
-37 -40 -46 -50 -54 -51 0
-37 -40 -46 -50 -54 -52 0
-37 -40 -46 -50 -51 -52 0
-37 -40 -46 -43 -44 -53 0
-37 -40 -46 -43 -44 -54 0
-37 -40 -46 -43 -44 -51 0
-37 -40 -46 -43 -44 -52 0
-37 -40 -46 -43 -53 -54 0
-37 -40 -46 -43 -53 -51 0
-37 -40 -46 -43 -53 -52 0
-37 -40 -46 -43 -54 -51 0
-37 -40 -46 -43 -54 -52 0
-37 -40 -46 -43 -51 -52 0
-37 -40 -46 -44 -53 -54 0
-37 -40 -46 -44 -53 -51 0
-37 -40 -46 -44 -53 -52 0
-37 -40 -46 -44 -54 -51 0
-37 -40 -46 -44 -54 -52 0
-37 -40 -46 -44 -51 -52 0
-37 -40 -46 -53 -54 -51 0
-37 -40 -46 -53 -54 -52 0
-37 -40 -46 -53 -51 -52 0
-37 -40 -46 -54 -51 -52 0
-37 -40 -47 -48 -49 -50 0
-37 -40 -47 -48 -49 -43 0
-37 -40 -47 -48 -49 -44 0
-37 -40 -47 -48 -49 -53 0
-37 -40 -47 -48 -49 -54 0
-37 -40 -47 -48 -49 -51 0
-37 -40 -47 -48 -49 -52 0
-37 -40 -47 -48 -50 -43 0
-37 -40 -47 -48 -50 -44 0
-37 -40 -47 -48 -50 -53 0
-37 -40 -47 -48 -50 -54 0
-37 -40 -47 -48 -50 -51 0
-37 -40 -47 -48 -50 -52 0
-37 -40 -47 -48 -43 -44 0
-37 -40 -47 -48 -43 -53 0
-37 -40 -47 -48 -43 -54 0
-37 -40 -47 -48 -43 -51 0
-37 -40 -47 -48 -43 -52 0
-37 -40 -47 -48 -44 -53 0
-37 -40 -47 -48 -44 -54 0
-37 -40 -47 -48 -44 -51 0
-37 -40 -47 -48 -44 -52 0
-37 -40 -47 -48 -53 -54 0
-37 -40 -47 -48 -53 -51 0
-37 -40 -47 -48 -53 -52 0
-37 -40 -47 -48 -54 -51 0
-37 -40 -47 -48 -54 -52 0
-37 -40 -47 -48 -51 -52 0
-37 -40 -47 -49 -50 -43 0
-37 -40 -47 -49 -50 -44 0
-37 -40 -47 -49 -50 -53 0
-37 -40 -47 -49 -50 -54 0
-37 -40 -47 -49 -50 -51 0
-37 -40 -47 -49 -50 -52 0
-37 -40 -47 -49 -43 -44 0
-37 -40 -47 -49 -43 -53 0
-37 -40 -47 -49 -43 -54 0
-37 -40 -47 -49 -43 -51 0
-37 -40 -47 -49 -43 -52 0
-37 -40 -47 -49 -44 -53 0
-37 -40 -47 -49 -44 -54 0
-37 -40 -47 -49 -44 -51 0
-37 -40 -47 -49 -44 -52 0
-37 -40 -47 -49 -53 -54 0
-37 -40 -47 -49 -53 -51 0
-37 -40 -47 -49 -53 -52 0
-37 -40 -47 -49 -54 -51 0
-37 -40 -47 -49 -54 -52 0
-37 -40 -47 -49 -51 -52 0
-37 -40 -47 -50 -43 -44 0
-37 -40 -47 -50 -43 -53 0
-37 -40 -47 -50 -43 -54 0
-37 -40 -47 -50 -43 -51 0
-37 -40 -47 -50 -43 -52 0
-37 -40 -47 -50 -44 -53 0
-37 -40 -47 -50 -44 -54 0
-37 -40 -47 -50 -44 -51 0
-37 -40 -47 -50 -44 -52 0
-37 -40 -47 -50 -53 -54 0
-37 -40 -47 -50 -53 -51 0
-37 -40 -47 -50 -53 -52 0
-37 -40 -47 -50 -54 -51 0
-37 -40 -47 -50 -54 -52 0
-37 -40 -47 -50 -51 -52 0
-37 -40 -47 -43 -44 -53 0
-37 -40 -47 -43 -44 -54 0
-37 -40 -47 -43 -44 -51 0
-37 -40 -47 -43 -44 -52 0
-37 -40 -47 -43 -53 -54 0
-37 -40 -47 -43 -53 -51 0
-37 -40 -47 -43 -53 -52 0
-37 -40 -47 -43 -54 -51 0
-37 -40 -47 -43 -54 -52 0
-37 -40 -47 -43 -51 -52 0
-37 -40 -47 -44 -53 -54 0
-37 -40 -47 -44 -53 -51 0
-37 -40 -47 -44 -53 -52 0
-37 -40 -47 -44 -54 -51 0
-37 -40 -47 -44 -54 -52 0
-37 -40 -47 -44 -51 -52 0
-37 -40 -47 -53 -54 -51 0
-37 -40 -47 -53 -54 -52 0
-37 -40 -47 -53 -51 -52 0
-37 -40 -47 -54 -51 -52 0
-37 -40 -48 -49 -50 -43 0
-37 -40 -48 -49 -50 -44 0
-37 -40 -48 -49 -50 -53 0
-37 -40 -48 -49 -50 -54 0
-37 -40 -48 -49 -50 -51 0
-37 -40 -48 -49 -50 -52 0
-37 -40 -48 -49 -43 -44 0
-37 -40 -48 -49 -43 -53 0
-37 -40 -48 -49 -43 -54 0
-37 -40 -48 -49 -43 -51 0
-37 -40 -48 -49 -43 -52 0
-37 -40 -48 -49 -44 -53 0
-37 -40 -48 -49 -44 -54 0
-37 -40 -48 -49 -44 -51 0
-37 -40 -48 -49 -44 -52 0
-37 -40 -48 -49 -53 -54 0
-37 -40 -48 -49 -53 -51 0
-37 -40 -48 -49 -53 -52 0
-37 -40 -48 -49 -54 -51 0
-37 -40 -48 -49 -54 -52 0
-37 -40 -48 -49 -51 -52 0
-37 -40 -48 -50 -43 -44 0
-37 -40 -48 -50 -43 -53 0
-37 -40 -48 -50 -43 -54 0
-37 -40 -48 -50 -43 -51 0
-37 -40 -48 -50 -43 -52 0
-37 -40 -48 -50 -44 -53 0
-37 -40 -48 -50 -44 -54 0
-37 -40 -48 -50 -44 -51 0
-37 -40 -48 -50 -44 -52 0
-37 -40 -48 -50 -53 -54 0
-37 -40 -48 -50 -53 -51 0
-37 -40 -48 -50 -53 -52 0
-37 -40 -48 -50 -54 -51 0
-37 -40 -48 -50 -54 -52 0
-37 -40 -48 -50 -51 -52 0
-37 -40 -48 -43 -44 -53 0
-37 -40 -48 -43 -44 -54 0
-37 -40 -48 -43 -44 -51 0
-37 -40 -48 -43 -44 -52 0
-37 -40 -48 -43 -53 -54 0
-37 -40 -48 -43 -53 -51 0
-37 -40 -48 -43 -53 -52 0
-37 -40 -48 -43 -54 -51 0
-37 -40 -48 -43 -54 -52 0
-37 -40 -48 -43 -51 -52 0
-37 -40 -48 -44 -53 -54 0
-37 -40 -48 -44 -53 -51 0
-37 -40 -48 -44 -53 -52 0
-37 -40 -48 -44 -54 -51 0
-37 -40 -48 -44 -54 -52 0
-37 -40 -48 -44 -51 -52 0
-37 -40 -48 -53 -54 -51 0
-37 -40 -48 -53 -54 -52 0
-37 -40 -48 -53 -51 -52 0
-37 -40 -48 -54 -51 -52 0
-37 -40 -49 -50 -43 -44 0
-37 -40 -49 -50 -43 -53 0
-37 -40 -49 -50 -43 -54 0
-37 -40 -49 -50 -43 -51 0
-37 -40 -49 -50 -43 -52 0
-37 -40 -49 -50 -44 -53 0
-37 -40 -49 -50 -44 -54 0
-37 -40 -49 -50 -44 -51 0
-37 -40 -49 -50 -44 -52 0
-37 -40 -49 -50 -53 -54 0
-37 -40 -49 -50 -53 -51 0
-37 -40 -49 -50 -53 -52 0
-37 -40 -49 -50 -54 -51 0
-37 -40 -49 -50 -54 -52 0
-37 -40 -49 -50 -51 -52 0
-37 -40 -49 -43 -44 -53 0
-37 -40 -49 -43 -44 -54 0
-37 -40 -49 -43 -44 -51 0
-37 -40 -49 -43 -44 -52 0
-37 -40 -49 -43 -53 -54 0
-37 -40 -49 -43 -53 -51 0
-37 -40 -49 -43 -53 -52 0
-37 -40 -49 -43 -54 -51 0
-37 -40 -49 -43 -54 -52 0
-37 -40 -49 -43 -51 -52 0
-37 -40 -49 -44 -53 -54 0
-37 -40 -49 -44 -53 -51 0
-37 -40 -49 -44 -53 -52 0
-37 -40 -49 -44 -54 -51 0
-37 -40 -49 -44 -54 -52 0
-37 -40 -49 -44 -51 -52 0
-37 -40 -49 -53 -54 -51 0
-37 -40 -49 -53 -54 -52 0
-37 -40 -49 -53 -51 -52 0
-37 -40 -49 -54 -51 -52 0
-37 -40 -50 -43 -44 -53 0
-37 -40 -50 -43 -44 -54 0
-37 -40 -50 -43 -44 -51 0
-37 -40 -50 -43 -44 -52 0
-37 -40 -50 -43 -53 -54 0
-37 -40 -50 -43 -53 -51 0
-37 -40 -50 -43 -53 -52 0
-37 -40 -50 -43 -54 -51 0
-37 -40 -50 -43 -54 -52 0
-37 -40 -50 -43 -51 -52 0
-37 -40 -50 -44 -53 -54 0
-37 -40 -50 -44 -53 -51 0
-37 -40 -50 -44 -53 -52 0
-37 -40 -50 -44 -54 -51 0
-37 -40 -50 -44 -54 -52 0
-37 -40 -50 -44 -51 -52 0
-37 -40 -50 -53 -54 -51 0
-37 -40 -50 -53 -54 -52 0
-37 -40 -50 -53 -51 -52 0
-37 -40 -50 -54 -51 -52 0
-37 -40 -43 -44 -53 -54 0
-37 -40 -43 -44 -53 -51 0
-37 -40 -43 -44 -53 -52 0
-37 -40 -43 -44 -54 -51 0
-37 -40 -43 -44 -54 -52 0
-37 -40 -43 -44 -51 -52 0
-37 -40 -43 -53 -54 -51 0
-37 -40 -43 -53 -54 -52 0
-37 -40 -43 -53 -51 -52 0
-37 -40 -43 -54 -51 -52 0
-37 -40 -44 -53 -54 -51 0
-37 -40 -44 -53 -54 -52 0
-37 -40 -44 -53 -51 -52 0
-37 -40 -44 -54 -51 -52 0
-37 -40 -53 -54 -51 -52 0
-37 -41 -42 -45 -46 -47 0
-37 -41 -42 -45 -46 -48 0
-37 -41 -42 -45 -46 -49 0
-37 -41 -42 -45 -46 -50 0
-37 -41 -42 -45 -46 -43 0
-37 -41 -42 -45 -46 -44 0
-37 -41 -42 -45 -46 -53 0
-37 -41 -42 -45 -46 -54 0
-37 -41 -42 -45 -46 -51 0
-37 -41 -42 -45 -46 -52 0
-37 -41 -42 -45 -47 -48 0
-37 -41 -42 -45 -47 -49 0
-37 -41 -42 -45 -47 -50 0
-37 -41 -42 -45 -47 -43 0
-37 -41 -42 -45 -47 -44 0
-37 -41 -42 -45 -47 -53 0
-37 -41 -42 -45 -47 -54 0
-37 -41 -42 -45 -47 -51 0
-37 -41 -42 -45 -47 -52 0
-37 -41 -42 -45 -48 -49 0
-37 -41 -42 -45 -48 -50 0
-37 -41 -42 -45 -48 -43 0
-37 -41 -42 -45 -48 -44 0
-37 -41 -42 -45 -48 -53 0
-37 -41 -42 -45 -48 -54 0
-37 -41 -42 -45 -48 -51 0
-37 -41 -42 -45 -48 -52 0
-37 -41 -42 -45 -49 -50 0
-37 -41 -42 -45 -49 -43 0
-37 -41 -42 -45 -49 -44 0
-37 -41 -42 -45 -49 -53 0
-37 -41 -42 -45 -49 -54 0
-37 -41 -42 -45 -49 -51 0
-37 -41 -42 -45 -49 -52 0
-37 -41 -42 -45 -50 -43 0
-37 -41 -42 -45 -50 -44 0
-37 -41 -42 -45 -50 -53 0
-37 -41 -42 -45 -50 -54 0
-37 -41 -42 -45 -50 -51 0
-37 -41 -42 -45 -50 -52 0
-37 -41 -42 -45 -43 -44 0
-37 -41 -42 -45 -43 -53 0
-37 -41 -42 -45 -43 -54 0
-37 -41 -42 -45 -43 -51 0
-37 -41 -42 -45 -43 -52 0
-37 -41 -42 -45 -44 -53 0
-37 -41 -42 -45 -44 -54 0
-37 -41 -42 -45 -44 -51 0
-37 -41 -42 -45 -44 -52 0
-37 -41 -42 -45 -53 -54 0
-37 -41 -42 -45 -53 -51 0
-37 -41 -42 -45 -53 -52 0
-37 -41 -42 -45 -54 -51 0
-37 -41 -42 -45 -54 -52 0
-37 -41 -42 -45 -51 -52 0
-37 -41 -42 -46 -47 -48 0
-37 -41 -42 -46 -47 -49 0
-37 -41 -42 -46 -47 -50 0
-37 -41 -42 -46 -47 -43 0
-37 -41 -42 -46 -47 -44 0
-37 -41 -42 -46 -47 -53 0
-37 -41 -42 -46 -47 -54 0
-37 -41 -42 -46 -47 -51 0
-37 -41 -42 -46 -47 -52 0
-37 -41 -42 -46 -48 -49 0
-37 -41 -42 -46 -48 -50 0
-37 -41 -42 -46 -48 -43 0
-37 -41 -42 -46 -48 -44 0
-37 -41 -42 -46 -48 -53 0
-37 -41 -42 -46 -48 -54 0
-37 -41 -42 -46 -48 -51 0
-37 -41 -42 -46 -48 -52 0
-37 -41 -42 -46 -49 -50 0
-37 -41 -42 -46 -49 -43 0
-37 -41 -42 -46 -49 -44 0
-37 -41 -42 -46 -49 -53 0
-37 -41 -42 -46 -49 -54 0
-37 -41 -42 -46 -49 -51 0
-37 -41 -42 -46 -49 -52 0
-37 -41 -42 -46 -50 -43 0
-37 -41 -42 -46 -50 -44 0
-37 -41 -42 -46 -50 -53 0
-37 -41 -42 -46 -50 -54 0
-37 -41 -42 -46 -50 -51 0
-37 -41 -42 -46 -50 -52 0
-37 -41 -42 -46 -43 -44 0
-37 -41 -42 -46 -43 -53 0
-37 -41 -42 -46 -43 -54 0
-37 -41 -42 -46 -43 -51 0
-37 -41 -42 -46 -43 -52 0
-37 -41 -42 -46 -44 -53 0
-37 -41 -42 -46 -44 -54 0
-37 -41 -42 -46 -44 -51 0
-37 -41 -42 -46 -44 -52 0
-37 -41 -42 -46 -53 -54 0
-37 -41 -42 -46 -53 -51 0
-37 -41 -42 -46 -53 -52 0
-37 -41 -42 -46 -54 -51 0
-37 -41 -42 -46 -54 -52 0
-37 -41 -42 -46 -51 -52 0
-37 -41 -42 -47 -48 -49 0
-37 -41 -42 -47 -48 -50 0
-37 -41 -42 -47 -48 -43 0
-37 -41 -42 -47 -48 -44 0
-37 -41 -42 -47 -48 -53 0
-37 -41 -42 -47 -48 -54 0
-37 -41 -42 -47 -48 -51 0
-37 -41 -42 -47 -48 -52 0
-37 -41 -42 -47 -49 -50 0
-37 -41 -42 -47 -49 -43 0
-37 -41 -42 -47 -49 -44 0
-37 -41 -42 -47 -49 -53 0
-37 -41 -42 -47 -49 -54 0
-37 -41 -42 -47 -49 -51 0
-37 -41 -42 -47 -49 -52 0
-37 -41 -42 -47 -50 -43 0
-37 -41 -42 -47 -50 -44 0
-37 -41 -42 -47 -50 -53 0
-37 -41 -42 -47 -50 -54 0
-37 -41 -42 -47 -50 -51 0
-37 -41 -42 -47 -50 -52 0
-37 -41 -42 -47 -43 -44 0
-37 -41 -42 -47 -43 -53 0
-37 -41 -42 -47 -43 -54 0
-37 -41 -42 -47 -43 -51 0
-37 -41 -42 -47 -43 -52 0
-37 -41 -42 -47 -44 -53 0
-37 -41 -42 -47 -44 -54 0
-37 -41 -42 -47 -44 -51 0
-37 -41 -42 -47 -44 -52 0
-37 -41 -42 -47 -53 -54 0
-37 -41 -42 -47 -53 -51 0
-37 -41 -42 -47 -53 -52 0
-37 -41 -42 -47 -54 -51 0
-37 -41 -42 -47 -54 -52 0
-37 -41 -42 -47 -51 -52 0
-37 -41 -42 -48 -49 -50 0
-37 -41 -42 -48 -49 -43 0
-37 -41 -42 -48 -49 -44 0
-37 -41 -42 -48 -49 -53 0
-37 -41 -42 -48 -49 -54 0
-37 -41 -42 -48 -49 -51 0
-37 -41 -42 -48 -49 -52 0
-37 -41 -42 -48 -50 -43 0
-37 -41 -42 -48 -50 -44 0
-37 -41 -42 -48 -50 -53 0
-37 -41 -42 -48 -50 -54 0
-37 -41 -42 -48 -50 -51 0
-37 -41 -42 -48 -50 -52 0
-37 -41 -42 -48 -43 -44 0
-37 -41 -42 -48 -43 -53 0
-37 -41 -42 -48 -43 -54 0
-37 -41 -42 -48 -43 -51 0
-37 -41 -42 -48 -43 -52 0
-37 -41 -42 -48 -44 -53 0
-37 -41 -42 -48 -44 -54 0
-37 -41 -42 -48 -44 -51 0
-37 -41 -42 -48 -44 -52 0
-37 -41 -42 -48 -53 -54 0
-37 -41 -42 -48 -53 -51 0
-37 -41 -42 -48 -53 -52 0
-37 -41 -42 -48 -54 -51 0
-37 -41 -42 -48 -54 -52 0
-37 -41 -42 -48 -51 -52 0
-37 -41 -42 -49 -50 -43 0
-37 -41 -42 -49 -50 -44 0
-37 -41 -42 -49 -50 -53 0
-37 -41 -42 -49 -50 -54 0
-37 -41 -42 -49 -50 -51 0
-37 -41 -42 -49 -50 -52 0
-37 -41 -42 -49 -43 -44 0
-37 -41 -42 -49 -43 -53 0
-37 -41 -42 -49 -43 -54 0
-37 -41 -42 -49 -43 -51 0
-37 -41 -42 -49 -43 -52 0
-37 -41 -42 -49 -44 -53 0
-37 -41 -42 -49 -44 -54 0
-37 -41 -42 -49 -44 -51 0
-37 -41 -42 -49 -44 -52 0
-37 -41 -42 -49 -53 -54 0
-37 -41 -42 -49 -53 -51 0
-37 -41 -42 -49 -53 -52 0
-37 -41 -42 -49 -54 -51 0
-37 -41 -42 -49 -54 -52 0
-37 -41 -42 -49 -51 -52 0
-37 -41 -42 -50 -43 -44 0
-37 -41 -42 -50 -43 -53 0
-37 -41 -42 -50 -43 -54 0
-37 -41 -42 -50 -43 -51 0
-37 -41 -42 -50 -43 -52 0
-37 -41 -42 -50 -44 -53 0
-37 -41 -42 -50 -44 -54 0
-37 -41 -42 -50 -44 -51 0
-37 -41 -42 -50 -44 -52 0
-37 -41 -42 -50 -53 -54 0
-37 -41 -42 -50 -53 -51 0
-37 -41 -42 -50 -53 -52 0
-37 -41 -42 -50 -54 -51 0
-37 -41 -42 -50 -54 -52 0
-37 -41 -42 -50 -51 -52 0
-37 -41 -42 -43 -44 -53 0
-37 -41 -42 -43 -44 -54 0
-37 -41 -42 -43 -44 -51 0
-37 -41 -42 -43 -44 -52 0
-37 -41 -42 -43 -53 -54 0
-37 -41 -42 -43 -53 -51 0
-37 -41 -42 -43 -53 -52 0
-37 -41 -42 -43 -54 -51 0
-37 -41 -42 -43 -54 -52 0
-37 -41 -42 -43 -51 -52 0
-37 -41 -42 -44 -53 -54 0
-37 -41 -42 -44 -53 -51 0
-37 -41 -42 -44 -53 -52 0
-37 -41 -42 -44 -54 -51 0
-37 -41 -42 -44 -54 -52 0
-37 -41 -42 -44 -51 -52 0
-37 -41 -42 -53 -54 -51 0
-37 -41 -42 -53 -54 -52 0
-37 -41 -42 -53 -51 -52 0
-37 -41 -42 -54 -51 -52 0
-37 -41 -45 -46 -47 -48 0
-37 -41 -45 -46 -47 -49 0
-37 -41 -45 -46 -47 -50 0
-37 -41 -45 -46 -47 -43 0
-37 -41 -45 -46 -47 -44 0
-37 -41 -45 -46 -47 -53 0
-37 -41 -45 -46 -47 -54 0
-37 -41 -45 -46 -47 -51 0
-37 -41 -45 -46 -47 -52 0
-37 -41 -45 -46 -48 -49 0
-37 -41 -45 -46 -48 -50 0
-37 -41 -45 -46 -48 -43 0
-37 -41 -45 -46 -48 -44 0
-37 -41 -45 -46 -48 -53 0
-37 -41 -45 -46 -48 -54 0
-37 -41 -45 -46 -48 -51 0
-37 -41 -45 -46 -48 -52 0
-37 -41 -45 -46 -49 -50 0
-37 -41 -45 -46 -49 -43 0
-37 -41 -45 -46 -49 -44 0
-37 -41 -45 -46 -49 -53 0
-37 -41 -45 -46 -49 -54 0
-37 -41 -45 -46 -49 -51 0
-37 -41 -45 -46 -49 -52 0
-37 -41 -45 -46 -50 -43 0
-37 -41 -45 -46 -50 -44 0
-37 -41 -45 -46 -50 -53 0
-37 -41 -45 -46 -50 -54 0
-37 -41 -45 -46 -50 -51 0
-37 -41 -45 -46 -50 -52 0
-37 -41 -45 -46 -43 -44 0
-37 -41 -45 -46 -43 -53 0
-37 -41 -45 -46 -43 -54 0
-37 -41 -45 -46 -43 -51 0
-37 -41 -45 -46 -43 -52 0
-37 -41 -45 -46 -44 -53 0
-37 -41 -45 -46 -44 -54 0
-37 -41 -45 -46 -44 -51 0
-37 -41 -45 -46 -44 -52 0
-37 -41 -45 -46 -53 -54 0
-37 -41 -45 -46 -53 -51 0
-37 -41 -45 -46 -53 -52 0
-37 -41 -45 -46 -54 -51 0
-37 -41 -45 -46 -54 -52 0
-37 -41 -45 -46 -51 -52 0
-37 -41 -45 -47 -48 -49 0
-37 -41 -45 -47 -48 -50 0
-37 -41 -45 -47 -48 -43 0
-37 -41 -45 -47 -48 -44 0
-37 -41 -45 -47 -48 -53 0
-37 -41 -45 -47 -48 -54 0
-37 -41 -45 -47 -48 -51 0
-37 -41 -45 -47 -48 -52 0
-37 -41 -45 -47 -49 -50 0
-37 -41 -45 -47 -49 -43 0
-37 -41 -45 -47 -49 -44 0
-37 -41 -45 -47 -49 -53 0
-37 -41 -45 -47 -49 -54 0
-37 -41 -45 -47 -49 -51 0
-37 -41 -45 -47 -49 -52 0
-37 -41 -45 -47 -50 -43 0
-37 -41 -45 -47 -50 -44 0
-37 -41 -45 -47 -50 -53 0
-37 -41 -45 -47 -50 -54 0
-37 -41 -45 -47 -50 -51 0
-37 -41 -45 -47 -50 -52 0
-37 -41 -45 -47 -43 -44 0
-37 -41 -45 -47 -43 -53 0
-37 -41 -45 -47 -43 -54 0
-37 -41 -45 -47 -43 -51 0
-37 -41 -45 -47 -43 -52 0
-37 -41 -45 -47 -44 -53 0
-37 -41 -45 -47 -44 -54 0
-37 -41 -45 -47 -44 -51 0
-37 -41 -45 -47 -44 -52 0
-37 -41 -45 -47 -53 -54 0
-37 -41 -45 -47 -53 -51 0
-37 -41 -45 -47 -53 -52 0
-37 -41 -45 -47 -54 -51 0
-37 -41 -45 -47 -54 -52 0
-37 -41 -45 -47 -51 -52 0
-37 -41 -45 -48 -49 -50 0
-37 -41 -45 -48 -49 -43 0
-37 -41 -45 -48 -49 -44 0
-37 -41 -45 -48 -49 -53 0
-37 -41 -45 -48 -49 -54 0
-37 -41 -45 -48 -49 -51 0
-37 -41 -45 -48 -49 -52 0
-37 -41 -45 -48 -50 -43 0
-37 -41 -45 -48 -50 -44 0
-37 -41 -45 -48 -50 -53 0
-37 -41 -45 -48 -50 -54 0
-37 -41 -45 -48 -50 -51 0
-37 -41 -45 -48 -50 -52 0
-37 -41 -45 -48 -43 -44 0
-37 -41 -45 -48 -43 -53 0
-37 -41 -45 -48 -43 -54 0
-37 -41 -45 -48 -43 -51 0
-37 -41 -45 -48 -43 -52 0
-37 -41 -45 -48 -44 -53 0
-37 -41 -45 -48 -44 -54 0
-37 -41 -45 -48 -44 -51 0
-37 -41 -45 -48 -44 -52 0
-37 -41 -45 -48 -53 -54 0
-37 -41 -45 -48 -53 -51 0
-37 -41 -45 -48 -53 -52 0
-37 -41 -45 -48 -54 -51 0
-37 -41 -45 -48 -54 -52 0
-37 -41 -45 -48 -51 -52 0
-37 -41 -45 -49 -50 -43 0
-37 -41 -45 -49 -50 -44 0
-37 -41 -45 -49 -50 -53 0
-37 -41 -45 -49 -50 -54 0
-37 -41 -45 -49 -50 -51 0
-37 -41 -45 -49 -50 -52 0
-37 -41 -45 -49 -43 -44 0
-37 -41 -45 -49 -43 -53 0
-37 -41 -45 -49 -43 -54 0
-37 -41 -45 -49 -43 -51 0
-37 -41 -45 -49 -43 -52 0
-37 -41 -45 -49 -44 -53 0
-37 -41 -45 -49 -44 -54 0
-37 -41 -45 -49 -44 -51 0
-37 -41 -45 -49 -44 -52 0
-37 -41 -45 -49 -53 -54 0
-37 -41 -45 -49 -53 -51 0
-37 -41 -45 -49 -53 -52 0
-37 -41 -45 -49 -54 -51 0
-37 -41 -45 -49 -54 -52 0
-37 -41 -45 -49 -51 -52 0
-37 -41 -45 -50 -43 -44 0
-37 -41 -45 -50 -43 -53 0
-37 -41 -45 -50 -43 -54 0
-37 -41 -45 -50 -43 -51 0
-37 -41 -45 -50 -43 -52 0
-37 -41 -45 -50 -44 -53 0
-37 -41 -45 -50 -44 -54 0
-37 -41 -45 -50 -44 -51 0
-37 -41 -45 -50 -44 -52 0
-37 -41 -45 -50 -53 -54 0
-37 -41 -45 -50 -53 -51 0
-37 -41 -45 -50 -53 -52 0
-37 -41 -45 -50 -54 -51 0
-37 -41 -45 -50 -54 -52 0
-37 -41 -45 -50 -51 -52 0
-37 -41 -45 -43 -44 -53 0
-37 -41 -45 -43 -44 -54 0
-37 -41 -45 -43 -44 -51 0
-37 -41 -45 -43 -44 -52 0
-37 -41 -45 -43 -53 -54 0
-37 -41 -45 -43 -53 -51 0
-37 -41 -45 -43 -53 -52 0
-37 -41 -45 -43 -54 -51 0
-37 -41 -45 -43 -54 -52 0
-37 -41 -45 -43 -51 -52 0
-37 -41 -45 -44 -53 -54 0
-37 -41 -45 -44 -53 -51 0
-37 -41 -45 -44 -53 -52 0
-37 -41 -45 -44 -54 -51 0
-37 -41 -45 -44 -54 -52 0
-37 -41 -45 -44 -51 -52 0
-37 -41 -45 -53 -54 -51 0
-37 -41 -45 -53 -54 -52 0
-37 -41 -45 -53 -51 -52 0
-37 -41 -45 -54 -51 -52 0
-37 -41 -46 -47 -48 -49 0
-37 -41 -46 -47 -48 -50 0
-37 -41 -46 -47 -48 -43 0
-37 -41 -46 -47 -48 -44 0
-37 -41 -46 -47 -48 -53 0
-37 -41 -46 -47 -48 -54 0
-37 -41 -46 -47 -48 -51 0
-37 -41 -46 -47 -48 -52 0
-37 -41 -46 -47 -49 -50 0
-37 -41 -46 -47 -49 -43 0
-37 -41 -46 -47 -49 -44 0
-37 -41 -46 -47 -49 -53 0
-37 -41 -46 -47 -49 -54 0
-37 -41 -46 -47 -49 -51 0
-37 -41 -46 -47 -49 -52 0
-37 -41 -46 -47 -50 -43 0
-37 -41 -46 -47 -50 -44 0
-37 -41 -46 -47 -50 -53 0
-37 -41 -46 -47 -50 -54 0
-37 -41 -46 -47 -50 -51 0
-37 -41 -46 -47 -50 -52 0
-37 -41 -46 -47 -43 -44 0
-37 -41 -46 -47 -43 -53 0
-37 -41 -46 -47 -43 -54 0
-37 -41 -46 -47 -43 -51 0
-37 -41 -46 -47 -43 -52 0
-37 -41 -46 -47 -44 -53 0
-37 -41 -46 -47 -44 -54 0
-37 -41 -46 -47 -44 -51 0
-37 -41 -46 -47 -44 -52 0
-37 -41 -46 -47 -53 -54 0
-37 -41 -46 -47 -53 -51 0
-37 -41 -46 -47 -53 -52 0
-37 -41 -46 -47 -54 -51 0
-37 -41 -46 -47 -54 -52 0
-37 -41 -46 -47 -51 -52 0
-37 -41 -46 -48 -49 -50 0
-37 -41 -46 -48 -49 -43 0
-37 -41 -46 -48 -49 -44 0
-37 -41 -46 -48 -49 -53 0
-37 -41 -46 -48 -49 -54 0
-37 -41 -46 -48 -49 -51 0
-37 -41 -46 -48 -49 -52 0
-37 -41 -46 -48 -50 -43 0
-37 -41 -46 -48 -50 -44 0
-37 -41 -46 -48 -50 -53 0
-37 -41 -46 -48 -50 -54 0
-37 -41 -46 -48 -50 -51 0
-37 -41 -46 -48 -50 -52 0
-37 -41 -46 -48 -43 -44 0
-37 -41 -46 -48 -43 -53 0
-37 -41 -46 -48 -43 -54 0
-37 -41 -46 -48 -43 -51 0
-37 -41 -46 -48 -43 -52 0
-37 -41 -46 -48 -44 -53 0
-37 -41 -46 -48 -44 -54 0
-37 -41 -46 -48 -44 -51 0
-37 -41 -46 -48 -44 -52 0
-37 -41 -46 -48 -53 -54 0
-37 -41 -46 -48 -53 -51 0
-37 -41 -46 -48 -53 -52 0
-37 -41 -46 -48 -54 -51 0
-37 -41 -46 -48 -54 -52 0
-37 -41 -46 -48 -51 -52 0
-37 -41 -46 -49 -50 -43 0
-37 -41 -46 -49 -50 -44 0
-37 -41 -46 -49 -50 -53 0
-37 -41 -46 -49 -50 -54 0
-37 -41 -46 -49 -50 -51 0
-37 -41 -46 -49 -50 -52 0
-37 -41 -46 -49 -43 -44 0
-37 -41 -46 -49 -43 -53 0
-37 -41 -46 -49 -43 -54 0
-37 -41 -46 -49 -43 -51 0
-37 -41 -46 -49 -43 -52 0
-37 -41 -46 -49 -44 -53 0
-37 -41 -46 -49 -44 -54 0
-37 -41 -46 -49 -44 -51 0
-37 -41 -46 -49 -44 -52 0
-37 -41 -46 -49 -53 -54 0
-37 -41 -46 -49 -53 -51 0
-37 -41 -46 -49 -53 -52 0
-37 -41 -46 -49 -54 -51 0
-37 -41 -46 -49 -54 -52 0
-37 -41 -46 -49 -51 -52 0
-37 -41 -46 -50 -43 -44 0
-37 -41 -46 -50 -43 -53 0
-37 -41 -46 -50 -43 -54 0
-37 -41 -46 -50 -43 -51 0
-37 -41 -46 -50 -43 -52 0
-37 -41 -46 -50 -44 -53 0
-37 -41 -46 -50 -44 -54 0
-37 -41 -46 -50 -44 -51 0
-37 -41 -46 -50 -44 -52 0
-37 -41 -46 -50 -53 -54 0
-37 -41 -46 -50 -53 -51 0
-37 -41 -46 -50 -53 -52 0
-37 -41 -46 -50 -54 -51 0
-37 -41 -46 -50 -54 -52 0
-37 -41 -46 -50 -51 -52 0
-37 -41 -46 -43 -44 -53 0
-37 -41 -46 -43 -44 -54 0
-37 -41 -46 -43 -44 -51 0
-37 -41 -46 -43 -44 -52 0
-37 -41 -46 -43 -53 -54 0
-37 -41 -46 -43 -53 -51 0
-37 -41 -46 -43 -53 -52 0
-37 -41 -46 -43 -54 -51 0
-37 -41 -46 -43 -54 -52 0
-37 -41 -46 -43 -51 -52 0
-37 -41 -46 -44 -53 -54 0
-37 -41 -46 -44 -53 -51 0
-37 -41 -46 -44 -53 -52 0
-37 -41 -46 -44 -54 -51 0
-37 -41 -46 -44 -54 -52 0
-37 -41 -46 -44 -51 -52 0
-37 -41 -46 -53 -54 -51 0
-37 -41 -46 -53 -54 -52 0
-37 -41 -46 -53 -51 -52 0
-37 -41 -46 -54 -51 -52 0
-37 -41 -47 -48 -49 -50 0
-37 -41 -47 -48 -49 -43 0
-37 -41 -47 -48 -49 -44 0
-37 -41 -47 -48 -49 -53 0
-37 -41 -47 -48 -49 -54 0
-37 -41 -47 -48 -49 -51 0
-37 -41 -47 -48 -49 -52 0
-37 -41 -47 -48 -50 -43 0
-37 -41 -47 -48 -50 -44 0
-37 -41 -47 -48 -50 -53 0
-37 -41 -47 -48 -50 -54 0
-37 -41 -47 -48 -50 -51 0
-37 -41 -47 -48 -50 -52 0
-37 -41 -47 -48 -43 -44 0
-37 -41 -47 -48 -43 -53 0
-37 -41 -47 -48 -43 -54 0
-37 -41 -47 -48 -43 -51 0
-37 -41 -47 -48 -43 -52 0
-37 -41 -47 -48 -44 -53 0
-37 -41 -47 -48 -44 -54 0
-37 -41 -47 -48 -44 -51 0
-37 -41 -47 -48 -44 -52 0
-37 -41 -47 -48 -53 -54 0
-37 -41 -47 -48 -53 -51 0
-37 -41 -47 -48 -53 -52 0
-37 -41 -47 -48 -54 -51 0
-37 -41 -47 -48 -54 -52 0
-37 -41 -47 -48 -51 -52 0
-37 -41 -47 -49 -50 -43 0
-37 -41 -47 -49 -50 -44 0
-37 -41 -47 -49 -50 -53 0
-37 -41 -47 -49 -50 -54 0
-37 -41 -47 -49 -50 -51 0
-37 -41 -47 -49 -50 -52 0
-37 -41 -47 -49 -43 -44 0
-37 -41 -47 -49 -43 -53 0
-37 -41 -47 -49 -43 -54 0
-37 -41 -47 -49 -43 -51 0
-37 -41 -47 -49 -43 -52 0
-37 -41 -47 -49 -44 -53 0
-37 -41 -47 -49 -44 -54 0
-37 -41 -47 -49 -44 -51 0
-37 -41 -47 -49 -44 -52 0
-37 -41 -47 -49 -53 -54 0
-37 -41 -47 -49 -53 -51 0
-37 -41 -47 -49 -53 -52 0
-37 -41 -47 -49 -54 -51 0
-37 -41 -47 -49 -54 -52 0
-37 -41 -47 -49 -51 -52 0
-37 -41 -47 -50 -43 -44 0
-37 -41 -47 -50 -43 -53 0
-37 -41 -47 -50 -43 -54 0
-37 -41 -47 -50 -43 -51 0
-37 -41 -47 -50 -43 -52 0
-37 -41 -47 -50 -44 -53 0
-37 -41 -47 -50 -44 -54 0
-37 -41 -47 -50 -44 -51 0
-37 -41 -47 -50 -44 -52 0
-37 -41 -47 -50 -53 -54 0
-37 -41 -47 -50 -53 -51 0
-37 -41 -47 -50 -53 -52 0
-37 -41 -47 -50 -54 -51 0
-37 -41 -47 -50 -54 -52 0
-37 -41 -47 -50 -51 -52 0
-37 -41 -47 -43 -44 -53 0
-37 -41 -47 -43 -44 -54 0
-37 -41 -47 -43 -44 -51 0
-37 -41 -47 -43 -44 -52 0
-37 -41 -47 -43 -53 -54 0
-37 -41 -47 -43 -53 -51 0
-37 -41 -47 -43 -53 -52 0
-37 -41 -47 -43 -54 -51 0
-37 -41 -47 -43 -54 -52 0
-37 -41 -47 -43 -51 -52 0
-37 -41 -47 -44 -53 -54 0
-37 -41 -47 -44 -53 -51 0
-37 -41 -47 -44 -53 -52 0
-37 -41 -47 -44 -54 -51 0
-37 -41 -47 -44 -54 -52 0
-37 -41 -47 -44 -51 -52 0
-37 -41 -47 -53 -54 -51 0
-37 -41 -47 -53 -54 -52 0
-37 -41 -47 -53 -51 -52 0
-37 -41 -47 -54 -51 -52 0
-37 -41 -48 -49 -50 -43 0
-37 -41 -48 -49 -50 -44 0
-37 -41 -48 -49 -50 -53 0
-37 -41 -48 -49 -50 -54 0
-37 -41 -48 -49 -50 -51 0
-37 -41 -48 -49 -50 -52 0
-37 -41 -48 -49 -43 -44 0
-37 -41 -48 -49 -43 -53 0
-37 -41 -48 -49 -43 -54 0
-37 -41 -48 -49 -43 -51 0
-37 -41 -48 -49 -43 -52 0
-37 -41 -48 -49 -44 -53 0
-37 -41 -48 -49 -44 -54 0
-37 -41 -48 -49 -44 -51 0
-37 -41 -48 -49 -44 -52 0
-37 -41 -48 -49 -53 -54 0
-37 -41 -48 -49 -53 -51 0
-37 -41 -48 -49 -53 -52 0
-37 -41 -48 -49 -54 -51 0
-37 -41 -48 -49 -54 -52 0
-37 -41 -48 -49 -51 -52 0
-37 -41 -48 -50 -43 -44 0
-37 -41 -48 -50 -43 -53 0
-37 -41 -48 -50 -43 -54 0
-37 -41 -48 -50 -43 -51 0
-37 -41 -48 -50 -43 -52 0
-37 -41 -48 -50 -44 -53 0
-37 -41 -48 -50 -44 -54 0
-37 -41 -48 -50 -44 -51 0
-37 -41 -48 -50 -44 -52 0
-37 -41 -48 -50 -53 -54 0
-37 -41 -48 -50 -53 -51 0
-37 -41 -48 -50 -53 -52 0
-37 -41 -48 -50 -54 -51 0
-37 -41 -48 -50 -54 -52 0
-37 -41 -48 -50 -51 -52 0
-37 -41 -48 -43 -44 -53 0
-37 -41 -48 -43 -44 -54 0
-37 -41 -48 -43 -44 -51 0
-37 -41 -48 -43 -44 -52 0
-37 -41 -48 -43 -53 -54 0
-37 -41 -48 -43 -53 -51 0
-37 -41 -48 -43 -53 -52 0
-37 -41 -48 -43 -54 -51 0
-37 -41 -48 -43 -54 -52 0
-37 -41 -48 -43 -51 -52 0
-37 -41 -48 -44 -53 -54 0
-37 -41 -48 -44 -53 -51 0
-37 -41 -48 -44 -53 -52 0
-37 -41 -48 -44 -54 -51 0
-37 -41 -48 -44 -54 -52 0
-37 -41 -48 -44 -51 -52 0
-37 -41 -48 -53 -54 -51 0
-37 -41 -48 -53 -54 -52 0
-37 -41 -48 -53 -51 -52 0
-37 -41 -48 -54 -51 -52 0
-37 -41 -49 -50 -43 -44 0
-37 -41 -49 -50 -43 -53 0
-37 -41 -49 -50 -43 -54 0
-37 -41 -49 -50 -43 -51 0
-37 -41 -49 -50 -43 -52 0
-37 -41 -49 -50 -44 -53 0
-37 -41 -49 -50 -44 -54 0
-37 -41 -49 -50 -44 -51 0
-37 -41 -49 -50 -44 -52 0
-37 -41 -49 -50 -53 -54 0
-37 -41 -49 -50 -53 -51 0
-37 -41 -49 -50 -53 -52 0
-37 -41 -49 -50 -54 -51 0
-37 -41 -49 -50 -54 -52 0
-37 -41 -49 -50 -51 -52 0
-37 -41 -49 -43 -44 -53 0
-37 -41 -49 -43 -44 -54 0
-37 -41 -49 -43 -44 -51 0
-37 -41 -49 -43 -44 -52 0
-37 -41 -49 -43 -53 -54 0
-37 -41 -49 -43 -53 -51 0
-37 -41 -49 -43 -53 -52 0
-37 -41 -49 -43 -54 -51 0
-37 -41 -49 -43 -54 -52 0
-37 -41 -49 -43 -51 -52 0
-37 -41 -49 -44 -53 -54 0
-37 -41 -49 -44 -53 -51 0
-37 -41 -49 -44 -53 -52 0
-37 -41 -49 -44 -54 -51 0
-37 -41 -49 -44 -54 -52 0
-37 -41 -49 -44 -51 -52 0
-37 -41 -49 -53 -54 -51 0
-37 -41 -49 -53 -54 -52 0
-37 -41 -49 -53 -51 -52 0
-37 -41 -49 -54 -51 -52 0
-37 -41 -50 -43 -44 -53 0
-37 -41 -50 -43 -44 -54 0
-37 -41 -50 -43 -44 -51 0
-37 -41 -50 -43 -44 -52 0
-37 -41 -50 -43 -53 -54 0
-37 -41 -50 -43 -53 -51 0
-37 -41 -50 -43 -53 -52 0
-37 -41 -50 -43 -54 -51 0
-37 -41 -50 -43 -54 -52 0
-37 -41 -50 -43 -51 -52 0
-37 -41 -50 -44 -53 -54 0
-37 -41 -50 -44 -53 -51 0
-37 -41 -50 -44 -53 -52 0
-37 -41 -50 -44 -54 -51 0
-37 -41 -50 -44 -54 -52 0
-37 -41 -50 -44 -51 -52 0
-37 -41 -50 -53 -54 -51 0
-37 -41 -50 -53 -54 -52 0
-37 -41 -50 -53 -51 -52 0
-37 -41 -50 -54 -51 -52 0
-37 -41 -43 -44 -53 -54 0
-37 -41 -43 -44 -53 -51 0
-37 -41 -43 -44 -53 -52 0
-37 -41 -43 -44 -54 -51 0
-37 -41 -43 -44 -54 -52 0
-37 -41 -43 -44 -51 -52 0
-37 -41 -43 -53 -54 -51 0
-37 -41 -43 -53 -54 -52 0
-37 -41 -43 -53 -51 -52 0
-37 -41 -43 -54 -51 -52 0
-37 -41 -44 -53 -54 -51 0
-37 -41 -44 -53 -54 -52 0
-37 -41 -44 -53 -51 -52 0
-37 -41 -44 -54 -51 -52 0
-37 -41 -53 -54 -51 -52 0
-37 -42 -45 -46 -47 -48 0
-37 -42 -45 -46 -47 -49 0
-37 -42 -45 -46 -47 -50 0
-37 -42 -45 -46 -47 -43 0
-37 -42 -45 -46 -47 -44 0
-37 -42 -45 -46 -47 -53 0
-37 -42 -45 -46 -47 -54 0
-37 -42 -45 -46 -47 -51 0
-37 -42 -45 -46 -47 -52 0
-37 -42 -45 -46 -48 -49 0
-37 -42 -45 -46 -48 -50 0
-37 -42 -45 -46 -48 -43 0
-37 -42 -45 -46 -48 -44 0
-37 -42 -45 -46 -48 -53 0
-37 -42 -45 -46 -48 -54 0
-37 -42 -45 -46 -48 -51 0
-37 -42 -45 -46 -48 -52 0
-37 -42 -45 -46 -49 -50 0
-37 -42 -45 -46 -49 -43 0
-37 -42 -45 -46 -49 -44 0
-37 -42 -45 -46 -49 -53 0
-37 -42 -45 -46 -49 -54 0
-37 -42 -45 -46 -49 -51 0
-37 -42 -45 -46 -49 -52 0
-37 -42 -45 -46 -50 -43 0
-37 -42 -45 -46 -50 -44 0
-37 -42 -45 -46 -50 -53 0
-37 -42 -45 -46 -50 -54 0
-37 -42 -45 -46 -50 -51 0
-37 -42 -45 -46 -50 -52 0
-37 -42 -45 -46 -43 -44 0
-37 -42 -45 -46 -43 -53 0
-37 -42 -45 -46 -43 -54 0
-37 -42 -45 -46 -43 -51 0
-37 -42 -45 -46 -43 -52 0
-37 -42 -45 -46 -44 -53 0
-37 -42 -45 -46 -44 -54 0
-37 -42 -45 -46 -44 -51 0
-37 -42 -45 -46 -44 -52 0
-37 -42 -45 -46 -53 -54 0
-37 -42 -45 -46 -53 -51 0
-37 -42 -45 -46 -53 -52 0
-37 -42 -45 -46 -54 -51 0
-37 -42 -45 -46 -54 -52 0
-37 -42 -45 -46 -51 -52 0
-37 -42 -45 -47 -48 -49 0
-37 -42 -45 -47 -48 -50 0
-37 -42 -45 -47 -48 -43 0
-37 -42 -45 -47 -48 -44 0
-37 -42 -45 -47 -48 -53 0
-37 -42 -45 -47 -48 -54 0
-37 -42 -45 -47 -48 -51 0
-37 -42 -45 -47 -48 -52 0
-37 -42 -45 -47 -49 -50 0
-37 -42 -45 -47 -49 -43 0
-37 -42 -45 -47 -49 -44 0
-37 -42 -45 -47 -49 -53 0
-37 -42 -45 -47 -49 -54 0
-37 -42 -45 -47 -49 -51 0
-37 -42 -45 -47 -49 -52 0
-37 -42 -45 -47 -50 -43 0
-37 -42 -45 -47 -50 -44 0
-37 -42 -45 -47 -50 -53 0
-37 -42 -45 -47 -50 -54 0
-37 -42 -45 -47 -50 -51 0
-37 -42 -45 -47 -50 -52 0
-37 -42 -45 -47 -43 -44 0
-37 -42 -45 -47 -43 -53 0
-37 -42 -45 -47 -43 -54 0
-37 -42 -45 -47 -43 -51 0
-37 -42 -45 -47 -43 -52 0
-37 -42 -45 -47 -44 -53 0
-37 -42 -45 -47 -44 -54 0
-37 -42 -45 -47 -44 -51 0
-37 -42 -45 -47 -44 -52 0
-37 -42 -45 -47 -53 -54 0
-37 -42 -45 -47 -53 -51 0
-37 -42 -45 -47 -53 -52 0
-37 -42 -45 -47 -54 -51 0
-37 -42 -45 -47 -54 -52 0
-37 -42 -45 -47 -51 -52 0
-37 -42 -45 -48 -49 -50 0
-37 -42 -45 -48 -49 -43 0
-37 -42 -45 -48 -49 -44 0
-37 -42 -45 -48 -49 -53 0
-37 -42 -45 -48 -49 -54 0
-37 -42 -45 -48 -49 -51 0
-37 -42 -45 -48 -49 -52 0
-37 -42 -45 -48 -50 -43 0
-37 -42 -45 -48 -50 -44 0
-37 -42 -45 -48 -50 -53 0
-37 -42 -45 -48 -50 -54 0
-37 -42 -45 -48 -50 -51 0
-37 -42 -45 -48 -50 -52 0
-37 -42 -45 -48 -43 -44 0
-37 -42 -45 -48 -43 -53 0
-37 -42 -45 -48 -43 -54 0
-37 -42 -45 -48 -43 -51 0
-37 -42 -45 -48 -43 -52 0
-37 -42 -45 -48 -44 -53 0
-37 -42 -45 -48 -44 -54 0
-37 -42 -45 -48 -44 -51 0
-37 -42 -45 -48 -44 -52 0
-37 -42 -45 -48 -53 -54 0
-37 -42 -45 -48 -53 -51 0
-37 -42 -45 -48 -53 -52 0
-37 -42 -45 -48 -54 -51 0
-37 -42 -45 -48 -54 -52 0
-37 -42 -45 -48 -51 -52 0
-37 -42 -45 -49 -50 -43 0
-37 -42 -45 -49 -50 -44 0
-37 -42 -45 -49 -50 -53 0
-37 -42 -45 -49 -50 -54 0
-37 -42 -45 -49 -50 -51 0
-37 -42 -45 -49 -50 -52 0
-37 -42 -45 -49 -43 -44 0
-37 -42 -45 -49 -43 -53 0
-37 -42 -45 -49 -43 -54 0
-37 -42 -45 -49 -43 -51 0
-37 -42 -45 -49 -43 -52 0
-37 -42 -45 -49 -44 -53 0
-37 -42 -45 -49 -44 -54 0
-37 -42 -45 -49 -44 -51 0
-37 -42 -45 -49 -44 -52 0
-37 -42 -45 -49 -53 -54 0
-37 -42 -45 -49 -53 -51 0
-37 -42 -45 -49 -53 -52 0
-37 -42 -45 -49 -54 -51 0
-37 -42 -45 -49 -54 -52 0
-37 -42 -45 -49 -51 -52 0
-37 -42 -45 -50 -43 -44 0
-37 -42 -45 -50 -43 -53 0
-37 -42 -45 -50 -43 -54 0
-37 -42 -45 -50 -43 -51 0
-37 -42 -45 -50 -43 -52 0
-37 -42 -45 -50 -44 -53 0
-37 -42 -45 -50 -44 -54 0
-37 -42 -45 -50 -44 -51 0
-37 -42 -45 -50 -44 -52 0
-37 -42 -45 -50 -53 -54 0
-37 -42 -45 -50 -53 -51 0
-37 -42 -45 -50 -53 -52 0
-37 -42 -45 -50 -54 -51 0
-37 -42 -45 -50 -54 -52 0
-37 -42 -45 -50 -51 -52 0
-37 -42 -45 -43 -44 -53 0
-37 -42 -45 -43 -44 -54 0
-37 -42 -45 -43 -44 -51 0
-37 -42 -45 -43 -44 -52 0
-37 -42 -45 -43 -53 -54 0
-37 -42 -45 -43 -53 -51 0
-37 -42 -45 -43 -53 -52 0
-37 -42 -45 -43 -54 -51 0
-37 -42 -45 -43 -54 -52 0
-37 -42 -45 -43 -51 -52 0
-37 -42 -45 -44 -53 -54 0
-37 -42 -45 -44 -53 -51 0
-37 -42 -45 -44 -53 -52 0
-37 -42 -45 -44 -54 -51 0
-37 -42 -45 -44 -54 -52 0
-37 -42 -45 -44 -51 -52 0
-37 -42 -45 -53 -54 -51 0
-37 -42 -45 -53 -54 -52 0
-37 -42 -45 -53 -51 -52 0
-37 -42 -45 -54 -51 -52 0
-37 -42 -46 -47 -48 -49 0
-37 -42 -46 -47 -48 -50 0
-37 -42 -46 -47 -48 -43 0
-37 -42 -46 -47 -48 -44 0
-37 -42 -46 -47 -48 -53 0
-37 -42 -46 -47 -48 -54 0
-37 -42 -46 -47 -48 -51 0
-37 -42 -46 -47 -48 -52 0
-37 -42 -46 -47 -49 -50 0
-37 -42 -46 -47 -49 -43 0
-37 -42 -46 -47 -49 -44 0
-37 -42 -46 -47 -49 -53 0
-37 -42 -46 -47 -49 -54 0
-37 -42 -46 -47 -49 -51 0
-37 -42 -46 -47 -49 -52 0
-37 -42 -46 -47 -50 -43 0
-37 -42 -46 -47 -50 -44 0
-37 -42 -46 -47 -50 -53 0
-37 -42 -46 -47 -50 -54 0
-37 -42 -46 -47 -50 -51 0
-37 -42 -46 -47 -50 -52 0
-37 -42 -46 -47 -43 -44 0
-37 -42 -46 -47 -43 -53 0
-37 -42 -46 -47 -43 -54 0
-37 -42 -46 -47 -43 -51 0
-37 -42 -46 -47 -43 -52 0
-37 -42 -46 -47 -44 -53 0
-37 -42 -46 -47 -44 -54 0
-37 -42 -46 -47 -44 -51 0
-37 -42 -46 -47 -44 -52 0
-37 -42 -46 -47 -53 -54 0
-37 -42 -46 -47 -53 -51 0
-37 -42 -46 -47 -53 -52 0
-37 -42 -46 -47 -54 -51 0
-37 -42 -46 -47 -54 -52 0
-37 -42 -46 -47 -51 -52 0
-37 -42 -46 -48 -49 -50 0
-37 -42 -46 -48 -49 -43 0
-37 -42 -46 -48 -49 -44 0
-37 -42 -46 -48 -49 -53 0
-37 -42 -46 -48 -49 -54 0
-37 -42 -46 -48 -49 -51 0
-37 -42 -46 -48 -49 -52 0
-37 -42 -46 -48 -50 -43 0
-37 -42 -46 -48 -50 -44 0
-37 -42 -46 -48 -50 -53 0
-37 -42 -46 -48 -50 -54 0
-37 -42 -46 -48 -50 -51 0
-37 -42 -46 -48 -50 -52 0
-37 -42 -46 -48 -43 -44 0
-37 -42 -46 -48 -43 -53 0
-37 -42 -46 -48 -43 -54 0
-37 -42 -46 -48 -43 -51 0
-37 -42 -46 -48 -43 -52 0
-37 -42 -46 -48 -44 -53 0
-37 -42 -46 -48 -44 -54 0
-37 -42 -46 -48 -44 -51 0
-37 -42 -46 -48 -44 -52 0
-37 -42 -46 -48 -53 -54 0
-37 -42 -46 -48 -53 -51 0
-37 -42 -46 -48 -53 -52 0
-37 -42 -46 -48 -54 -51 0
-37 -42 -46 -48 -54 -52 0
-37 -42 -46 -48 -51 -52 0
-37 -42 -46 -49 -50 -43 0
-37 -42 -46 -49 -50 -44 0
-37 -42 -46 -49 -50 -53 0
-37 -42 -46 -49 -50 -54 0
-37 -42 -46 -49 -50 -51 0
-37 -42 -46 -49 -50 -52 0
-37 -42 -46 -49 -43 -44 0
-37 -42 -46 -49 -43 -53 0
-37 -42 -46 -49 -43 -54 0
-37 -42 -46 -49 -43 -51 0
-37 -42 -46 -49 -43 -52 0
-37 -42 -46 -49 -44 -53 0
-37 -42 -46 -49 -44 -54 0
-37 -42 -46 -49 -44 -51 0
-37 -42 -46 -49 -44 -52 0
-37 -42 -46 -49 -53 -54 0
-37 -42 -46 -49 -53 -51 0
-37 -42 -46 -49 -53 -52 0
-37 -42 -46 -49 -54 -51 0
-37 -42 -46 -49 -54 -52 0
-37 -42 -46 -49 -51 -52 0
-37 -42 -46 -50 -43 -44 0
-37 -42 -46 -50 -43 -53 0
-37 -42 -46 -50 -43 -54 0
-37 -42 -46 -50 -43 -51 0
-37 -42 -46 -50 -43 -52 0
-37 -42 -46 -50 -44 -53 0
-37 -42 -46 -50 -44 -54 0
-37 -42 -46 -50 -44 -51 0
-37 -42 -46 -50 -44 -52 0
-37 -42 -46 -50 -53 -54 0
-37 -42 -46 -50 -53 -51 0
-37 -42 -46 -50 -53 -52 0
-37 -42 -46 -50 -54 -51 0
-37 -42 -46 -50 -54 -52 0
-37 -42 -46 -50 -51 -52 0
-37 -42 -46 -43 -44 -53 0
-37 -42 -46 -43 -44 -54 0
-37 -42 -46 -43 -44 -51 0
-37 -42 -46 -43 -44 -52 0
-37 -42 -46 -43 -53 -54 0
-37 -42 -46 -43 -53 -51 0
-37 -42 -46 -43 -53 -52 0
-37 -42 -46 -43 -54 -51 0
-37 -42 -46 -43 -54 -52 0
-37 -42 -46 -43 -51 -52 0
-37 -42 -46 -44 -53 -54 0
-37 -42 -46 -44 -53 -51 0
-37 -42 -46 -44 -53 -52 0
-37 -42 -46 -44 -54 -51 0
-37 -42 -46 -44 -54 -52 0
-37 -42 -46 -44 -51 -52 0
-37 -42 -46 -53 -54 -51 0
-37 -42 -46 -53 -54 -52 0
-37 -42 -46 -53 -51 -52 0
-37 -42 -46 -54 -51 -52 0
-37 -42 -47 -48 -49 -50 0
-37 -42 -47 -48 -49 -43 0
-37 -42 -47 -48 -49 -44 0
-37 -42 -47 -48 -49 -53 0
-37 -42 -47 -48 -49 -54 0
-37 -42 -47 -48 -49 -51 0
-37 -42 -47 -48 -49 -52 0
-37 -42 -47 -48 -50 -43 0
-37 -42 -47 -48 -50 -44 0
-37 -42 -47 -48 -50 -53 0
-37 -42 -47 -48 -50 -54 0
-37 -42 -47 -48 -50 -51 0
-37 -42 -47 -48 -50 -52 0
-37 -42 -47 -48 -43 -44 0
-37 -42 -47 -48 -43 -53 0
-37 -42 -47 -48 -43 -54 0
-37 -42 -47 -48 -43 -51 0
-37 -42 -47 -48 -43 -52 0
-37 -42 -47 -48 -44 -53 0
-37 -42 -47 -48 -44 -54 0
-37 -42 -47 -48 -44 -51 0
-37 -42 -47 -48 -44 -52 0
-37 -42 -47 -48 -53 -54 0
-37 -42 -47 -48 -53 -51 0
-37 -42 -47 -48 -53 -52 0
-37 -42 -47 -48 -54 -51 0
-37 -42 -47 -48 -54 -52 0
-37 -42 -47 -48 -51 -52 0
-37 -42 -47 -49 -50 -43 0
-37 -42 -47 -49 -50 -44 0
-37 -42 -47 -49 -50 -53 0
-37 -42 -47 -49 -50 -54 0
-37 -42 -47 -49 -50 -51 0
-37 -42 -47 -49 -50 -52 0
-37 -42 -47 -49 -43 -44 0
-37 -42 -47 -49 -43 -53 0
-37 -42 -47 -49 -43 -54 0
-37 -42 -47 -49 -43 -51 0
-37 -42 -47 -49 -43 -52 0
-37 -42 -47 -49 -44 -53 0
-37 -42 -47 -49 -44 -54 0
-37 -42 -47 -49 -44 -51 0
-37 -42 -47 -49 -44 -52 0
-37 -42 -47 -49 -53 -54 0
-37 -42 -47 -49 -53 -51 0
-37 -42 -47 -49 -53 -52 0
-37 -42 -47 -49 -54 -51 0
-37 -42 -47 -49 -54 -52 0
-37 -42 -47 -49 -51 -52 0
-37 -42 -47 -50 -43 -44 0
-37 -42 -47 -50 -43 -53 0
-37 -42 -47 -50 -43 -54 0
-37 -42 -47 -50 -43 -51 0
-37 -42 -47 -50 -43 -52 0
-37 -42 -47 -50 -44 -53 0
-37 -42 -47 -50 -44 -54 0
-37 -42 -47 -50 -44 -51 0
-37 -42 -47 -50 -44 -52 0
-37 -42 -47 -50 -53 -54 0
-37 -42 -47 -50 -53 -51 0
-37 -42 -47 -50 -53 -52 0
-37 -42 -47 -50 -54 -51 0
-37 -42 -47 -50 -54 -52 0
-37 -42 -47 -50 -51 -52 0
-37 -42 -47 -43 -44 -53 0
-37 -42 -47 -43 -44 -54 0
-37 -42 -47 -43 -44 -51 0
-37 -42 -47 -43 -44 -52 0
-37 -42 -47 -43 -53 -54 0
-37 -42 -47 -43 -53 -51 0
-37 -42 -47 -43 -53 -52 0
-37 -42 -47 -43 -54 -51 0
-37 -42 -47 -43 -54 -52 0
-37 -42 -47 -43 -51 -52 0
-37 -42 -47 -44 -53 -54 0
-37 -42 -47 -44 -53 -51 0
-37 -42 -47 -44 -53 -52 0
-37 -42 -47 -44 -54 -51 0
-37 -42 -47 -44 -54 -52 0
-37 -42 -47 -44 -51 -52 0
-37 -42 -47 -53 -54 -51 0
-37 -42 -47 -53 -54 -52 0
-37 -42 -47 -53 -51 -52 0
-37 -42 -47 -54 -51 -52 0
-37 -42 -48 -49 -50 -43 0
-37 -42 -48 -49 -50 -44 0
-37 -42 -48 -49 -50 -53 0
-37 -42 -48 -49 -50 -54 0
-37 -42 -48 -49 -50 -51 0
-37 -42 -48 -49 -50 -52 0
-37 -42 -48 -49 -43 -44 0
-37 -42 -48 -49 -43 -53 0
-37 -42 -48 -49 -43 -54 0
-37 -42 -48 -49 -43 -51 0
-37 -42 -48 -49 -43 -52 0
-37 -42 -48 -49 -44 -53 0
-37 -42 -48 -49 -44 -54 0
-37 -42 -48 -49 -44 -51 0
-37 -42 -48 -49 -44 -52 0
-37 -42 -48 -49 -53 -54 0
-37 -42 -48 -49 -53 -51 0
-37 -42 -48 -49 -53 -52 0
-37 -42 -48 -49 -54 -51 0
-37 -42 -48 -49 -54 -52 0
-37 -42 -48 -49 -51 -52 0
-37 -42 -48 -50 -43 -44 0
-37 -42 -48 -50 -43 -53 0
-37 -42 -48 -50 -43 -54 0
-37 -42 -48 -50 -43 -51 0
-37 -42 -48 -50 -43 -52 0
-37 -42 -48 -50 -44 -53 0
-37 -42 -48 -50 -44 -54 0
-37 -42 -48 -50 -44 -51 0
-37 -42 -48 -50 -44 -52 0
-37 -42 -48 -50 -53 -54 0
-37 -42 -48 -50 -53 -51 0
-37 -42 -48 -50 -53 -52 0
-37 -42 -48 -50 -54 -51 0
-37 -42 -48 -50 -54 -52 0
-37 -42 -48 -50 -51 -52 0
-37 -42 -48 -43 -44 -53 0
-37 -42 -48 -43 -44 -54 0
-37 -42 -48 -43 -44 -51 0
-37 -42 -48 -43 -44 -52 0
-37 -42 -48 -43 -53 -54 0
-37 -42 -48 -43 -53 -51 0
-37 -42 -48 -43 -53 -52 0
-37 -42 -48 -43 -54 -51 0
-37 -42 -48 -43 -54 -52 0
-37 -42 -48 -43 -51 -52 0
-37 -42 -48 -44 -53 -54 0
-37 -42 -48 -44 -53 -51 0
-37 -42 -48 -44 -53 -52 0
-37 -42 -48 -44 -54 -51 0
-37 -42 -48 -44 -54 -52 0
-37 -42 -48 -44 -51 -52 0
-37 -42 -48 -53 -54 -51 0
-37 -42 -48 -53 -54 -52 0
-37 -42 -48 -53 -51 -52 0
-37 -42 -48 -54 -51 -52 0
-37 -42 -49 -50 -43 -44 0
-37 -42 -49 -50 -43 -53 0
-37 -42 -49 -50 -43 -54 0
-37 -42 -49 -50 -43 -51 0
-37 -42 -49 -50 -43 -52 0
-37 -42 -49 -50 -44 -53 0
-37 -42 -49 -50 -44 -54 0
-37 -42 -49 -50 -44 -51 0
-37 -42 -49 -50 -44 -52 0
-37 -42 -49 -50 -53 -54 0
-37 -42 -49 -50 -53 -51 0
-37 -42 -49 -50 -53 -52 0
-37 -42 -49 -50 -54 -51 0
-37 -42 -49 -50 -54 -52 0
-37 -42 -49 -50 -51 -52 0
-37 -42 -49 -43 -44 -53 0
-37 -42 -49 -43 -44 -54 0
-37 -42 -49 -43 -44 -51 0
-37 -42 -49 -43 -44 -52 0
-37 -42 -49 -43 -53 -54 0
-37 -42 -49 -43 -53 -51 0
-37 -42 -49 -43 -53 -52 0
-37 -42 -49 -43 -54 -51 0
-37 -42 -49 -43 -54 -52 0
-37 -42 -49 -43 -51 -52 0
-37 -42 -49 -44 -53 -54 0
-37 -42 -49 -44 -53 -51 0
-37 -42 -49 -44 -53 -52 0
-37 -42 -49 -44 -54 -51 0
-37 -42 -49 -44 -54 -52 0
-37 -42 -49 -44 -51 -52 0
-37 -42 -49 -53 -54 -51 0
-37 -42 -49 -53 -54 -52 0
-37 -42 -49 -53 -51 -52 0
-37 -42 -49 -54 -51 -52 0
-37 -42 -50 -43 -44 -53 0
-37 -42 -50 -43 -44 -54 0
-37 -42 -50 -43 -44 -51 0
-37 -42 -50 -43 -44 -52 0
-37 -42 -50 -43 -53 -54 0
-37 -42 -50 -43 -53 -51 0
-37 -42 -50 -43 -53 -52 0
-37 -42 -50 -43 -54 -51 0
-37 -42 -50 -43 -54 -52 0
-37 -42 -50 -43 -51 -52 0
-37 -42 -50 -44 -53 -54 0
-37 -42 -50 -44 -53 -51 0
-37 -42 -50 -44 -53 -52 0
-37 -42 -50 -44 -54 -51 0
-37 -42 -50 -44 -54 -52 0
-37 -42 -50 -44 -51 -52 0
-37 -42 -50 -53 -54 -51 0
-37 -42 -50 -53 -54 -52 0
-37 -42 -50 -53 -51 -52 0
-37 -42 -50 -54 -51 -52 0
-37 -42 -43 -44 -53 -54 0
-37 -42 -43 -44 -53 -51 0
-37 -42 -43 -44 -53 -52 0
-37 -42 -43 -44 -54 -51 0
-37 -42 -43 -44 -54 -52 0
-37 -42 -43 -44 -51 -52 0
-37 -42 -43 -53 -54 -51 0
-37 -42 -43 -53 -54 -52 0
-37 -42 -43 -53 -51 -52 0
-37 -42 -43 -54 -51 -52 0
-37 -42 -44 -53 -54 -51 0
-37 -42 -44 -53 -54 -52 0
-37 -42 -44 -53 -51 -52 0
-37 -42 -44 -54 -51 -52 0
-37 -42 -53 -54 -51 -52 0
-37 -45 -46 -47 -48 -49 0
-37 -45 -46 -47 -48 -50 0
-37 -45 -46 -47 -48 -43 0
-37 -45 -46 -47 -48 -44 0
-37 -45 -46 -47 -48 -53 0
-37 -45 -46 -47 -48 -54 0
-37 -45 -46 -47 -48 -51 0
-37 -45 -46 -47 -48 -52 0
-37 -45 -46 -47 -49 -50 0
-37 -45 -46 -47 -49 -43 0
-37 -45 -46 -47 -49 -44 0
-37 -45 -46 -47 -49 -53 0
-37 -45 -46 -47 -49 -54 0
-37 -45 -46 -47 -49 -51 0
-37 -45 -46 -47 -49 -52 0
-37 -45 -46 -47 -50 -43 0
-37 -45 -46 -47 -50 -44 0
-37 -45 -46 -47 -50 -53 0
-37 -45 -46 -47 -50 -54 0
-37 -45 -46 -47 -50 -51 0
-37 -45 -46 -47 -50 -52 0
-37 -45 -46 -47 -43 -44 0
-37 -45 -46 -47 -43 -53 0
-37 -45 -46 -47 -43 -54 0
-37 -45 -46 -47 -43 -51 0
-37 -45 -46 -47 -43 -52 0
-37 -45 -46 -47 -44 -53 0
-37 -45 -46 -47 -44 -54 0
-37 -45 -46 -47 -44 -51 0
-37 -45 -46 -47 -44 -52 0
-37 -45 -46 -47 -53 -54 0
-37 -45 -46 -47 -53 -51 0
-37 -45 -46 -47 -53 -52 0
-37 -45 -46 -47 -54 -51 0
-37 -45 -46 -47 -54 -52 0
-37 -45 -46 -47 -51 -52 0
-37 -45 -46 -48 -49 -50 0
-37 -45 -46 -48 -49 -43 0
-37 -45 -46 -48 -49 -44 0
-37 -45 -46 -48 -49 -53 0
-37 -45 -46 -48 -49 -54 0
-37 -45 -46 -48 -49 -51 0
-37 -45 -46 -48 -49 -52 0
-37 -45 -46 -48 -50 -43 0
-37 -45 -46 -48 -50 -44 0
-37 -45 -46 -48 -50 -53 0
-37 -45 -46 -48 -50 -54 0
-37 -45 -46 -48 -50 -51 0
-37 -45 -46 -48 -50 -52 0
-37 -45 -46 -48 -43 -44 0
-37 -45 -46 -48 -43 -53 0
-37 -45 -46 -48 -43 -54 0
-37 -45 -46 -48 -43 -51 0
-37 -45 -46 -48 -43 -52 0
-37 -45 -46 -48 -44 -53 0
-37 -45 -46 -48 -44 -54 0
-37 -45 -46 -48 -44 -51 0
-37 -45 -46 -48 -44 -52 0
-37 -45 -46 -48 -53 -54 0
-37 -45 -46 -48 -53 -51 0
-37 -45 -46 -48 -53 -52 0
-37 -45 -46 -48 -54 -51 0
-37 -45 -46 -48 -54 -52 0
-37 -45 -46 -48 -51 -52 0
-37 -45 -46 -49 -50 -43 0
-37 -45 -46 -49 -50 -44 0
-37 -45 -46 -49 -50 -53 0
-37 -45 -46 -49 -50 -54 0
-37 -45 -46 -49 -50 -51 0
-37 -45 -46 -49 -50 -52 0
-37 -45 -46 -49 -43 -44 0
-37 -45 -46 -49 -43 -53 0
-37 -45 -46 -49 -43 -54 0
-37 -45 -46 -49 -43 -51 0
-37 -45 -46 -49 -43 -52 0
-37 -45 -46 -49 -44 -53 0
-37 -45 -46 -49 -44 -54 0
-37 -45 -46 -49 -44 -51 0
-37 -45 -46 -49 -44 -52 0
-37 -45 -46 -49 -53 -54 0
-37 -45 -46 -49 -53 -51 0
-37 -45 -46 -49 -53 -52 0
-37 -45 -46 -49 -54 -51 0
-37 -45 -46 -49 -54 -52 0
-37 -45 -46 -49 -51 -52 0
-37 -45 -46 -50 -43 -44 0
-37 -45 -46 -50 -43 -53 0
-37 -45 -46 -50 -43 -54 0
-37 -45 -46 -50 -43 -51 0
-37 -45 -46 -50 -43 -52 0
-37 -45 -46 -50 -44 -53 0
-37 -45 -46 -50 -44 -54 0
-37 -45 -46 -50 -44 -51 0
-37 -45 -46 -50 -44 -52 0
-37 -45 -46 -50 -53 -54 0
-37 -45 -46 -50 -53 -51 0
-37 -45 -46 -50 -53 -52 0
-37 -45 -46 -50 -54 -51 0
-37 -45 -46 -50 -54 -52 0
-37 -45 -46 -50 -51 -52 0
-37 -45 -46 -43 -44 -53 0
-37 -45 -46 -43 -44 -54 0
-37 -45 -46 -43 -44 -51 0
-37 -45 -46 -43 -44 -52 0
-37 -45 -46 -43 -53 -54 0
-37 -45 -46 -43 -53 -51 0
-37 -45 -46 -43 -53 -52 0
-37 -45 -46 -43 -54 -51 0
-37 -45 -46 -43 -54 -52 0
-37 -45 -46 -43 -51 -52 0
-37 -45 -46 -44 -53 -54 0
-37 -45 -46 -44 -53 -51 0
-37 -45 -46 -44 -53 -52 0
-37 -45 -46 -44 -54 -51 0
-37 -45 -46 -44 -54 -52 0
-37 -45 -46 -44 -51 -52 0
-37 -45 -46 -53 -54 -51 0
-37 -45 -46 -53 -54 -52 0
-37 -45 -46 -53 -51 -52 0
-37 -45 -46 -54 -51 -52 0
-37 -45 -47 -48 -49 -50 0
-37 -45 -47 -48 -49 -43 0
-37 -45 -47 -48 -49 -44 0
-37 -45 -47 -48 -49 -53 0
-37 -45 -47 -48 -49 -54 0
-37 -45 -47 -48 -49 -51 0
-37 -45 -47 -48 -49 -52 0
-37 -45 -47 -48 -50 -43 0
-37 -45 -47 -48 -50 -44 0
-37 -45 -47 -48 -50 -53 0
-37 -45 -47 -48 -50 -54 0
-37 -45 -47 -48 -50 -51 0
-37 -45 -47 -48 -50 -52 0
-37 -45 -47 -48 -43 -44 0
-37 -45 -47 -48 -43 -53 0
-37 -45 -47 -48 -43 -54 0
-37 -45 -47 -48 -43 -51 0
-37 -45 -47 -48 -43 -52 0
-37 -45 -47 -48 -44 -53 0
-37 -45 -47 -48 -44 -54 0
-37 -45 -47 -48 -44 -51 0
-37 -45 -47 -48 -44 -52 0
-37 -45 -47 -48 -53 -54 0
-37 -45 -47 -48 -53 -51 0
-37 -45 -47 -48 -53 -52 0
-37 -45 -47 -48 -54 -51 0
-37 -45 -47 -48 -54 -52 0
-37 -45 -47 -48 -51 -52 0
-37 -45 -47 -49 -50 -43 0
-37 -45 -47 -49 -50 -44 0
-37 -45 -47 -49 -50 -53 0
-37 -45 -47 -49 -50 -54 0
-37 -45 -47 -49 -50 -51 0
-37 -45 -47 -49 -50 -52 0
-37 -45 -47 -49 -43 -44 0
-37 -45 -47 -49 -43 -53 0
-37 -45 -47 -49 -43 -54 0
-37 -45 -47 -49 -43 -51 0
-37 -45 -47 -49 -43 -52 0
-37 -45 -47 -49 -44 -53 0
-37 -45 -47 -49 -44 -54 0
-37 -45 -47 -49 -44 -51 0
-37 -45 -47 -49 -44 -52 0
-37 -45 -47 -49 -53 -54 0
-37 -45 -47 -49 -53 -51 0
-37 -45 -47 -49 -53 -52 0
-37 -45 -47 -49 -54 -51 0
-37 -45 -47 -49 -54 -52 0
-37 -45 -47 -49 -51 -52 0
-37 -45 -47 -50 -43 -44 0
-37 -45 -47 -50 -43 -53 0
-37 -45 -47 -50 -43 -54 0
-37 -45 -47 -50 -43 -51 0
-37 -45 -47 -50 -43 -52 0
-37 -45 -47 -50 -44 -53 0
-37 -45 -47 -50 -44 -54 0
-37 -45 -47 -50 -44 -51 0
-37 -45 -47 -50 -44 -52 0
-37 -45 -47 -50 -53 -54 0
-37 -45 -47 -50 -53 -51 0
-37 -45 -47 -50 -53 -52 0
-37 -45 -47 -50 -54 -51 0
-37 -45 -47 -50 -54 -52 0
-37 -45 -47 -50 -51 -52 0
-37 -45 -47 -43 -44 -53 0
-37 -45 -47 -43 -44 -54 0
-37 -45 -47 -43 -44 -51 0
-37 -45 -47 -43 -44 -52 0
-37 -45 -47 -43 -53 -54 0
-37 -45 -47 -43 -53 -51 0
-37 -45 -47 -43 -53 -52 0
-37 -45 -47 -43 -54 -51 0
-37 -45 -47 -43 -54 -52 0
-37 -45 -47 -43 -51 -52 0
-37 -45 -47 -44 -53 -54 0
-37 -45 -47 -44 -53 -51 0
-37 -45 -47 -44 -53 -52 0
-37 -45 -47 -44 -54 -51 0
-37 -45 -47 -44 -54 -52 0
-37 -45 -47 -44 -51 -52 0
-37 -45 -47 -53 -54 -51 0
-37 -45 -47 -53 -54 -52 0
-37 -45 -47 -53 -51 -52 0
-37 -45 -47 -54 -51 -52 0
-37 -45 -48 -49 -50 -43 0
-37 -45 -48 -49 -50 -44 0
-37 -45 -48 -49 -50 -53 0
-37 -45 -48 -49 -50 -54 0
-37 -45 -48 -49 -50 -51 0
-37 -45 -48 -49 -50 -52 0
-37 -45 -48 -49 -43 -44 0
-37 -45 -48 -49 -43 -53 0
-37 -45 -48 -49 -43 -54 0
-37 -45 -48 -49 -43 -51 0
-37 -45 -48 -49 -43 -52 0
-37 -45 -48 -49 -44 -53 0
-37 -45 -48 -49 -44 -54 0
-37 -45 -48 -49 -44 -51 0
-37 -45 -48 -49 -44 -52 0
-37 -45 -48 -49 -53 -54 0
-37 -45 -48 -49 -53 -51 0
-37 -45 -48 -49 -53 -52 0
-37 -45 -48 -49 -54 -51 0
-37 -45 -48 -49 -54 -52 0
-37 -45 -48 -49 -51 -52 0
-37 -45 -48 -50 -43 -44 0
-37 -45 -48 -50 -43 -53 0
-37 -45 -48 -50 -43 -54 0
-37 -45 -48 -50 -43 -51 0
-37 -45 -48 -50 -43 -52 0
-37 -45 -48 -50 -44 -53 0
-37 -45 -48 -50 -44 -54 0
-37 -45 -48 -50 -44 -51 0
-37 -45 -48 -50 -44 -52 0
-37 -45 -48 -50 -53 -54 0
-37 -45 -48 -50 -53 -51 0
-37 -45 -48 -50 -53 -52 0
-37 -45 -48 -50 -54 -51 0
-37 -45 -48 -50 -54 -52 0
-37 -45 -48 -50 -51 -52 0
-37 -45 -48 -43 -44 -53 0
-37 -45 -48 -43 -44 -54 0
-37 -45 -48 -43 -44 -51 0
-37 -45 -48 -43 -44 -52 0
-37 -45 -48 -43 -53 -54 0
-37 -45 -48 -43 -53 -51 0
-37 -45 -48 -43 -53 -52 0
-37 -45 -48 -43 -54 -51 0
-37 -45 -48 -43 -54 -52 0
-37 -45 -48 -43 -51 -52 0
-37 -45 -48 -44 -53 -54 0
-37 -45 -48 -44 -53 -51 0
-37 -45 -48 -44 -53 -52 0
-37 -45 -48 -44 -54 -51 0
-37 -45 -48 -44 -54 -52 0
-37 -45 -48 -44 -51 -52 0
-37 -45 -48 -53 -54 -51 0
-37 -45 -48 -53 -54 -52 0
-37 -45 -48 -53 -51 -52 0
-37 -45 -48 -54 -51 -52 0
-37 -45 -49 -50 -43 -44 0
-37 -45 -49 -50 -43 -53 0
-37 -45 -49 -50 -43 -54 0
-37 -45 -49 -50 -43 -51 0
-37 -45 -49 -50 -43 -52 0
-37 -45 -49 -50 -44 -53 0
-37 -45 -49 -50 -44 -54 0
-37 -45 -49 -50 -44 -51 0
-37 -45 -49 -50 -44 -52 0
-37 -45 -49 -50 -53 -54 0
-37 -45 -49 -50 -53 -51 0
-37 -45 -49 -50 -53 -52 0
-37 -45 -49 -50 -54 -51 0
-37 -45 -49 -50 -54 -52 0
-37 -45 -49 -50 -51 -52 0
-37 -45 -49 -43 -44 -53 0
-37 -45 -49 -43 -44 -54 0
-37 -45 -49 -43 -44 -51 0
-37 -45 -49 -43 -44 -52 0
-37 -45 -49 -43 -53 -54 0
-37 -45 -49 -43 -53 -51 0
-37 -45 -49 -43 -53 -52 0
-37 -45 -49 -43 -54 -51 0
-37 -45 -49 -43 -54 -52 0
-37 -45 -49 -43 -51 -52 0
-37 -45 -49 -44 -53 -54 0
-37 -45 -49 -44 -53 -51 0
-37 -45 -49 -44 -53 -52 0
-37 -45 -49 -44 -54 -51 0
-37 -45 -49 -44 -54 -52 0
-37 -45 -49 -44 -51 -52 0
-37 -45 -49 -53 -54 -51 0
-37 -45 -49 -53 -54 -52 0
-37 -45 -49 -53 -51 -52 0
-37 -45 -49 -54 -51 -52 0
-37 -45 -50 -43 -44 -53 0
-37 -45 -50 -43 -44 -54 0
-37 -45 -50 -43 -44 -51 0
-37 -45 -50 -43 -44 -52 0
-37 -45 -50 -43 -53 -54 0
-37 -45 -50 -43 -53 -51 0
-37 -45 -50 -43 -53 -52 0
-37 -45 -50 -43 -54 -51 0
-37 -45 -50 -43 -54 -52 0
-37 -45 -50 -43 -51 -52 0
-37 -45 -50 -44 -53 -54 0
-37 -45 -50 -44 -53 -51 0
-37 -45 -50 -44 -53 -52 0
-37 -45 -50 -44 -54 -51 0
-37 -45 -50 -44 -54 -52 0
-37 -45 -50 -44 -51 -52 0
-37 -45 -50 -53 -54 -51 0
-37 -45 -50 -53 -54 -52 0
-37 -45 -50 -53 -51 -52 0
-37 -45 -50 -54 -51 -52 0
-37 -45 -43 -44 -53 -54 0
-37 -45 -43 -44 -53 -51 0
-37 -45 -43 -44 -53 -52 0
-37 -45 -43 -44 -54 -51 0
-37 -45 -43 -44 -54 -52 0
-37 -45 -43 -44 -51 -52 0
-37 -45 -43 -53 -54 -51 0
-37 -45 -43 -53 -54 -52 0
-37 -45 -43 -53 -51 -52 0
-37 -45 -43 -54 -51 -52 0
-37 -45 -44 -53 -54 -51 0
-37 -45 -44 -53 -54 -52 0
-37 -45 -44 -53 -51 -52 0
-37 -45 -44 -54 -51 -52 0
-37 -45 -53 -54 -51 -52 0
-37 -46 -47 -48 -49 -50 0
-37 -46 -47 -48 -49 -43 0
-37 -46 -47 -48 -49 -44 0
-37 -46 -47 -48 -49 -53 0
-37 -46 -47 -48 -49 -54 0
-37 -46 -47 -48 -49 -51 0
-37 -46 -47 -48 -49 -52 0
-37 -46 -47 -48 -50 -43 0
-37 -46 -47 -48 -50 -44 0
-37 -46 -47 -48 -50 -53 0
-37 -46 -47 -48 -50 -54 0
-37 -46 -47 -48 -50 -51 0
-37 -46 -47 -48 -50 -52 0
-37 -46 -47 -48 -43 -44 0
-37 -46 -47 -48 -43 -53 0
-37 -46 -47 -48 -43 -54 0
-37 -46 -47 -48 -43 -51 0
-37 -46 -47 -48 -43 -52 0
-37 -46 -47 -48 -44 -53 0
-37 -46 -47 -48 -44 -54 0
-37 -46 -47 -48 -44 -51 0
-37 -46 -47 -48 -44 -52 0
-37 -46 -47 -48 -53 -54 0
-37 -46 -47 -48 -53 -51 0
-37 -46 -47 -48 -53 -52 0
-37 -46 -47 -48 -54 -51 0
-37 -46 -47 -48 -54 -52 0
-37 -46 -47 -48 -51 -52 0
-37 -46 -47 -49 -50 -43 0
-37 -46 -47 -49 -50 -44 0
-37 -46 -47 -49 -50 -53 0
-37 -46 -47 -49 -50 -54 0
-37 -46 -47 -49 -50 -51 0
-37 -46 -47 -49 -50 -52 0
-37 -46 -47 -49 -43 -44 0
-37 -46 -47 -49 -43 -53 0
-37 -46 -47 -49 -43 -54 0
-37 -46 -47 -49 -43 -51 0
-37 -46 -47 -49 -43 -52 0
-37 -46 -47 -49 -44 -53 0
-37 -46 -47 -49 -44 -54 0
-37 -46 -47 -49 -44 -51 0
-37 -46 -47 -49 -44 -52 0
-37 -46 -47 -49 -53 -54 0
-37 -46 -47 -49 -53 -51 0
-37 -46 -47 -49 -53 -52 0
-37 -46 -47 -49 -54 -51 0
-37 -46 -47 -49 -54 -52 0
-37 -46 -47 -49 -51 -52 0
-37 -46 -47 -50 -43 -44 0
-37 -46 -47 -50 -43 -53 0
-37 -46 -47 -50 -43 -54 0
-37 -46 -47 -50 -43 -51 0
-37 -46 -47 -50 -43 -52 0
-37 -46 -47 -50 -44 -53 0
-37 -46 -47 -50 -44 -54 0
-37 -46 -47 -50 -44 -51 0
-37 -46 -47 -50 -44 -52 0
-37 -46 -47 -50 -53 -54 0
-37 -46 -47 -50 -53 -51 0
-37 -46 -47 -50 -53 -52 0
-37 -46 -47 -50 -54 -51 0
-37 -46 -47 -50 -54 -52 0
-37 -46 -47 -50 -51 -52 0
-37 -46 -47 -43 -44 -53 0
-37 -46 -47 -43 -44 -54 0
-37 -46 -47 -43 -44 -51 0
-37 -46 -47 -43 -44 -52 0
-37 -46 -47 -43 -53 -54 0
-37 -46 -47 -43 -53 -51 0
-37 -46 -47 -43 -53 -52 0
-37 -46 -47 -43 -54 -51 0
-37 -46 -47 -43 -54 -52 0
-37 -46 -47 -43 -51 -52 0
-37 -46 -47 -44 -53 -54 0
-37 -46 -47 -44 -53 -51 0
-37 -46 -47 -44 -53 -52 0
-37 -46 -47 -44 -54 -51 0
-37 -46 -47 -44 -54 -52 0
-37 -46 -47 -44 -51 -52 0
-37 -46 -47 -53 -54 -51 0
-37 -46 -47 -53 -54 -52 0
-37 -46 -47 -53 -51 -52 0
-37 -46 -47 -54 -51 -52 0
-37 -46 -48 -49 -50 -43 0
-37 -46 -48 -49 -50 -44 0
-37 -46 -48 -49 -50 -53 0
-37 -46 -48 -49 -50 -54 0
-37 -46 -48 -49 -50 -51 0
-37 -46 -48 -49 -50 -52 0
-37 -46 -48 -49 -43 -44 0
-37 -46 -48 -49 -43 -53 0
-37 -46 -48 -49 -43 -54 0
-37 -46 -48 -49 -43 -51 0
-37 -46 -48 -49 -43 -52 0
-37 -46 -48 -49 -44 -53 0
-37 -46 -48 -49 -44 -54 0
-37 -46 -48 -49 -44 -51 0
-37 -46 -48 -49 -44 -52 0
-37 -46 -48 -49 -53 -54 0
-37 -46 -48 -49 -53 -51 0
-37 -46 -48 -49 -53 -52 0
-37 -46 -48 -49 -54 -51 0
-37 -46 -48 -49 -54 -52 0
-37 -46 -48 -49 -51 -52 0
-37 -46 -48 -50 -43 -44 0
-37 -46 -48 -50 -43 -53 0
-37 -46 -48 -50 -43 -54 0
-37 -46 -48 -50 -43 -51 0
-37 -46 -48 -50 -43 -52 0
-37 -46 -48 -50 -44 -53 0
-37 -46 -48 -50 -44 -54 0
-37 -46 -48 -50 -44 -51 0
-37 -46 -48 -50 -44 -52 0
-37 -46 -48 -50 -53 -54 0
-37 -46 -48 -50 -53 -51 0
-37 -46 -48 -50 -53 -52 0
-37 -46 -48 -50 -54 -51 0
-37 -46 -48 -50 -54 -52 0
-37 -46 -48 -50 -51 -52 0
-37 -46 -48 -43 -44 -53 0
-37 -46 -48 -43 -44 -54 0
-37 -46 -48 -43 -44 -51 0
-37 -46 -48 -43 -44 -52 0
-37 -46 -48 -43 -53 -54 0
-37 -46 -48 -43 -53 -51 0
-37 -46 -48 -43 -53 -52 0
-37 -46 -48 -43 -54 -51 0
-37 -46 -48 -43 -54 -52 0
-37 -46 -48 -43 -51 -52 0
-37 -46 -48 -44 -53 -54 0
-37 -46 -48 -44 -53 -51 0
-37 -46 -48 -44 -53 -52 0
-37 -46 -48 -44 -54 -51 0
-37 -46 -48 -44 -54 -52 0
-37 -46 -48 -44 -51 -52 0
-37 -46 -48 -53 -54 -51 0
-37 -46 -48 -53 -54 -52 0
-37 -46 -48 -53 -51 -52 0
-37 -46 -48 -54 -51 -52 0
-37 -46 -49 -50 -43 -44 0
-37 -46 -49 -50 -43 -53 0
-37 -46 -49 -50 -43 -54 0
-37 -46 -49 -50 -43 -51 0
-37 -46 -49 -50 -43 -52 0
-37 -46 -49 -50 -44 -53 0
-37 -46 -49 -50 -44 -54 0
-37 -46 -49 -50 -44 -51 0
-37 -46 -49 -50 -44 -52 0
-37 -46 -49 -50 -53 -54 0
-37 -46 -49 -50 -53 -51 0
-37 -46 -49 -50 -53 -52 0
-37 -46 -49 -50 -54 -51 0
-37 -46 -49 -50 -54 -52 0
-37 -46 -49 -50 -51 -52 0
-37 -46 -49 -43 -44 -53 0
-37 -46 -49 -43 -44 -54 0
-37 -46 -49 -43 -44 -51 0
-37 -46 -49 -43 -44 -52 0
-37 -46 -49 -43 -53 -54 0
-37 -46 -49 -43 -53 -51 0
-37 -46 -49 -43 -53 -52 0
-37 -46 -49 -43 -54 -51 0
-37 -46 -49 -43 -54 -52 0
-37 -46 -49 -43 -51 -52 0
-37 -46 -49 -44 -53 -54 0
-37 -46 -49 -44 -53 -51 0
-37 -46 -49 -44 -53 -52 0
-37 -46 -49 -44 -54 -51 0
-37 -46 -49 -44 -54 -52 0
-37 -46 -49 -44 -51 -52 0
-37 -46 -49 -53 -54 -51 0
-37 -46 -49 -53 -54 -52 0
-37 -46 -49 -53 -51 -52 0
-37 -46 -49 -54 -51 -52 0
-37 -46 -50 -43 -44 -53 0
-37 -46 -50 -43 -44 -54 0
-37 -46 -50 -43 -44 -51 0
-37 -46 -50 -43 -44 -52 0
-37 -46 -50 -43 -53 -54 0
-37 -46 -50 -43 -53 -51 0
-37 -46 -50 -43 -53 -52 0
-37 -46 -50 -43 -54 -51 0
-37 -46 -50 -43 -54 -52 0
-37 -46 -50 -43 -51 -52 0
-37 -46 -50 -44 -53 -54 0
-37 -46 -50 -44 -53 -51 0
-37 -46 -50 -44 -53 -52 0
-37 -46 -50 -44 -54 -51 0
-37 -46 -50 -44 -54 -52 0
-37 -46 -50 -44 -51 -52 0
-37 -46 -50 -53 -54 -51 0
-37 -46 -50 -53 -54 -52 0
-37 -46 -50 -53 -51 -52 0
-37 -46 -50 -54 -51 -52 0
-37 -46 -43 -44 -53 -54 0
-37 -46 -43 -44 -53 -51 0
-37 -46 -43 -44 -53 -52 0
-37 -46 -43 -44 -54 -51 0
-37 -46 -43 -44 -54 -52 0
-37 -46 -43 -44 -51 -52 0
-37 -46 -43 -53 -54 -51 0
-37 -46 -43 -53 -54 -52 0
-37 -46 -43 -53 -51 -52 0
-37 -46 -43 -54 -51 -52 0
-37 -46 -44 -53 -54 -51 0
-37 -46 -44 -53 -54 -52 0
-37 -46 -44 -53 -51 -52 0
-37 -46 -44 -54 -51 -52 0
-37 -46 -53 -54 -51 -52 0
-37 -47 -48 -49 -50 -43 0
-37 -47 -48 -49 -50 -44 0
-37 -47 -48 -49 -50 -53 0
-37 -47 -48 -49 -50 -54 0
-37 -47 -48 -49 -50 -51 0
-37 -47 -48 -49 -50 -52 0
-37 -47 -48 -49 -43 -44 0
-37 -47 -48 -49 -43 -53 0
-37 -47 -48 -49 -43 -54 0
-37 -47 -48 -49 -43 -51 0
-37 -47 -48 -49 -43 -52 0
-37 -47 -48 -49 -44 -53 0
-37 -47 -48 -49 -44 -54 0
-37 -47 -48 -49 -44 -51 0
-37 -47 -48 -49 -44 -52 0
-37 -47 -48 -49 -53 -54 0
-37 -47 -48 -49 -53 -51 0
-37 -47 -48 -49 -53 -52 0
-37 -47 -48 -49 -54 -51 0
-37 -47 -48 -49 -54 -52 0
-37 -47 -48 -49 -51 -52 0
-37 -47 -48 -50 -43 -44 0
-37 -47 -48 -50 -43 -53 0
-37 -47 -48 -50 -43 -54 0
-37 -47 -48 -50 -43 -51 0
-37 -47 -48 -50 -43 -52 0
-37 -47 -48 -50 -44 -53 0
-37 -47 -48 -50 -44 -54 0
-37 -47 -48 -50 -44 -51 0
-37 -47 -48 -50 -44 -52 0
-37 -47 -48 -50 -53 -54 0
-37 -47 -48 -50 -53 -51 0
-37 -47 -48 -50 -53 -52 0
-37 -47 -48 -50 -54 -51 0
-37 -47 -48 -50 -54 -52 0
-37 -47 -48 -50 -51 -52 0
-37 -47 -48 -43 -44 -53 0
-37 -47 -48 -43 -44 -54 0
-37 -47 -48 -43 -44 -51 0
-37 -47 -48 -43 -44 -52 0
-37 -47 -48 -43 -53 -54 0
-37 -47 -48 -43 -53 -51 0
-37 -47 -48 -43 -53 -52 0
-37 -47 -48 -43 -54 -51 0
-37 -47 -48 -43 -54 -52 0
-37 -47 -48 -43 -51 -52 0
-37 -47 -48 -44 -53 -54 0
-37 -47 -48 -44 -53 -51 0
-37 -47 -48 -44 -53 -52 0
-37 -47 -48 -44 -54 -51 0
-37 -47 -48 -44 -54 -52 0
-37 -47 -48 -44 -51 -52 0
-37 -47 -48 -53 -54 -51 0
-37 -47 -48 -53 -54 -52 0
-37 -47 -48 -53 -51 -52 0
-37 -47 -48 -54 -51 -52 0
-37 -47 -49 -50 -43 -44 0
-37 -47 -49 -50 -43 -53 0
-37 -47 -49 -50 -43 -54 0
-37 -47 -49 -50 -43 -51 0
-37 -47 -49 -50 -43 -52 0
-37 -47 -49 -50 -44 -53 0
-37 -47 -49 -50 -44 -54 0
-37 -47 -49 -50 -44 -51 0
-37 -47 -49 -50 -44 -52 0
-37 -47 -49 -50 -53 -54 0
-37 -47 -49 -50 -53 -51 0
-37 -47 -49 -50 -53 -52 0
-37 -47 -49 -50 -54 -51 0
-37 -47 -49 -50 -54 -52 0
-37 -47 -49 -50 -51 -52 0
-37 -47 -49 -43 -44 -53 0
-37 -47 -49 -43 -44 -54 0
-37 -47 -49 -43 -44 -51 0
-37 -47 -49 -43 -44 -52 0
-37 -47 -49 -43 -53 -54 0
-37 -47 -49 -43 -53 -51 0
-37 -47 -49 -43 -53 -52 0
-37 -47 -49 -43 -54 -51 0
-37 -47 -49 -43 -54 -52 0
-37 -47 -49 -43 -51 -52 0
-37 -47 -49 -44 -53 -54 0
-37 -47 -49 -44 -53 -51 0
-37 -47 -49 -44 -53 -52 0
-37 -47 -49 -44 -54 -51 0
-37 -47 -49 -44 -54 -52 0
-37 -47 -49 -44 -51 -52 0
-37 -47 -49 -53 -54 -51 0
-37 -47 -49 -53 -54 -52 0
-37 -47 -49 -53 -51 -52 0
-37 -47 -49 -54 -51 -52 0
-37 -47 -50 -43 -44 -53 0
-37 -47 -50 -43 -44 -54 0
-37 -47 -50 -43 -44 -51 0
-37 -47 -50 -43 -44 -52 0
-37 -47 -50 -43 -53 -54 0
-37 -47 -50 -43 -53 -51 0
-37 -47 -50 -43 -53 -52 0
-37 -47 -50 -43 -54 -51 0
-37 -47 -50 -43 -54 -52 0
-37 -47 -50 -43 -51 -52 0
-37 -47 -50 -44 -53 -54 0
-37 -47 -50 -44 -53 -51 0
-37 -47 -50 -44 -53 -52 0
-37 -47 -50 -44 -54 -51 0
-37 -47 -50 -44 -54 -52 0
-37 -47 -50 -44 -51 -52 0
-37 -47 -50 -53 -54 -51 0
-37 -47 -50 -53 -54 -52 0
-37 -47 -50 -53 -51 -52 0
-37 -47 -50 -54 -51 -52 0
-37 -47 -43 -44 -53 -54 0
-37 -47 -43 -44 -53 -51 0
-37 -47 -43 -44 -53 -52 0
-37 -47 -43 -44 -54 -51 0
-37 -47 -43 -44 -54 -52 0
-37 -47 -43 -44 -51 -52 0
-37 -47 -43 -53 -54 -51 0
-37 -47 -43 -53 -54 -52 0
-37 -47 -43 -53 -51 -52 0
-37 -47 -43 -54 -51 -52 0
-37 -47 -44 -53 -54 -51 0
-37 -47 -44 -53 -54 -52 0
-37 -47 -44 -53 -51 -52 0
-37 -47 -44 -54 -51 -52 0
-37 -47 -53 -54 -51 -52 0
-37 -48 -49 -50 -43 -44 0
-37 -48 -49 -50 -43 -53 0
-37 -48 -49 -50 -43 -54 0
-37 -48 -49 -50 -43 -51 0
-37 -48 -49 -50 -43 -52 0
-37 -48 -49 -50 -44 -53 0
-37 -48 -49 -50 -44 -54 0
-37 -48 -49 -50 -44 -51 0
-37 -48 -49 -50 -44 -52 0
-37 -48 -49 -50 -53 -54 0
-37 -48 -49 -50 -53 -51 0
-37 -48 -49 -50 -53 -52 0
-37 -48 -49 -50 -54 -51 0
-37 -48 -49 -50 -54 -52 0
-37 -48 -49 -50 -51 -52 0
-37 -48 -49 -43 -44 -53 0
-37 -48 -49 -43 -44 -54 0
-37 -48 -49 -43 -44 -51 0
-37 -48 -49 -43 -44 -52 0
-37 -48 -49 -43 -53 -54 0
-37 -48 -49 -43 -53 -51 0
-37 -48 -49 -43 -53 -52 0
-37 -48 -49 -43 -54 -51 0
-37 -48 -49 -43 -54 -52 0
-37 -48 -49 -43 -51 -52 0
-37 -48 -49 -44 -53 -54 0
-37 -48 -49 -44 -53 -51 0
-37 -48 -49 -44 -53 -52 0
-37 -48 -49 -44 -54 -51 0
-37 -48 -49 -44 -54 -52 0
-37 -48 -49 -44 -51 -52 0
-37 -48 -49 -53 -54 -51 0
-37 -48 -49 -53 -54 -52 0
-37 -48 -49 -53 -51 -52 0
-37 -48 -49 -54 -51 -52 0
-37 -48 -50 -43 -44 -53 0
-37 -48 -50 -43 -44 -54 0
-37 -48 -50 -43 -44 -51 0
-37 -48 -50 -43 -44 -52 0
-37 -48 -50 -43 -53 -54 0
-37 -48 -50 -43 -53 -51 0
-37 -48 -50 -43 -53 -52 0
-37 -48 -50 -43 -54 -51 0
-37 -48 -50 -43 -54 -52 0
-37 -48 -50 -43 -51 -52 0
-37 -48 -50 -44 -53 -54 0
-37 -48 -50 -44 -53 -51 0
-37 -48 -50 -44 -53 -52 0
-37 -48 -50 -44 -54 -51 0
-37 -48 -50 -44 -54 -52 0
-37 -48 -50 -44 -51 -52 0
-37 -48 -50 -53 -54 -51 0
-37 -48 -50 -53 -54 -52 0
-37 -48 -50 -53 -51 -52 0
-37 -48 -50 -54 -51 -52 0
-37 -48 -43 -44 -53 -54 0
-37 -48 -43 -44 -53 -51 0
-37 -48 -43 -44 -53 -52 0
-37 -48 -43 -44 -54 -51 0
-37 -48 -43 -44 -54 -52 0
-37 -48 -43 -44 -51 -52 0
-37 -48 -43 -53 -54 -51 0
-37 -48 -43 -53 -54 -52 0
-37 -48 -43 -53 -51 -52 0
-37 -48 -43 -54 -51 -52 0
-37 -48 -44 -53 -54 -51 0
-37 -48 -44 -53 -54 -52 0
-37 -48 -44 -53 -51 -52 0
-37 -48 -44 -54 -51 -52 0
-37 -48 -53 -54 -51 -52 0
-37 -49 -50 -43 -44 -53 0
-37 -49 -50 -43 -44 -54 0
-37 -49 -50 -43 -44 -51 0
-37 -49 -50 -43 -44 -52 0
-37 -49 -50 -43 -53 -54 0
-37 -49 -50 -43 -53 -51 0
-37 -49 -50 -43 -53 -52 0
-37 -49 -50 -43 -54 -51 0
-37 -49 -50 -43 -54 -52 0
-37 -49 -50 -43 -51 -52 0
-37 -49 -50 -44 -53 -54 0
-37 -49 -50 -44 -53 -51 0
-37 -49 -50 -44 -53 -52 0
-37 -49 -50 -44 -54 -51 0
-37 -49 -50 -44 -54 -52 0
-37 -49 -50 -44 -51 -52 0
-37 -49 -50 -53 -54 -51 0
-37 -49 -50 -53 -54 -52 0
-37 -49 -50 -53 -51 -52 0
-37 -49 -50 -54 -51 -52 0
-37 -49 -43 -44 -53 -54 0
-37 -49 -43 -44 -53 -51 0
-37 -49 -43 -44 -53 -52 0
-37 -49 -43 -44 -54 -51 0
-37 -49 -43 -44 -54 -52 0
-37 -49 -43 -44 -51 -52 0
-37 -49 -43 -53 -54 -51 0
-37 -49 -43 -53 -54 -52 0
-37 -49 -43 -53 -51 -52 0
-37 -49 -43 -54 -51 -52 0
-37 -49 -44 -53 -54 -51 0
-37 -49 -44 -53 -54 -52 0
-37 -49 -44 -53 -51 -52 0
-37 -49 -44 -54 -51 -52 0
-37 -49 -53 -54 -51 -52 0
-37 -50 -43 -44 -53 -54 0
-37 -50 -43 -44 -53 -51 0
-37 -50 -43 -44 -53 -52 0
-37 -50 -43 -44 -54 -51 0
-37 -50 -43 -44 -54 -52 0
-37 -50 -43 -44 -51 -52 0
-37 -50 -43 -53 -54 -51 0
-37 -50 -43 -53 -54 -52 0
-37 -50 -43 -53 -51 -52 0
-37 -50 -43 -54 -51 -52 0
-37 -50 -44 -53 -54 -51 0
-37 -50 -44 -53 -54 -52 0
-37 -50 -44 -53 -51 -52 0
-37 -50 -44 -54 -51 -52 0
-37 -50 -53 -54 -51 -52 0
-37 -43 -44 -53 -54 -51 0
-37 -43 -44 -53 -54 -52 0
-37 -43 -44 -53 -51 -52 0
-37 -43 -44 -54 -51 -52 0
-37 -43 -53 -54 -51 -52 0
-37 -44 -53 -54 -51 -52 0
-38 -39 -40 -41 -42 -45 0
-38 -39 -40 -41 -42 -46 0
-38 -39 -40 -41 -42 -47 0
-38 -39 -40 -41 -42 -48 0
-38 -39 -40 -41 -42 -49 0
-38 -39 -40 -41 -42 -50 0
-38 -39 -40 -41 -42 -43 0
-38 -39 -40 -41 -42 -44 0
-38 -39 -40 -41 -42 -53 0
-38 -39 -40 -41 -42 -54 0
-38 -39 -40 -41 -42 -51 0
-38 -39 -40 -41 -42 -52 0
-38 -39 -40 -41 -45 -46 0
-38 -39 -40 -41 -45 -47 0
-38 -39 -40 -41 -45 -48 0
-38 -39 -40 -41 -45 -49 0
-38 -39 -40 -41 -45 -50 0
-38 -39 -40 -41 -45 -43 0
-38 -39 -40 -41 -45 -44 0
-38 -39 -40 -41 -45 -53 0
-38 -39 -40 -41 -45 -54 0
-38 -39 -40 -41 -45 -51 0
-38 -39 -40 -41 -45 -52 0
-38 -39 -40 -41 -46 -47 0
-38 -39 -40 -41 -46 -48 0
-38 -39 -40 -41 -46 -49 0
-38 -39 -40 -41 -46 -50 0
-38 -39 -40 -41 -46 -43 0
-38 -39 -40 -41 -46 -44 0
-38 -39 -40 -41 -46 -53 0
-38 -39 -40 -41 -46 -54 0
-38 -39 -40 -41 -46 -51 0
-38 -39 -40 -41 -46 -52 0
-38 -39 -40 -41 -47 -48 0
-38 -39 -40 -41 -47 -49 0
-38 -39 -40 -41 -47 -50 0
-38 -39 -40 -41 -47 -43 0
-38 -39 -40 -41 -47 -44 0
-38 -39 -40 -41 -47 -53 0
-38 -39 -40 -41 -47 -54 0
-38 -39 -40 -41 -47 -51 0
-38 -39 -40 -41 -47 -52 0
-38 -39 -40 -41 -48 -49 0
-38 -39 -40 -41 -48 -50 0
-38 -39 -40 -41 -48 -43 0
-38 -39 -40 -41 -48 -44 0
-38 -39 -40 -41 -48 -53 0
-38 -39 -40 -41 -48 -54 0
-38 -39 -40 -41 -48 -51 0
-38 -39 -40 -41 -48 -52 0
-38 -39 -40 -41 -49 -50 0
-38 -39 -40 -41 -49 -43 0
-38 -39 -40 -41 -49 -44 0
-38 -39 -40 -41 -49 -53 0
-38 -39 -40 -41 -49 -54 0
-38 -39 -40 -41 -49 -51 0
-38 -39 -40 -41 -49 -52 0
-38 -39 -40 -41 -50 -43 0
-38 -39 -40 -41 -50 -44 0
-38 -39 -40 -41 -50 -53 0
-38 -39 -40 -41 -50 -54 0
-38 -39 -40 -41 -50 -51 0
-38 -39 -40 -41 -50 -52 0
-38 -39 -40 -41 -43 -44 0
-38 -39 -40 -41 -43 -53 0
-38 -39 -40 -41 -43 -54 0
-38 -39 -40 -41 -43 -51 0
-38 -39 -40 -41 -43 -52 0
-38 -39 -40 -41 -44 -53 0
-38 -39 -40 -41 -44 -54 0
-38 -39 -40 -41 -44 -51 0
-38 -39 -40 -41 -44 -52 0
-38 -39 -40 -41 -53 -54 0
-38 -39 -40 -41 -53 -51 0
-38 -39 -40 -41 -53 -52 0
-38 -39 -40 -41 -54 -51 0
-38 -39 -40 -41 -54 -52 0
-38 -39 -40 -41 -51 -52 0
-38 -39 -40 -42 -45 -46 0
-38 -39 -40 -42 -45 -47 0
-38 -39 -40 -42 -45 -48 0
-38 -39 -40 -42 -45 -49 0
-38 -39 -40 -42 -45 -50 0
-38 -39 -40 -42 -45 -43 0
-38 -39 -40 -42 -45 -44 0
-38 -39 -40 -42 -45 -53 0
-38 -39 -40 -42 -45 -54 0
-38 -39 -40 -42 -45 -51 0
-38 -39 -40 -42 -45 -52 0
-38 -39 -40 -42 -46 -47 0
-38 -39 -40 -42 -46 -48 0
-38 -39 -40 -42 -46 -49 0
-38 -39 -40 -42 -46 -50 0
-38 -39 -40 -42 -46 -43 0
-38 -39 -40 -42 -46 -44 0
-38 -39 -40 -42 -46 -53 0
-38 -39 -40 -42 -46 -54 0
-38 -39 -40 -42 -46 -51 0
-38 -39 -40 -42 -46 -52 0
-38 -39 -40 -42 -47 -48 0
-38 -39 -40 -42 -47 -49 0
-38 -39 -40 -42 -47 -50 0
-38 -39 -40 -42 -47 -43 0
-38 -39 -40 -42 -47 -44 0
-38 -39 -40 -42 -47 -53 0
-38 -39 -40 -42 -47 -54 0
-38 -39 -40 -42 -47 -51 0
-38 -39 -40 -42 -47 -52 0
-38 -39 -40 -42 -48 -49 0
-38 -39 -40 -42 -48 -50 0
-38 -39 -40 -42 -48 -43 0
-38 -39 -40 -42 -48 -44 0
-38 -39 -40 -42 -48 -53 0
-38 -39 -40 -42 -48 -54 0
-38 -39 -40 -42 -48 -51 0
-38 -39 -40 -42 -48 -52 0
-38 -39 -40 -42 -49 -50 0
-38 -39 -40 -42 -49 -43 0
-38 -39 -40 -42 -49 -44 0
-38 -39 -40 -42 -49 -53 0
-38 -39 -40 -42 -49 -54 0
-38 -39 -40 -42 -49 -51 0
-38 -39 -40 -42 -49 -52 0
-38 -39 -40 -42 -50 -43 0
-38 -39 -40 -42 -50 -44 0
-38 -39 -40 -42 -50 -53 0
-38 -39 -40 -42 -50 -54 0
-38 -39 -40 -42 -50 -51 0
-38 -39 -40 -42 -50 -52 0
-38 -39 -40 -42 -43 -44 0
-38 -39 -40 -42 -43 -53 0
-38 -39 -40 -42 -43 -54 0
-38 -39 -40 -42 -43 -51 0
-38 -39 -40 -42 -43 -52 0
-38 -39 -40 -42 -44 -53 0
-38 -39 -40 -42 -44 -54 0
-38 -39 -40 -42 -44 -51 0
-38 -39 -40 -42 -44 -52 0
-38 -39 -40 -42 -53 -54 0
-38 -39 -40 -42 -53 -51 0
-38 -39 -40 -42 -53 -52 0
-38 -39 -40 -42 -54 -51 0
-38 -39 -40 -42 -54 -52 0
-38 -39 -40 -42 -51 -52 0
-38 -39 -40 -45 -46 -47 0
-38 -39 -40 -45 -46 -48 0
-38 -39 -40 -45 -46 -49 0
-38 -39 -40 -45 -46 -50 0
-38 -39 -40 -45 -46 -43 0
-38 -39 -40 -45 -46 -44 0
-38 -39 -40 -45 -46 -53 0
-38 -39 -40 -45 -46 -54 0
-38 -39 -40 -45 -46 -51 0
-38 -39 -40 -45 -46 -52 0
-38 -39 -40 -45 -47 -48 0
-38 -39 -40 -45 -47 -49 0
-38 -39 -40 -45 -47 -50 0
-38 -39 -40 -45 -47 -43 0
-38 -39 -40 -45 -47 -44 0
-38 -39 -40 -45 -47 -53 0
-38 -39 -40 -45 -47 -54 0
-38 -39 -40 -45 -47 -51 0
-38 -39 -40 -45 -47 -52 0
-38 -39 -40 -45 -48 -49 0
-38 -39 -40 -45 -48 -50 0
-38 -39 -40 -45 -48 -43 0
-38 -39 -40 -45 -48 -44 0
-38 -39 -40 -45 -48 -53 0
-38 -39 -40 -45 -48 -54 0
-38 -39 -40 -45 -48 -51 0
-38 -39 -40 -45 -48 -52 0
-38 -39 -40 -45 -49 -50 0
-38 -39 -40 -45 -49 -43 0
-38 -39 -40 -45 -49 -44 0
-38 -39 -40 -45 -49 -53 0
-38 -39 -40 -45 -49 -54 0
-38 -39 -40 -45 -49 -51 0
-38 -39 -40 -45 -49 -52 0
-38 -39 -40 -45 -50 -43 0
-38 -39 -40 -45 -50 -44 0
-38 -39 -40 -45 -50 -53 0
-38 -39 -40 -45 -50 -54 0
-38 -39 -40 -45 -50 -51 0
-38 -39 -40 -45 -50 -52 0
-38 -39 -40 -45 -43 -44 0
-38 -39 -40 -45 -43 -53 0
-38 -39 -40 -45 -43 -54 0
-38 -39 -40 -45 -43 -51 0
-38 -39 -40 -45 -43 -52 0
-38 -39 -40 -45 -44 -53 0
-38 -39 -40 -45 -44 -54 0
-38 -39 -40 -45 -44 -51 0
-38 -39 -40 -45 -44 -52 0
-38 -39 -40 -45 -53 -54 0
-38 -39 -40 -45 -53 -51 0
-38 -39 -40 -45 -53 -52 0
-38 -39 -40 -45 -54 -51 0
-38 -39 -40 -45 -54 -52 0
-38 -39 -40 -45 -51 -52 0
-38 -39 -40 -46 -47 -48 0
-38 -39 -40 -46 -47 -49 0
-38 -39 -40 -46 -47 -50 0
-38 -39 -40 -46 -47 -43 0
-38 -39 -40 -46 -47 -44 0
-38 -39 -40 -46 -47 -53 0
-38 -39 -40 -46 -47 -54 0
-38 -39 -40 -46 -47 -51 0
-38 -39 -40 -46 -47 -52 0
-38 -39 -40 -46 -48 -49 0
-38 -39 -40 -46 -48 -50 0
-38 -39 -40 -46 -48 -43 0
-38 -39 -40 -46 -48 -44 0
-38 -39 -40 -46 -48 -53 0
-38 -39 -40 -46 -48 -54 0
-38 -39 -40 -46 -48 -51 0
-38 -39 -40 -46 -48 -52 0
-38 -39 -40 -46 -49 -50 0
-38 -39 -40 -46 -49 -43 0
-38 -39 -40 -46 -49 -44 0
-38 -39 -40 -46 -49 -53 0
-38 -39 -40 -46 -49 -54 0
-38 -39 -40 -46 -49 -51 0
-38 -39 -40 -46 -49 -52 0
-38 -39 -40 -46 -50 -43 0
-38 -39 -40 -46 -50 -44 0
-38 -39 -40 -46 -50 -53 0
-38 -39 -40 -46 -50 -54 0
-38 -39 -40 -46 -50 -51 0
-38 -39 -40 -46 -50 -52 0
-38 -39 -40 -46 -43 -44 0
-38 -39 -40 -46 -43 -53 0
-38 -39 -40 -46 -43 -54 0
-38 -39 -40 -46 -43 -51 0
-38 -39 -40 -46 -43 -52 0
-38 -39 -40 -46 -44 -53 0
-38 -39 -40 -46 -44 -54 0
-38 -39 -40 -46 -44 -51 0
-38 -39 -40 -46 -44 -52 0
-38 -39 -40 -46 -53 -54 0
-38 -39 -40 -46 -53 -51 0
-38 -39 -40 -46 -53 -52 0
-38 -39 -40 -46 -54 -51 0
-38 -39 -40 -46 -54 -52 0
-38 -39 -40 -46 -51 -52 0
-38 -39 -40 -47 -48 -49 0
-38 -39 -40 -47 -48 -50 0
-38 -39 -40 -47 -48 -43 0
-38 -39 -40 -47 -48 -44 0
-38 -39 -40 -47 -48 -53 0
-38 -39 -40 -47 -48 -54 0
-38 -39 -40 -47 -48 -51 0
-38 -39 -40 -47 -48 -52 0
-38 -39 -40 -47 -49 -50 0
-38 -39 -40 -47 -49 -43 0
-38 -39 -40 -47 -49 -44 0
-38 -39 -40 -47 -49 -53 0
-38 -39 -40 -47 -49 -54 0
-38 -39 -40 -47 -49 -51 0
-38 -39 -40 -47 -49 -52 0
-38 -39 -40 -47 -50 -43 0
-38 -39 -40 -47 -50 -44 0
-38 -39 -40 -47 -50 -53 0
-38 -39 -40 -47 -50 -54 0
-38 -39 -40 -47 -50 -51 0
-38 -39 -40 -47 -50 -52 0
-38 -39 -40 -47 -43 -44 0
-38 -39 -40 -47 -43 -53 0
-38 -39 -40 -47 -43 -54 0
-38 -39 -40 -47 -43 -51 0
-38 -39 -40 -47 -43 -52 0
-38 -39 -40 -47 -44 -53 0
-38 -39 -40 -47 -44 -54 0
-38 -39 -40 -47 -44 -51 0
-38 -39 -40 -47 -44 -52 0
-38 -39 -40 -47 -53 -54 0
-38 -39 -40 -47 -53 -51 0
-38 -39 -40 -47 -53 -52 0
-38 -39 -40 -47 -54 -51 0
-38 -39 -40 -47 -54 -52 0
-38 -39 -40 -47 -51 -52 0
-38 -39 -40 -48 -49 -50 0
-38 -39 -40 -48 -49 -43 0
-38 -39 -40 -48 -49 -44 0
-38 -39 -40 -48 -49 -53 0
-38 -39 -40 -48 -49 -54 0
-38 -39 -40 -48 -49 -51 0
-38 -39 -40 -48 -49 -52 0
-38 -39 -40 -48 -50 -43 0
-38 -39 -40 -48 -50 -44 0
-38 -39 -40 -48 -50 -53 0
-38 -39 -40 -48 -50 -54 0
-38 -39 -40 -48 -50 -51 0
-38 -39 -40 -48 -50 -52 0
-38 -39 -40 -48 -43 -44 0
-38 -39 -40 -48 -43 -53 0
-38 -39 -40 -48 -43 -54 0
-38 -39 -40 -48 -43 -51 0
-38 -39 -40 -48 -43 -52 0
-38 -39 -40 -48 -44 -53 0
-38 -39 -40 -48 -44 -54 0
-38 -39 -40 -48 -44 -51 0
-38 -39 -40 -48 -44 -52 0
-38 -39 -40 -48 -53 -54 0
-38 -39 -40 -48 -53 -51 0
-38 -39 -40 -48 -53 -52 0
-38 -39 -40 -48 -54 -51 0
-38 -39 -40 -48 -54 -52 0
-38 -39 -40 -48 -51 -52 0
-38 -39 -40 -49 -50 -43 0
-38 -39 -40 -49 -50 -44 0
-38 -39 -40 -49 -50 -53 0
-38 -39 -40 -49 -50 -54 0
-38 -39 -40 -49 -50 -51 0
-38 -39 -40 -49 -50 -52 0
-38 -39 -40 -49 -43 -44 0
-38 -39 -40 -49 -43 -53 0
-38 -39 -40 -49 -43 -54 0
-38 -39 -40 -49 -43 -51 0
-38 -39 -40 -49 -43 -52 0
-38 -39 -40 -49 -44 -53 0
-38 -39 -40 -49 -44 -54 0
-38 -39 -40 -49 -44 -51 0
-38 -39 -40 -49 -44 -52 0
-38 -39 -40 -49 -53 -54 0
-38 -39 -40 -49 -53 -51 0
-38 -39 -40 -49 -53 -52 0
-38 -39 -40 -49 -54 -51 0
-38 -39 -40 -49 -54 -52 0
-38 -39 -40 -49 -51 -52 0
-38 -39 -40 -50 -43 -44 0
-38 -39 -40 -50 -43 -53 0
-38 -39 -40 -50 -43 -54 0
-38 -39 -40 -50 -43 -51 0
-38 -39 -40 -50 -43 -52 0
-38 -39 -40 -50 -44 -53 0
-38 -39 -40 -50 -44 -54 0
-38 -39 -40 -50 -44 -51 0
-38 -39 -40 -50 -44 -52 0
-38 -39 -40 -50 -53 -54 0
-38 -39 -40 -50 -53 -51 0
-38 -39 -40 -50 -53 -52 0
-38 -39 -40 -50 -54 -51 0
-38 -39 -40 -50 -54 -52 0
-38 -39 -40 -50 -51 -52 0
-38 -39 -40 -43 -44 -53 0
-38 -39 -40 -43 -44 -54 0
-38 -39 -40 -43 -44 -51 0
-38 -39 -40 -43 -44 -52 0
-38 -39 -40 -43 -53 -54 0
-38 -39 -40 -43 -53 -51 0
-38 -39 -40 -43 -53 -52 0
-38 -39 -40 -43 -54 -51 0
-38 -39 -40 -43 -54 -52 0
-38 -39 -40 -43 -51 -52 0
-38 -39 -40 -44 -53 -54 0
-38 -39 -40 -44 -53 -51 0
-38 -39 -40 -44 -53 -52 0
-38 -39 -40 -44 -54 -51 0
-38 -39 -40 -44 -54 -52 0
-38 -39 -40 -44 -51 -52 0
-38 -39 -40 -53 -54 -51 0
-38 -39 -40 -53 -54 -52 0
-38 -39 -40 -53 -51 -52 0
-38 -39 -40 -54 -51 -52 0
-38 -39 -41 -42 -45 -46 0
-38 -39 -41 -42 -45 -47 0
-38 -39 -41 -42 -45 -48 0
-38 -39 -41 -42 -45 -49 0
-38 -39 -41 -42 -45 -50 0
-38 -39 -41 -42 -45 -43 0
-38 -39 -41 -42 -45 -44 0
-38 -39 -41 -42 -45 -53 0
-38 -39 -41 -42 -45 -54 0
-38 -39 -41 -42 -45 -51 0
-38 -39 -41 -42 -45 -52 0
-38 -39 -41 -42 -46 -47 0
-38 -39 -41 -42 -46 -48 0
-38 -39 -41 -42 -46 -49 0
-38 -39 -41 -42 -46 -50 0
-38 -39 -41 -42 -46 -43 0
-38 -39 -41 -42 -46 -44 0
-38 -39 -41 -42 -46 -53 0
-38 -39 -41 -42 -46 -54 0
-38 -39 -41 -42 -46 -51 0
-38 -39 -41 -42 -46 -52 0
-38 -39 -41 -42 -47 -48 0
-38 -39 -41 -42 -47 -49 0
-38 -39 -41 -42 -47 -50 0
-38 -39 -41 -42 -47 -43 0
-38 -39 -41 -42 -47 -44 0
-38 -39 -41 -42 -47 -53 0
-38 -39 -41 -42 -47 -54 0
-38 -39 -41 -42 -47 -51 0
-38 -39 -41 -42 -47 -52 0
-38 -39 -41 -42 -48 -49 0
-38 -39 -41 -42 -48 -50 0
-38 -39 -41 -42 -48 -43 0
-38 -39 -41 -42 -48 -44 0
-38 -39 -41 -42 -48 -53 0
-38 -39 -41 -42 -48 -54 0
-38 -39 -41 -42 -48 -51 0
-38 -39 -41 -42 -48 -52 0
-38 -39 -41 -42 -49 -50 0
-38 -39 -41 -42 -49 -43 0
-38 -39 -41 -42 -49 -44 0
-38 -39 -41 -42 -49 -53 0
-38 -39 -41 -42 -49 -54 0
-38 -39 -41 -42 -49 -51 0
-38 -39 -41 -42 -49 -52 0
-38 -39 -41 -42 -50 -43 0
-38 -39 -41 -42 -50 -44 0
-38 -39 -41 -42 -50 -53 0
-38 -39 -41 -42 -50 -54 0
-38 -39 -41 -42 -50 -51 0
-38 -39 -41 -42 -50 -52 0
-38 -39 -41 -42 -43 -44 0
-38 -39 -41 -42 -43 -53 0
-38 -39 -41 -42 -43 -54 0
-38 -39 -41 -42 -43 -51 0
-38 -39 -41 -42 -43 -52 0
-38 -39 -41 -42 -44 -53 0
-38 -39 -41 -42 -44 -54 0
-38 -39 -41 -42 -44 -51 0
-38 -39 -41 -42 -44 -52 0
-38 -39 -41 -42 -53 -54 0
-38 -39 -41 -42 -53 -51 0
-38 -39 -41 -42 -53 -52 0
-38 -39 -41 -42 -54 -51 0
-38 -39 -41 -42 -54 -52 0
-38 -39 -41 -42 -51 -52 0
-38 -39 -41 -45 -46 -47 0
-38 -39 -41 -45 -46 -48 0
-38 -39 -41 -45 -46 -49 0
-38 -39 -41 -45 -46 -50 0
-38 -39 -41 -45 -46 -43 0
-38 -39 -41 -45 -46 -44 0
-38 -39 -41 -45 -46 -53 0
-38 -39 -41 -45 -46 -54 0
-38 -39 -41 -45 -46 -51 0
-38 -39 -41 -45 -46 -52 0
-38 -39 -41 -45 -47 -48 0
-38 -39 -41 -45 -47 -49 0
-38 -39 -41 -45 -47 -50 0
-38 -39 -41 -45 -47 -43 0
-38 -39 -41 -45 -47 -44 0
-38 -39 -41 -45 -47 -53 0
-38 -39 -41 -45 -47 -54 0
-38 -39 -41 -45 -47 -51 0
-38 -39 -41 -45 -47 -52 0
-38 -39 -41 -45 -48 -49 0
-38 -39 -41 -45 -48 -50 0
-38 -39 -41 -45 -48 -43 0
-38 -39 -41 -45 -48 -44 0
-38 -39 -41 -45 -48 -53 0
-38 -39 -41 -45 -48 -54 0
-38 -39 -41 -45 -48 -51 0
-38 -39 -41 -45 -48 -52 0
-38 -39 -41 -45 -49 -50 0
-38 -39 -41 -45 -49 -43 0
-38 -39 -41 -45 -49 -44 0
-38 -39 -41 -45 -49 -53 0
-38 -39 -41 -45 -49 -54 0
-38 -39 -41 -45 -49 -51 0
-38 -39 -41 -45 -49 -52 0
-38 -39 -41 -45 -50 -43 0
-38 -39 -41 -45 -50 -44 0
-38 -39 -41 -45 -50 -53 0
-38 -39 -41 -45 -50 -54 0
-38 -39 -41 -45 -50 -51 0
-38 -39 -41 -45 -50 -52 0
-38 -39 -41 -45 -43 -44 0
-38 -39 -41 -45 -43 -53 0
-38 -39 -41 -45 -43 -54 0
-38 -39 -41 -45 -43 -51 0
-38 -39 -41 -45 -43 -52 0
-38 -39 -41 -45 -44 -53 0
-38 -39 -41 -45 -44 -54 0
-38 -39 -41 -45 -44 -51 0
-38 -39 -41 -45 -44 -52 0
-38 -39 -41 -45 -53 -54 0
-38 -39 -41 -45 -53 -51 0
-38 -39 -41 -45 -53 -52 0
-38 -39 -41 -45 -54 -51 0
-38 -39 -41 -45 -54 -52 0
-38 -39 -41 -45 -51 -52 0
-38 -39 -41 -46 -47 -48 0
-38 -39 -41 -46 -47 -49 0
-38 -39 -41 -46 -47 -50 0
-38 -39 -41 -46 -47 -43 0
-38 -39 -41 -46 -47 -44 0
-38 -39 -41 -46 -47 -53 0
-38 -39 -41 -46 -47 -54 0
-38 -39 -41 -46 -47 -51 0
-38 -39 -41 -46 -47 -52 0
-38 -39 -41 -46 -48 -49 0
-38 -39 -41 -46 -48 -50 0
-38 -39 -41 -46 -48 -43 0
-38 -39 -41 -46 -48 -44 0
-38 -39 -41 -46 -48 -53 0
-38 -39 -41 -46 -48 -54 0
-38 -39 -41 -46 -48 -51 0
-38 -39 -41 -46 -48 -52 0
-38 -39 -41 -46 -49 -50 0
-38 -39 -41 -46 -49 -43 0
-38 -39 -41 -46 -49 -44 0
-38 -39 -41 -46 -49 -53 0
-38 -39 -41 -46 -49 -54 0
-38 -39 -41 -46 -49 -51 0
-38 -39 -41 -46 -49 -52 0
-38 -39 -41 -46 -50 -43 0
-38 -39 -41 -46 -50 -44 0
-38 -39 -41 -46 -50 -53 0
-38 -39 -41 -46 -50 -54 0
-38 -39 -41 -46 -50 -51 0
-38 -39 -41 -46 -50 -52 0
-38 -39 -41 -46 -43 -44 0
-38 -39 -41 -46 -43 -53 0
-38 -39 -41 -46 -43 -54 0
-38 -39 -41 -46 -43 -51 0
-38 -39 -41 -46 -43 -52 0
-38 -39 -41 -46 -44 -53 0
-38 -39 -41 -46 -44 -54 0
-38 -39 -41 -46 -44 -51 0
-38 -39 -41 -46 -44 -52 0
-38 -39 -41 -46 -53 -54 0
-38 -39 -41 -46 -53 -51 0
-38 -39 -41 -46 -53 -52 0
-38 -39 -41 -46 -54 -51 0
-38 -39 -41 -46 -54 -52 0
-38 -39 -41 -46 -51 -52 0
-38 -39 -41 -47 -48 -49 0
-38 -39 -41 -47 -48 -50 0
-38 -39 -41 -47 -48 -43 0
-38 -39 -41 -47 -48 -44 0
-38 -39 -41 -47 -48 -53 0
-38 -39 -41 -47 -48 -54 0
-38 -39 -41 -47 -48 -51 0
-38 -39 -41 -47 -48 -52 0
-38 -39 -41 -47 -49 -50 0
-38 -39 -41 -47 -49 -43 0
-38 -39 -41 -47 -49 -44 0
-38 -39 -41 -47 -49 -53 0
-38 -39 -41 -47 -49 -54 0
-38 -39 -41 -47 -49 -51 0
-38 -39 -41 -47 -49 -52 0
-38 -39 -41 -47 -50 -43 0
-38 -39 -41 -47 -50 -44 0
-38 -39 -41 -47 -50 -53 0
-38 -39 -41 -47 -50 -54 0
-38 -39 -41 -47 -50 -51 0
-38 -39 -41 -47 -50 -52 0
-38 -39 -41 -47 -43 -44 0
-38 -39 -41 -47 -43 -53 0
-38 -39 -41 -47 -43 -54 0
-38 -39 -41 -47 -43 -51 0
-38 -39 -41 -47 -43 -52 0
-38 -39 -41 -47 -44 -53 0
-38 -39 -41 -47 -44 -54 0
-38 -39 -41 -47 -44 -51 0
-38 -39 -41 -47 -44 -52 0
-38 -39 -41 -47 -53 -54 0
-38 -39 -41 -47 -53 -51 0
-38 -39 -41 -47 -53 -52 0
-38 -39 -41 -47 -54 -51 0
-38 -39 -41 -47 -54 -52 0
-38 -39 -41 -47 -51 -52 0
-38 -39 -41 -48 -49 -50 0
-38 -39 -41 -48 -49 -43 0
-38 -39 -41 -48 -49 -44 0
-38 -39 -41 -48 -49 -53 0
-38 -39 -41 -48 -49 -54 0
-38 -39 -41 -48 -49 -51 0
-38 -39 -41 -48 -49 -52 0
-38 -39 -41 -48 -50 -43 0
-38 -39 -41 -48 -50 -44 0
-38 -39 -41 -48 -50 -53 0
-38 -39 -41 -48 -50 -54 0
-38 -39 -41 -48 -50 -51 0
-38 -39 -41 -48 -50 -52 0
-38 -39 -41 -48 -43 -44 0
-38 -39 -41 -48 -43 -53 0
-38 -39 -41 -48 -43 -54 0
-38 -39 -41 -48 -43 -51 0
-38 -39 -41 -48 -43 -52 0
-38 -39 -41 -48 -44 -53 0
-38 -39 -41 -48 -44 -54 0
-38 -39 -41 -48 -44 -51 0
-38 -39 -41 -48 -44 -52 0
-38 -39 -41 -48 -53 -54 0
-38 -39 -41 -48 -53 -51 0
-38 -39 -41 -48 -53 -52 0
-38 -39 -41 -48 -54 -51 0
-38 -39 -41 -48 -54 -52 0
-38 -39 -41 -48 -51 -52 0
-38 -39 -41 -49 -50 -43 0
-38 -39 -41 -49 -50 -44 0
-38 -39 -41 -49 -50 -53 0
-38 -39 -41 -49 -50 -54 0
-38 -39 -41 -49 -50 -51 0
-38 -39 -41 -49 -50 -52 0
-38 -39 -41 -49 -43 -44 0
-38 -39 -41 -49 -43 -53 0
-38 -39 -41 -49 -43 -54 0
-38 -39 -41 -49 -43 -51 0
-38 -39 -41 -49 -43 -52 0
-38 -39 -41 -49 -44 -53 0
-38 -39 -41 -49 -44 -54 0
-38 -39 -41 -49 -44 -51 0
-38 -39 -41 -49 -44 -52 0
-38 -39 -41 -49 -53 -54 0
-38 -39 -41 -49 -53 -51 0
-38 -39 -41 -49 -53 -52 0
-38 -39 -41 -49 -54 -51 0
-38 -39 -41 -49 -54 -52 0
-38 -39 -41 -49 -51 -52 0
-38 -39 -41 -50 -43 -44 0
-38 -39 -41 -50 -43 -53 0
-38 -39 -41 -50 -43 -54 0
-38 -39 -41 -50 -43 -51 0
-38 -39 -41 -50 -43 -52 0
-38 -39 -41 -50 -44 -53 0
-38 -39 -41 -50 -44 -54 0
-38 -39 -41 -50 -44 -51 0
-38 -39 -41 -50 -44 -52 0
-38 -39 -41 -50 -53 -54 0
-38 -39 -41 -50 -53 -51 0
-38 -39 -41 -50 -53 -52 0
-38 -39 -41 -50 -54 -51 0
-38 -39 -41 -50 -54 -52 0
-38 -39 -41 -50 -51 -52 0
-38 -39 -41 -43 -44 -53 0
-38 -39 -41 -43 -44 -54 0
-38 -39 -41 -43 -44 -51 0
-38 -39 -41 -43 -44 -52 0
-38 -39 -41 -43 -53 -54 0
-38 -39 -41 -43 -53 -51 0
-38 -39 -41 -43 -53 -52 0
-38 -39 -41 -43 -54 -51 0
-38 -39 -41 -43 -54 -52 0
-38 -39 -41 -43 -51 -52 0
-38 -39 -41 -44 -53 -54 0
-38 -39 -41 -44 -53 -51 0
-38 -39 -41 -44 -53 -52 0
-38 -39 -41 -44 -54 -51 0
-38 -39 -41 -44 -54 -52 0
-38 -39 -41 -44 -51 -52 0
-38 -39 -41 -53 -54 -51 0
-38 -39 -41 -53 -54 -52 0
-38 -39 -41 -53 -51 -52 0
-38 -39 -41 -54 -51 -52 0
-38 -39 -42 -45 -46 -47 0
-38 -39 -42 -45 -46 -48 0
-38 -39 -42 -45 -46 -49 0
-38 -39 -42 -45 -46 -50 0
-38 -39 -42 -45 -46 -43 0
-38 -39 -42 -45 -46 -44 0
-38 -39 -42 -45 -46 -53 0
-38 -39 -42 -45 -46 -54 0
-38 -39 -42 -45 -46 -51 0
-38 -39 -42 -45 -46 -52 0
-38 -39 -42 -45 -47 -48 0
-38 -39 -42 -45 -47 -49 0
-38 -39 -42 -45 -47 -50 0
-38 -39 -42 -45 -47 -43 0
-38 -39 -42 -45 -47 -44 0
-38 -39 -42 -45 -47 -53 0
-38 -39 -42 -45 -47 -54 0
-38 -39 -42 -45 -47 -51 0
-38 -39 -42 -45 -47 -52 0
-38 -39 -42 -45 -48 -49 0
-38 -39 -42 -45 -48 -50 0
-38 -39 -42 -45 -48 -43 0
-38 -39 -42 -45 -48 -44 0
-38 -39 -42 -45 -48 -53 0
-38 -39 -42 -45 -48 -54 0
-38 -39 -42 -45 -48 -51 0
-38 -39 -42 -45 -48 -52 0
-38 -39 -42 -45 -49 -50 0
-38 -39 -42 -45 -49 -43 0
-38 -39 -42 -45 -49 -44 0
-38 -39 -42 -45 -49 -53 0
-38 -39 -42 -45 -49 -54 0
-38 -39 -42 -45 -49 -51 0
-38 -39 -42 -45 -49 -52 0
-38 -39 -42 -45 -50 -43 0
-38 -39 -42 -45 -50 -44 0
-38 -39 -42 -45 -50 -53 0
-38 -39 -42 -45 -50 -54 0
-38 -39 -42 -45 -50 -51 0
-38 -39 -42 -45 -50 -52 0
-38 -39 -42 -45 -43 -44 0
-38 -39 -42 -45 -43 -53 0
-38 -39 -42 -45 -43 -54 0
-38 -39 -42 -45 -43 -51 0
-38 -39 -42 -45 -43 -52 0
-38 -39 -42 -45 -44 -53 0
-38 -39 -42 -45 -44 -54 0
-38 -39 -42 -45 -44 -51 0
-38 -39 -42 -45 -44 -52 0
-38 -39 -42 -45 -53 -54 0
-38 -39 -42 -45 -53 -51 0
-38 -39 -42 -45 -53 -52 0
-38 -39 -42 -45 -54 -51 0
-38 -39 -42 -45 -54 -52 0
-38 -39 -42 -45 -51 -52 0
-38 -39 -42 -46 -47 -48 0
-38 -39 -42 -46 -47 -49 0
-38 -39 -42 -46 -47 -50 0
-38 -39 -42 -46 -47 -43 0
-38 -39 -42 -46 -47 -44 0
-38 -39 -42 -46 -47 -53 0
-38 -39 -42 -46 -47 -54 0
-38 -39 -42 -46 -47 -51 0
-38 -39 -42 -46 -47 -52 0
-38 -39 -42 -46 -48 -49 0
-38 -39 -42 -46 -48 -50 0
-38 -39 -42 -46 -48 -43 0
-38 -39 -42 -46 -48 -44 0
-38 -39 -42 -46 -48 -53 0
-38 -39 -42 -46 -48 -54 0
-38 -39 -42 -46 -48 -51 0
-38 -39 -42 -46 -48 -52 0
-38 -39 -42 -46 -49 -50 0
-38 -39 -42 -46 -49 -43 0
-38 -39 -42 -46 -49 -44 0
-38 -39 -42 -46 -49 -53 0
-38 -39 -42 -46 -49 -54 0
-38 -39 -42 -46 -49 -51 0
-38 -39 -42 -46 -49 -52 0
-38 -39 -42 -46 -50 -43 0
-38 -39 -42 -46 -50 -44 0
-38 -39 -42 -46 -50 -53 0
-38 -39 -42 -46 -50 -54 0
-38 -39 -42 -46 -50 -51 0
-38 -39 -42 -46 -50 -52 0
-38 -39 -42 -46 -43 -44 0
-38 -39 -42 -46 -43 -53 0
-38 -39 -42 -46 -43 -54 0
-38 -39 -42 -46 -43 -51 0
-38 -39 -42 -46 -43 -52 0
-38 -39 -42 -46 -44 -53 0
-38 -39 -42 -46 -44 -54 0
-38 -39 -42 -46 -44 -51 0
-38 -39 -42 -46 -44 -52 0
-38 -39 -42 -46 -53 -54 0
-38 -39 -42 -46 -53 -51 0
-38 -39 -42 -46 -53 -52 0
-38 -39 -42 -46 -54 -51 0
-38 -39 -42 -46 -54 -52 0
-38 -39 -42 -46 -51 -52 0
-38 -39 -42 -47 -48 -49 0
-38 -39 -42 -47 -48 -50 0
-38 -39 -42 -47 -48 -43 0
-38 -39 -42 -47 -48 -44 0
-38 -39 -42 -47 -48 -53 0
-38 -39 -42 -47 -48 -54 0
-38 -39 -42 -47 -48 -51 0
-38 -39 -42 -47 -48 -52 0
-38 -39 -42 -47 -49 -50 0
-38 -39 -42 -47 -49 -43 0
-38 -39 -42 -47 -49 -44 0
-38 -39 -42 -47 -49 -53 0
-38 -39 -42 -47 -49 -54 0
-38 -39 -42 -47 -49 -51 0
-38 -39 -42 -47 -49 -52 0
-38 -39 -42 -47 -50 -43 0
-38 -39 -42 -47 -50 -44 0
-38 -39 -42 -47 -50 -53 0
-38 -39 -42 -47 -50 -54 0
-38 -39 -42 -47 -50 -51 0
-38 -39 -42 -47 -50 -52 0
-38 -39 -42 -47 -43 -44 0
-38 -39 -42 -47 -43 -53 0
-38 -39 -42 -47 -43 -54 0
-38 -39 -42 -47 -43 -51 0
-38 -39 -42 -47 -43 -52 0
-38 -39 -42 -47 -44 -53 0
-38 -39 -42 -47 -44 -54 0
-38 -39 -42 -47 -44 -51 0
-38 -39 -42 -47 -44 -52 0
-38 -39 -42 -47 -53 -54 0
-38 -39 -42 -47 -53 -51 0
-38 -39 -42 -47 -53 -52 0
-38 -39 -42 -47 -54 -51 0
-38 -39 -42 -47 -54 -52 0
-38 -39 -42 -47 -51 -52 0
-38 -39 -42 -48 -49 -50 0
-38 -39 -42 -48 -49 -43 0
-38 -39 -42 -48 -49 -44 0
-38 -39 -42 -48 -49 -53 0
-38 -39 -42 -48 -49 -54 0
-38 -39 -42 -48 -49 -51 0
-38 -39 -42 -48 -49 -52 0
-38 -39 -42 -48 -50 -43 0
-38 -39 -42 -48 -50 -44 0
-38 -39 -42 -48 -50 -53 0
-38 -39 -42 -48 -50 -54 0
-38 -39 -42 -48 -50 -51 0
-38 -39 -42 -48 -50 -52 0
-38 -39 -42 -48 -43 -44 0
-38 -39 -42 -48 -43 -53 0
-38 -39 -42 -48 -43 -54 0
-38 -39 -42 -48 -43 -51 0
-38 -39 -42 -48 -43 -52 0
-38 -39 -42 -48 -44 -53 0
-38 -39 -42 -48 -44 -54 0
-38 -39 -42 -48 -44 -51 0
-38 -39 -42 -48 -44 -52 0
-38 -39 -42 -48 -53 -54 0
-38 -39 -42 -48 -53 -51 0
-38 -39 -42 -48 -53 -52 0
-38 -39 -42 -48 -54 -51 0
-38 -39 -42 -48 -54 -52 0
-38 -39 -42 -48 -51 -52 0
-38 -39 -42 -49 -50 -43 0
-38 -39 -42 -49 -50 -44 0
-38 -39 -42 -49 -50 -53 0
-38 -39 -42 -49 -50 -54 0
-38 -39 -42 -49 -50 -51 0
-38 -39 -42 -49 -50 -52 0
-38 -39 -42 -49 -43 -44 0
-38 -39 -42 -49 -43 -53 0
-38 -39 -42 -49 -43 -54 0
-38 -39 -42 -49 -43 -51 0
-38 -39 -42 -49 -43 -52 0
-38 -39 -42 -49 -44 -53 0
-38 -39 -42 -49 -44 -54 0
-38 -39 -42 -49 -44 -51 0
-38 -39 -42 -49 -44 -52 0
-38 -39 -42 -49 -53 -54 0
-38 -39 -42 -49 -53 -51 0
-38 -39 -42 -49 -53 -52 0
-38 -39 -42 -49 -54 -51 0
-38 -39 -42 -49 -54 -52 0
-38 -39 -42 -49 -51 -52 0
-38 -39 -42 -50 -43 -44 0
-38 -39 -42 -50 -43 -53 0
-38 -39 -42 -50 -43 -54 0
-38 -39 -42 -50 -43 -51 0
-38 -39 -42 -50 -43 -52 0
-38 -39 -42 -50 -44 -53 0
-38 -39 -42 -50 -44 -54 0
-38 -39 -42 -50 -44 -51 0
-38 -39 -42 -50 -44 -52 0
-38 -39 -42 -50 -53 -54 0
-38 -39 -42 -50 -53 -51 0
-38 -39 -42 -50 -53 -52 0
-38 -39 -42 -50 -54 -51 0
-38 -39 -42 -50 -54 -52 0
-38 -39 -42 -50 -51 -52 0
-38 -39 -42 -43 -44 -53 0
-38 -39 -42 -43 -44 -54 0
-38 -39 -42 -43 -44 -51 0
-38 -39 -42 -43 -44 -52 0
-38 -39 -42 -43 -53 -54 0
-38 -39 -42 -43 -53 -51 0
-38 -39 -42 -43 -53 -52 0
-38 -39 -42 -43 -54 -51 0
-38 -39 -42 -43 -54 -52 0
-38 -39 -42 -43 -51 -52 0
-38 -39 -42 -44 -53 -54 0
-38 -39 -42 -44 -53 -51 0
-38 -39 -42 -44 -53 -52 0
-38 -39 -42 -44 -54 -51 0
-38 -39 -42 -44 -54 -52 0
-38 -39 -42 -44 -51 -52 0
-38 -39 -42 -53 -54 -51 0
-38 -39 -42 -53 -54 -52 0
-38 -39 -42 -53 -51 -52 0
-38 -39 -42 -54 -51 -52 0
-38 -39 -45 -46 -47 -48 0
-38 -39 -45 -46 -47 -49 0
-38 -39 -45 -46 -47 -50 0
-38 -39 -45 -46 -47 -43 0
-38 -39 -45 -46 -47 -44 0
-38 -39 -45 -46 -47 -53 0
-38 -39 -45 -46 -47 -54 0
-38 -39 -45 -46 -47 -51 0
-38 -39 -45 -46 -47 -52 0
-38 -39 -45 -46 -48 -49 0
-38 -39 -45 -46 -48 -50 0
-38 -39 -45 -46 -48 -43 0
-38 -39 -45 -46 -48 -44 0
-38 -39 -45 -46 -48 -53 0
-38 -39 -45 -46 -48 -54 0
-38 -39 -45 -46 -48 -51 0
-38 -39 -45 -46 -48 -52 0
-38 -39 -45 -46 -49 -50 0
-38 -39 -45 -46 -49 -43 0
-38 -39 -45 -46 -49 -44 0
-38 -39 -45 -46 -49 -53 0
-38 -39 -45 -46 -49 -54 0
-38 -39 -45 -46 -49 -51 0
-38 -39 -45 -46 -49 -52 0
-38 -39 -45 -46 -50 -43 0
-38 -39 -45 -46 -50 -44 0
-38 -39 -45 -46 -50 -53 0
-38 -39 -45 -46 -50 -54 0
-38 -39 -45 -46 -50 -51 0
-38 -39 -45 -46 -50 -52 0
-38 -39 -45 -46 -43 -44 0
-38 -39 -45 -46 -43 -53 0
-38 -39 -45 -46 -43 -54 0
-38 -39 -45 -46 -43 -51 0
-38 -39 -45 -46 -43 -52 0
-38 -39 -45 -46 -44 -53 0
-38 -39 -45 -46 -44 -54 0
-38 -39 -45 -46 -44 -51 0
-38 -39 -45 -46 -44 -52 0
-38 -39 -45 -46 -53 -54 0
-38 -39 -45 -46 -53 -51 0
-38 -39 -45 -46 -53 -52 0
-38 -39 -45 -46 -54 -51 0
-38 -39 -45 -46 -54 -52 0
-38 -39 -45 -46 -51 -52 0
-38 -39 -45 -47 -48 -49 0
-38 -39 -45 -47 -48 -50 0
-38 -39 -45 -47 -48 -43 0
-38 -39 -45 -47 -48 -44 0
-38 -39 -45 -47 -48 -53 0
-38 -39 -45 -47 -48 -54 0
-38 -39 -45 -47 -48 -51 0
-38 -39 -45 -47 -48 -52 0
-38 -39 -45 -47 -49 -50 0
-38 -39 -45 -47 -49 -43 0
-38 -39 -45 -47 -49 -44 0
-38 -39 -45 -47 -49 -53 0
-38 -39 -45 -47 -49 -54 0
-38 -39 -45 -47 -49 -51 0
-38 -39 -45 -47 -49 -52 0
-38 -39 -45 -47 -50 -43 0
-38 -39 -45 -47 -50 -44 0
-38 -39 -45 -47 -50 -53 0
-38 -39 -45 -47 -50 -54 0
-38 -39 -45 -47 -50 -51 0
-38 -39 -45 -47 -50 -52 0
-38 -39 -45 -47 -43 -44 0
-38 -39 -45 -47 -43 -53 0
-38 -39 -45 -47 -43 -54 0
-38 -39 -45 -47 -43 -51 0
-38 -39 -45 -47 -43 -52 0
-38 -39 -45 -47 -44 -53 0
-38 -39 -45 -47 -44 -54 0
-38 -39 -45 -47 -44 -51 0
-38 -39 -45 -47 -44 -52 0
-38 -39 -45 -47 -53 -54 0
-38 -39 -45 -47 -53 -51 0
-38 -39 -45 -47 -53 -52 0
-38 -39 -45 -47 -54 -51 0
-38 -39 -45 -47 -54 -52 0
-38 -39 -45 -47 -51 -52 0
-38 -39 -45 -48 -49 -50 0
-38 -39 -45 -48 -49 -43 0
-38 -39 -45 -48 -49 -44 0
-38 -39 -45 -48 -49 -53 0
-38 -39 -45 -48 -49 -54 0
-38 -39 -45 -48 -49 -51 0
-38 -39 -45 -48 -49 -52 0
-38 -39 -45 -48 -50 -43 0
-38 -39 -45 -48 -50 -44 0
-38 -39 -45 -48 -50 -53 0
-38 -39 -45 -48 -50 -54 0
-38 -39 -45 -48 -50 -51 0
-38 -39 -45 -48 -50 -52 0
-38 -39 -45 -48 -43 -44 0
-38 -39 -45 -48 -43 -53 0
-38 -39 -45 -48 -43 -54 0
-38 -39 -45 -48 -43 -51 0
-38 -39 -45 -48 -43 -52 0
-38 -39 -45 -48 -44 -53 0
-38 -39 -45 -48 -44 -54 0
-38 -39 -45 -48 -44 -51 0
-38 -39 -45 -48 -44 -52 0
-38 -39 -45 -48 -53 -54 0
-38 -39 -45 -48 -53 -51 0
-38 -39 -45 -48 -53 -52 0
-38 -39 -45 -48 -54 -51 0
-38 -39 -45 -48 -54 -52 0
-38 -39 -45 -48 -51 -52 0
-38 -39 -45 -49 -50 -43 0
-38 -39 -45 -49 -50 -44 0
-38 -39 -45 -49 -50 -53 0
-38 -39 -45 -49 -50 -54 0
-38 -39 -45 -49 -50 -51 0
-38 -39 -45 -49 -50 -52 0
-38 -39 -45 -49 -43 -44 0
-38 -39 -45 -49 -43 -53 0
-38 -39 -45 -49 -43 -54 0
-38 -39 -45 -49 -43 -51 0
-38 -39 -45 -49 -43 -52 0
-38 -39 -45 -49 -44 -53 0
-38 -39 -45 -49 -44 -54 0
-38 -39 -45 -49 -44 -51 0
-38 -39 -45 -49 -44 -52 0
-38 -39 -45 -49 -53 -54 0
-38 -39 -45 -49 -53 -51 0
-38 -39 -45 -49 -53 -52 0
-38 -39 -45 -49 -54 -51 0
-38 -39 -45 -49 -54 -52 0
-38 -39 -45 -49 -51 -52 0
-38 -39 -45 -50 -43 -44 0
-38 -39 -45 -50 -43 -53 0
-38 -39 -45 -50 -43 -54 0
-38 -39 -45 -50 -43 -51 0
-38 -39 -45 -50 -43 -52 0
-38 -39 -45 -50 -44 -53 0
-38 -39 -45 -50 -44 -54 0
-38 -39 -45 -50 -44 -51 0
-38 -39 -45 -50 -44 -52 0
-38 -39 -45 -50 -53 -54 0
-38 -39 -45 -50 -53 -51 0
-38 -39 -45 -50 -53 -52 0
-38 -39 -45 -50 -54 -51 0
-38 -39 -45 -50 -54 -52 0
-38 -39 -45 -50 -51 -52 0
-38 -39 -45 -43 -44 -53 0
-38 -39 -45 -43 -44 -54 0
-38 -39 -45 -43 -44 -51 0
-38 -39 -45 -43 -44 -52 0
-38 -39 -45 -43 -53 -54 0
-38 -39 -45 -43 -53 -51 0
-38 -39 -45 -43 -53 -52 0
-38 -39 -45 -43 -54 -51 0
-38 -39 -45 -43 -54 -52 0
-38 -39 -45 -43 -51 -52 0
-38 -39 -45 -44 -53 -54 0
-38 -39 -45 -44 -53 -51 0
-38 -39 -45 -44 -53 -52 0
-38 -39 -45 -44 -54 -51 0
-38 -39 -45 -44 -54 -52 0
-38 -39 -45 -44 -51 -52 0
-38 -39 -45 -53 -54 -51 0
-38 -39 -45 -53 -54 -52 0
-38 -39 -45 -53 -51 -52 0
-38 -39 -45 -54 -51 -52 0
-38 -39 -46 -47 -48 -49 0
-38 -39 -46 -47 -48 -50 0
-38 -39 -46 -47 -48 -43 0
-38 -39 -46 -47 -48 -44 0
-38 -39 -46 -47 -48 -53 0
-38 -39 -46 -47 -48 -54 0
-38 -39 -46 -47 -48 -51 0
-38 -39 -46 -47 -48 -52 0
-38 -39 -46 -47 -49 -50 0
-38 -39 -46 -47 -49 -43 0
-38 -39 -46 -47 -49 -44 0
-38 -39 -46 -47 -49 -53 0
-38 -39 -46 -47 -49 -54 0
-38 -39 -46 -47 -49 -51 0
-38 -39 -46 -47 -49 -52 0
-38 -39 -46 -47 -50 -43 0
-38 -39 -46 -47 -50 -44 0
-38 -39 -46 -47 -50 -53 0
-38 -39 -46 -47 -50 -54 0
-38 -39 -46 -47 -50 -51 0
-38 -39 -46 -47 -50 -52 0
-38 -39 -46 -47 -43 -44 0
-38 -39 -46 -47 -43 -53 0
-38 -39 -46 -47 -43 -54 0
-38 -39 -46 -47 -43 -51 0
-38 -39 -46 -47 -43 -52 0
-38 -39 -46 -47 -44 -53 0
-38 -39 -46 -47 -44 -54 0
-38 -39 -46 -47 -44 -51 0
-38 -39 -46 -47 -44 -52 0
-38 -39 -46 -47 -53 -54 0
-38 -39 -46 -47 -53 -51 0
-38 -39 -46 -47 -53 -52 0
-38 -39 -46 -47 -54 -51 0
-38 -39 -46 -47 -54 -52 0
-38 -39 -46 -47 -51 -52 0
-38 -39 -46 -48 -49 -50 0
-38 -39 -46 -48 -49 -43 0
-38 -39 -46 -48 -49 -44 0
-38 -39 -46 -48 -49 -53 0
-38 -39 -46 -48 -49 -54 0
-38 -39 -46 -48 -49 -51 0
-38 -39 -46 -48 -49 -52 0
-38 -39 -46 -48 -50 -43 0
-38 -39 -46 -48 -50 -44 0
-38 -39 -46 -48 -50 -53 0
-38 -39 -46 -48 -50 -54 0
-38 -39 -46 -48 -50 -51 0
-38 -39 -46 -48 -50 -52 0
-38 -39 -46 -48 -43 -44 0
-38 -39 -46 -48 -43 -53 0
-38 -39 -46 -48 -43 -54 0
-38 -39 -46 -48 -43 -51 0
-38 -39 -46 -48 -43 -52 0
-38 -39 -46 -48 -44 -53 0
-38 -39 -46 -48 -44 -54 0
-38 -39 -46 -48 -44 -51 0
-38 -39 -46 -48 -44 -52 0
-38 -39 -46 -48 -53 -54 0
-38 -39 -46 -48 -53 -51 0
-38 -39 -46 -48 -53 -52 0
-38 -39 -46 -48 -54 -51 0
-38 -39 -46 -48 -54 -52 0
-38 -39 -46 -48 -51 -52 0
-38 -39 -46 -49 -50 -43 0
-38 -39 -46 -49 -50 -44 0
-38 -39 -46 -49 -50 -53 0
-38 -39 -46 -49 -50 -54 0
-38 -39 -46 -49 -50 -51 0
-38 -39 -46 -49 -50 -52 0
-38 -39 -46 -49 -43 -44 0
-38 -39 -46 -49 -43 -53 0
-38 -39 -46 -49 -43 -54 0
-38 -39 -46 -49 -43 -51 0
-38 -39 -46 -49 -43 -52 0
-38 -39 -46 -49 -44 -53 0
-38 -39 -46 -49 -44 -54 0
-38 -39 -46 -49 -44 -51 0
-38 -39 -46 -49 -44 -52 0
-38 -39 -46 -49 -53 -54 0
-38 -39 -46 -49 -53 -51 0
-38 -39 -46 -49 -53 -52 0
-38 -39 -46 -49 -54 -51 0
-38 -39 -46 -49 -54 -52 0
-38 -39 -46 -49 -51 -52 0
-38 -39 -46 -50 -43 -44 0
-38 -39 -46 -50 -43 -53 0
-38 -39 -46 -50 -43 -54 0
-38 -39 -46 -50 -43 -51 0
-38 -39 -46 -50 -43 -52 0
-38 -39 -46 -50 -44 -53 0
-38 -39 -46 -50 -44 -54 0
-38 -39 -46 -50 -44 -51 0
-38 -39 -46 -50 -44 -52 0
-38 -39 -46 -50 -53 -54 0
-38 -39 -46 -50 -53 -51 0
-38 -39 -46 -50 -53 -52 0
-38 -39 -46 -50 -54 -51 0
-38 -39 -46 -50 -54 -52 0
-38 -39 -46 -50 -51 -52 0
-38 -39 -46 -43 -44 -53 0
-38 -39 -46 -43 -44 -54 0
-38 -39 -46 -43 -44 -51 0
-38 -39 -46 -43 -44 -52 0
-38 -39 -46 -43 -53 -54 0
-38 -39 -46 -43 -53 -51 0
-38 -39 -46 -43 -53 -52 0
-38 -39 -46 -43 -54 -51 0
-38 -39 -46 -43 -54 -52 0
-38 -39 -46 -43 -51 -52 0
-38 -39 -46 -44 -53 -54 0
-38 -39 -46 -44 -53 -51 0
-38 -39 -46 -44 -53 -52 0
-38 -39 -46 -44 -54 -51 0
-38 -39 -46 -44 -54 -52 0
-38 -39 -46 -44 -51 -52 0
-38 -39 -46 -53 -54 -51 0
-38 -39 -46 -53 -54 -52 0
-38 -39 -46 -53 -51 -52 0
-38 -39 -46 -54 -51 -52 0
-38 -39 -47 -48 -49 -50 0
-38 -39 -47 -48 -49 -43 0
-38 -39 -47 -48 -49 -44 0
-38 -39 -47 -48 -49 -53 0
-38 -39 -47 -48 -49 -54 0
-38 -39 -47 -48 -49 -51 0
-38 -39 -47 -48 -49 -52 0
-38 -39 -47 -48 -50 -43 0
-38 -39 -47 -48 -50 -44 0
-38 -39 -47 -48 -50 -53 0
-38 -39 -47 -48 -50 -54 0
-38 -39 -47 -48 -50 -51 0
-38 -39 -47 -48 -50 -52 0
-38 -39 -47 -48 -43 -44 0
-38 -39 -47 -48 -43 -53 0
-38 -39 -47 -48 -43 -54 0
-38 -39 -47 -48 -43 -51 0
-38 -39 -47 -48 -43 -52 0
-38 -39 -47 -48 -44 -53 0
-38 -39 -47 -48 -44 -54 0
-38 -39 -47 -48 -44 -51 0
-38 -39 -47 -48 -44 -52 0
-38 -39 -47 -48 -53 -54 0
-38 -39 -47 -48 -53 -51 0
-38 -39 -47 -48 -53 -52 0
-38 -39 -47 -48 -54 -51 0
-38 -39 -47 -48 -54 -52 0
-38 -39 -47 -48 -51 -52 0
-38 -39 -47 -49 -50 -43 0
-38 -39 -47 -49 -50 -44 0
-38 -39 -47 -49 -50 -53 0
-38 -39 -47 -49 -50 -54 0
-38 -39 -47 -49 -50 -51 0
-38 -39 -47 -49 -50 -52 0
-38 -39 -47 -49 -43 -44 0
-38 -39 -47 -49 -43 -53 0
-38 -39 -47 -49 -43 -54 0
-38 -39 -47 -49 -43 -51 0
-38 -39 -47 -49 -43 -52 0
-38 -39 -47 -49 -44 -53 0
-38 -39 -47 -49 -44 -54 0
-38 -39 -47 -49 -44 -51 0
-38 -39 -47 -49 -44 -52 0
-38 -39 -47 -49 -53 -54 0
-38 -39 -47 -49 -53 -51 0
-38 -39 -47 -49 -53 -52 0
-38 -39 -47 -49 -54 -51 0
-38 -39 -47 -49 -54 -52 0
-38 -39 -47 -49 -51 -52 0
-38 -39 -47 -50 -43 -44 0
-38 -39 -47 -50 -43 -53 0
-38 -39 -47 -50 -43 -54 0
-38 -39 -47 -50 -43 -51 0
-38 -39 -47 -50 -43 -52 0
-38 -39 -47 -50 -44 -53 0
-38 -39 -47 -50 -44 -54 0
-38 -39 -47 -50 -44 -51 0
-38 -39 -47 -50 -44 -52 0
-38 -39 -47 -50 -53 -54 0
-38 -39 -47 -50 -53 -51 0
-38 -39 -47 -50 -53 -52 0
-38 -39 -47 -50 -54 -51 0
-38 -39 -47 -50 -54 -52 0
-38 -39 -47 -50 -51 -52 0
-38 -39 -47 -43 -44 -53 0
-38 -39 -47 -43 -44 -54 0
-38 -39 -47 -43 -44 -51 0
-38 -39 -47 -43 -44 -52 0
-38 -39 -47 -43 -53 -54 0
-38 -39 -47 -43 -53 -51 0
-38 -39 -47 -43 -53 -52 0
-38 -39 -47 -43 -54 -51 0
-38 -39 -47 -43 -54 -52 0
-38 -39 -47 -43 -51 -52 0
-38 -39 -47 -44 -53 -54 0
-38 -39 -47 -44 -53 -51 0
-38 -39 -47 -44 -53 -52 0
-38 -39 -47 -44 -54 -51 0
-38 -39 -47 -44 -54 -52 0
-38 -39 -47 -44 -51 -52 0
-38 -39 -47 -53 -54 -51 0
-38 -39 -47 -53 -54 -52 0
-38 -39 -47 -53 -51 -52 0
-38 -39 -47 -54 -51 -52 0
-38 -39 -48 -49 -50 -43 0
-38 -39 -48 -49 -50 -44 0
-38 -39 -48 -49 -50 -53 0
-38 -39 -48 -49 -50 -54 0
-38 -39 -48 -49 -50 -51 0
-38 -39 -48 -49 -50 -52 0
-38 -39 -48 -49 -43 -44 0
-38 -39 -48 -49 -43 -53 0
-38 -39 -48 -49 -43 -54 0
-38 -39 -48 -49 -43 -51 0
-38 -39 -48 -49 -43 -52 0
-38 -39 -48 -49 -44 -53 0
-38 -39 -48 -49 -44 -54 0
-38 -39 -48 -49 -44 -51 0
-38 -39 -48 -49 -44 -52 0
-38 -39 -48 -49 -53 -54 0
-38 -39 -48 -49 -53 -51 0
-38 -39 -48 -49 -53 -52 0
-38 -39 -48 -49 -54 -51 0
-38 -39 -48 -49 -54 -52 0
-38 -39 -48 -49 -51 -52 0
-38 -39 -48 -50 -43 -44 0
-38 -39 -48 -50 -43 -53 0
-38 -39 -48 -50 -43 -54 0
-38 -39 -48 -50 -43 -51 0
-38 -39 -48 -50 -43 -52 0
-38 -39 -48 -50 -44 -53 0
-38 -39 -48 -50 -44 -54 0
-38 -39 -48 -50 -44 -51 0
-38 -39 -48 -50 -44 -52 0
-38 -39 -48 -50 -53 -54 0
-38 -39 -48 -50 -53 -51 0
-38 -39 -48 -50 -53 -52 0
-38 -39 -48 -50 -54 -51 0
-38 -39 -48 -50 -54 -52 0
-38 -39 -48 -50 -51 -52 0
-38 -39 -48 -43 -44 -53 0
-38 -39 -48 -43 -44 -54 0
-38 -39 -48 -43 -44 -51 0
-38 -39 -48 -43 -44 -52 0
-38 -39 -48 -43 -53 -54 0
-38 -39 -48 -43 -53 -51 0
-38 -39 -48 -43 -53 -52 0
-38 -39 -48 -43 -54 -51 0
-38 -39 -48 -43 -54 -52 0
-38 -39 -48 -43 -51 -52 0
-38 -39 -48 -44 -53 -54 0
-38 -39 -48 -44 -53 -51 0
-38 -39 -48 -44 -53 -52 0
-38 -39 -48 -44 -54 -51 0
-38 -39 -48 -44 -54 -52 0
-38 -39 -48 -44 -51 -52 0
-38 -39 -48 -53 -54 -51 0
-38 -39 -48 -53 -54 -52 0
-38 -39 -48 -53 -51 -52 0
-38 -39 -48 -54 -51 -52 0
-38 -39 -49 -50 -43 -44 0
-38 -39 -49 -50 -43 -53 0
-38 -39 -49 -50 -43 -54 0
-38 -39 -49 -50 -43 -51 0
-38 -39 -49 -50 -43 -52 0
-38 -39 -49 -50 -44 -53 0
-38 -39 -49 -50 -44 -54 0
-38 -39 -49 -50 -44 -51 0
-38 -39 -49 -50 -44 -52 0
-38 -39 -49 -50 -53 -54 0
-38 -39 -49 -50 -53 -51 0
-38 -39 -49 -50 -53 -52 0
-38 -39 -49 -50 -54 -51 0
-38 -39 -49 -50 -54 -52 0
-38 -39 -49 -50 -51 -52 0
-38 -39 -49 -43 -44 -53 0
-38 -39 -49 -43 -44 -54 0
-38 -39 -49 -43 -44 -51 0
-38 -39 -49 -43 -44 -52 0
-38 -39 -49 -43 -53 -54 0
-38 -39 -49 -43 -53 -51 0
-38 -39 -49 -43 -53 -52 0
-38 -39 -49 -43 -54 -51 0
-38 -39 -49 -43 -54 -52 0
-38 -39 -49 -43 -51 -52 0
-38 -39 -49 -44 -53 -54 0
-38 -39 -49 -44 -53 -51 0
-38 -39 -49 -44 -53 -52 0
-38 -39 -49 -44 -54 -51 0
-38 -39 -49 -44 -54 -52 0
-38 -39 -49 -44 -51 -52 0
-38 -39 -49 -53 -54 -51 0
-38 -39 -49 -53 -54 -52 0
-38 -39 -49 -53 -51 -52 0
-38 -39 -49 -54 -51 -52 0
-38 -39 -50 -43 -44 -53 0
-38 -39 -50 -43 -44 -54 0
-38 -39 -50 -43 -44 -51 0
-38 -39 -50 -43 -44 -52 0
-38 -39 -50 -43 -53 -54 0
-38 -39 -50 -43 -53 -51 0
-38 -39 -50 -43 -53 -52 0
-38 -39 -50 -43 -54 -51 0
-38 -39 -50 -43 -54 -52 0
-38 -39 -50 -43 -51 -52 0
-38 -39 -50 -44 -53 -54 0
-38 -39 -50 -44 -53 -51 0
-38 -39 -50 -44 -53 -52 0
-38 -39 -50 -44 -54 -51 0
-38 -39 -50 -44 -54 -52 0
-38 -39 -50 -44 -51 -52 0
-38 -39 -50 -53 -54 -51 0
-38 -39 -50 -53 -54 -52 0
-38 -39 -50 -53 -51 -52 0
-38 -39 -50 -54 -51 -52 0
-38 -39 -43 -44 -53 -54 0
-38 -39 -43 -44 -53 -51 0
-38 -39 -43 -44 -53 -52 0
-38 -39 -43 -44 -54 -51 0
-38 -39 -43 -44 -54 -52 0
-38 -39 -43 -44 -51 -52 0
-38 -39 -43 -53 -54 -51 0
-38 -39 -43 -53 -54 -52 0
-38 -39 -43 -53 -51 -52 0
-38 -39 -43 -54 -51 -52 0
-38 -39 -44 -53 -54 -51 0
-38 -39 -44 -53 -54 -52 0
-38 -39 -44 -53 -51 -52 0
-38 -39 -44 -54 -51 -52 0
-38 -39 -53 -54 -51 -52 0
-38 -40 -41 -42 -45 -46 0
-38 -40 -41 -42 -45 -47 0
-38 -40 -41 -42 -45 -48 0
-38 -40 -41 -42 -45 -49 0
-38 -40 -41 -42 -45 -50 0
-38 -40 -41 -42 -45 -43 0
-38 -40 -41 -42 -45 -44 0
-38 -40 -41 -42 -45 -53 0
-38 -40 -41 -42 -45 -54 0
-38 -40 -41 -42 -45 -51 0
-38 -40 -41 -42 -45 -52 0
-38 -40 -41 -42 -46 -47 0
-38 -40 -41 -42 -46 -48 0
-38 -40 -41 -42 -46 -49 0
-38 -40 -41 -42 -46 -50 0
-38 -40 -41 -42 -46 -43 0
-38 -40 -41 -42 -46 -44 0
-38 -40 -41 -42 -46 -53 0
-38 -40 -41 -42 -46 -54 0
-38 -40 -41 -42 -46 -51 0
-38 -40 -41 -42 -46 -52 0
-38 -40 -41 -42 -47 -48 0
-38 -40 -41 -42 -47 -49 0
-38 -40 -41 -42 -47 -50 0
-38 -40 -41 -42 -47 -43 0
-38 -40 -41 -42 -47 -44 0
-38 -40 -41 -42 -47 -53 0
-38 -40 -41 -42 -47 -54 0
-38 -40 -41 -42 -47 -51 0
-38 -40 -41 -42 -47 -52 0
-38 -40 -41 -42 -48 -49 0
-38 -40 -41 -42 -48 -50 0
-38 -40 -41 -42 -48 -43 0
-38 -40 -41 -42 -48 -44 0
-38 -40 -41 -42 -48 -53 0
-38 -40 -41 -42 -48 -54 0
-38 -40 -41 -42 -48 -51 0
-38 -40 -41 -42 -48 -52 0
-38 -40 -41 -42 -49 -50 0
-38 -40 -41 -42 -49 -43 0
-38 -40 -41 -42 -49 -44 0
-38 -40 -41 -42 -49 -53 0
-38 -40 -41 -42 -49 -54 0
-38 -40 -41 -42 -49 -51 0
-38 -40 -41 -42 -49 -52 0
-38 -40 -41 -42 -50 -43 0
-38 -40 -41 -42 -50 -44 0
-38 -40 -41 -42 -50 -53 0
-38 -40 -41 -42 -50 -54 0
-38 -40 -41 -42 -50 -51 0
-38 -40 -41 -42 -50 -52 0
-38 -40 -41 -42 -43 -44 0
-38 -40 -41 -42 -43 -53 0
-38 -40 -41 -42 -43 -54 0
-38 -40 -41 -42 -43 -51 0
-38 -40 -41 -42 -43 -52 0
-38 -40 -41 -42 -44 -53 0
-38 -40 -41 -42 -44 -54 0
-38 -40 -41 -42 -44 -51 0
-38 -40 -41 -42 -44 -52 0
-38 -40 -41 -42 -53 -54 0
-38 -40 -41 -42 -53 -51 0
-38 -40 -41 -42 -53 -52 0
-38 -40 -41 -42 -54 -51 0
-38 -40 -41 -42 -54 -52 0
-38 -40 -41 -42 -51 -52 0
-38 -40 -41 -45 -46 -47 0
-38 -40 -41 -45 -46 -48 0
-38 -40 -41 -45 -46 -49 0
-38 -40 -41 -45 -46 -50 0
-38 -40 -41 -45 -46 -43 0
-38 -40 -41 -45 -46 -44 0
-38 -40 -41 -45 -46 -53 0
-38 -40 -41 -45 -46 -54 0
-38 -40 -41 -45 -46 -51 0
-38 -40 -41 -45 -46 -52 0
-38 -40 -41 -45 -47 -48 0
-38 -40 -41 -45 -47 -49 0
-38 -40 -41 -45 -47 -50 0
-38 -40 -41 -45 -47 -43 0
-38 -40 -41 -45 -47 -44 0
-38 -40 -41 -45 -47 -53 0
-38 -40 -41 -45 -47 -54 0
-38 -40 -41 -45 -47 -51 0
-38 -40 -41 -45 -47 -52 0
-38 -40 -41 -45 -48 -49 0
-38 -40 -41 -45 -48 -50 0
-38 -40 -41 -45 -48 -43 0
-38 -40 -41 -45 -48 -44 0
-38 -40 -41 -45 -48 -53 0
-38 -40 -41 -45 -48 -54 0
-38 -40 -41 -45 -48 -51 0
-38 -40 -41 -45 -48 -52 0
-38 -40 -41 -45 -49 -50 0
-38 -40 -41 -45 -49 -43 0
-38 -40 -41 -45 -49 -44 0
-38 -40 -41 -45 -49 -53 0
-38 -40 -41 -45 -49 -54 0
-38 -40 -41 -45 -49 -51 0
-38 -40 -41 -45 -49 -52 0
-38 -40 -41 -45 -50 -43 0
-38 -40 -41 -45 -50 -44 0
-38 -40 -41 -45 -50 -53 0
-38 -40 -41 -45 -50 -54 0
-38 -40 -41 -45 -50 -51 0
-38 -40 -41 -45 -50 -52 0
-38 -40 -41 -45 -43 -44 0
-38 -40 -41 -45 -43 -53 0
-38 -40 -41 -45 -43 -54 0
-38 -40 -41 -45 -43 -51 0
-38 -40 -41 -45 -43 -52 0
-38 -40 -41 -45 -44 -53 0
-38 -40 -41 -45 -44 -54 0
-38 -40 -41 -45 -44 -51 0
-38 -40 -41 -45 -44 -52 0
-38 -40 -41 -45 -53 -54 0
-38 -40 -41 -45 -53 -51 0
-38 -40 -41 -45 -53 -52 0
-38 -40 -41 -45 -54 -51 0
-38 -40 -41 -45 -54 -52 0
-38 -40 -41 -45 -51 -52 0
-38 -40 -41 -46 -47 -48 0
-38 -40 -41 -46 -47 -49 0
-38 -40 -41 -46 -47 -50 0
-38 -40 -41 -46 -47 -43 0
-38 -40 -41 -46 -47 -44 0
-38 -40 -41 -46 -47 -53 0
-38 -40 -41 -46 -47 -54 0
-38 -40 -41 -46 -47 -51 0
-38 -40 -41 -46 -47 -52 0
-38 -40 -41 -46 -48 -49 0
-38 -40 -41 -46 -48 -50 0
-38 -40 -41 -46 -48 -43 0
-38 -40 -41 -46 -48 -44 0
-38 -40 -41 -46 -48 -53 0
-38 -40 -41 -46 -48 -54 0
-38 -40 -41 -46 -48 -51 0
-38 -40 -41 -46 -48 -52 0
-38 -40 -41 -46 -49 -50 0
-38 -40 -41 -46 -49 -43 0
-38 -40 -41 -46 -49 -44 0
-38 -40 -41 -46 -49 -53 0
-38 -40 -41 -46 -49 -54 0
-38 -40 -41 -46 -49 -51 0
-38 -40 -41 -46 -49 -52 0
-38 -40 -41 -46 -50 -43 0
-38 -40 -41 -46 -50 -44 0
-38 -40 -41 -46 -50 -53 0
-38 -40 -41 -46 -50 -54 0
-38 -40 -41 -46 -50 -51 0
-38 -40 -41 -46 -50 -52 0
-38 -40 -41 -46 -43 -44 0
-38 -40 -41 -46 -43 -53 0
-38 -40 -41 -46 -43 -54 0
-38 -40 -41 -46 -43 -51 0
-38 -40 -41 -46 -43 -52 0
-38 -40 -41 -46 -44 -53 0
-38 -40 -41 -46 -44 -54 0
-38 -40 -41 -46 -44 -51 0
-38 -40 -41 -46 -44 -52 0
-38 -40 -41 -46 -53 -54 0
-38 -40 -41 -46 -53 -51 0
-38 -40 -41 -46 -53 -52 0
-38 -40 -41 -46 -54 -51 0
-38 -40 -41 -46 -54 -52 0
-38 -40 -41 -46 -51 -52 0
-38 -40 -41 -47 -48 -49 0
-38 -40 -41 -47 -48 -50 0
-38 -40 -41 -47 -48 -43 0
-38 -40 -41 -47 -48 -44 0
-38 -40 -41 -47 -48 -53 0
-38 -40 -41 -47 -48 -54 0
-38 -40 -41 -47 -48 -51 0
-38 -40 -41 -47 -48 -52 0
-38 -40 -41 -47 -49 -50 0
-38 -40 -41 -47 -49 -43 0
-38 -40 -41 -47 -49 -44 0
-38 -40 -41 -47 -49 -53 0
-38 -40 -41 -47 -49 -54 0
-38 -40 -41 -47 -49 -51 0
-38 -40 -41 -47 -49 -52 0
-38 -40 -41 -47 -50 -43 0
-38 -40 -41 -47 -50 -44 0
-38 -40 -41 -47 -50 -53 0
-38 -40 -41 -47 -50 -54 0
-38 -40 -41 -47 -50 -51 0
-38 -40 -41 -47 -50 -52 0
-38 -40 -41 -47 -43 -44 0
-38 -40 -41 -47 -43 -53 0
-38 -40 -41 -47 -43 -54 0
-38 -40 -41 -47 -43 -51 0
-38 -40 -41 -47 -43 -52 0
-38 -40 -41 -47 -44 -53 0
-38 -40 -41 -47 -44 -54 0
-38 -40 -41 -47 -44 -51 0
-38 -40 -41 -47 -44 -52 0
-38 -40 -41 -47 -53 -54 0
-38 -40 -41 -47 -53 -51 0
-38 -40 -41 -47 -53 -52 0
-38 -40 -41 -47 -54 -51 0
-38 -40 -41 -47 -54 -52 0
-38 -40 -41 -47 -51 -52 0
-38 -40 -41 -48 -49 -50 0
-38 -40 -41 -48 -49 -43 0
-38 -40 -41 -48 -49 -44 0
-38 -40 -41 -48 -49 -53 0
-38 -40 -41 -48 -49 -54 0
-38 -40 -41 -48 -49 -51 0
-38 -40 -41 -48 -49 -52 0
-38 -40 -41 -48 -50 -43 0
-38 -40 -41 -48 -50 -44 0
-38 -40 -41 -48 -50 -53 0
-38 -40 -41 -48 -50 -54 0
-38 -40 -41 -48 -50 -51 0
-38 -40 -41 -48 -50 -52 0
-38 -40 -41 -48 -43 -44 0
-38 -40 -41 -48 -43 -53 0
-38 -40 -41 -48 -43 -54 0
-38 -40 -41 -48 -43 -51 0
-38 -40 -41 -48 -43 -52 0
-38 -40 -41 -48 -44 -53 0
-38 -40 -41 -48 -44 -54 0
-38 -40 -41 -48 -44 -51 0
-38 -40 -41 -48 -44 -52 0
-38 -40 -41 -48 -53 -54 0
-38 -40 -41 -48 -53 -51 0
-38 -40 -41 -48 -53 -52 0
-38 -40 -41 -48 -54 -51 0
-38 -40 -41 -48 -54 -52 0
-38 -40 -41 -48 -51 -52 0
-38 -40 -41 -49 -50 -43 0
-38 -40 -41 -49 -50 -44 0
-38 -40 -41 -49 -50 -53 0
-38 -40 -41 -49 -50 -54 0
-38 -40 -41 -49 -50 -51 0
-38 -40 -41 -49 -50 -52 0
-38 -40 -41 -49 -43 -44 0
-38 -40 -41 -49 -43 -53 0
-38 -40 -41 -49 -43 -54 0
-38 -40 -41 -49 -43 -51 0
-38 -40 -41 -49 -43 -52 0
-38 -40 -41 -49 -44 -53 0
-38 -40 -41 -49 -44 -54 0
-38 -40 -41 -49 -44 -51 0
-38 -40 -41 -49 -44 -52 0
-38 -40 -41 -49 -53 -54 0
-38 -40 -41 -49 -53 -51 0
-38 -40 -41 -49 -53 -52 0
-38 -40 -41 -49 -54 -51 0
-38 -40 -41 -49 -54 -52 0
-38 -40 -41 -49 -51 -52 0
-38 -40 -41 -50 -43 -44 0
-38 -40 -41 -50 -43 -53 0
-38 -40 -41 -50 -43 -54 0
-38 -40 -41 -50 -43 -51 0
-38 -40 -41 -50 -43 -52 0
-38 -40 -41 -50 -44 -53 0
-38 -40 -41 -50 -44 -54 0
-38 -40 -41 -50 -44 -51 0
-38 -40 -41 -50 -44 -52 0
-38 -40 -41 -50 -53 -54 0
-38 -40 -41 -50 -53 -51 0
-38 -40 -41 -50 -53 -52 0
-38 -40 -41 -50 -54 -51 0
-38 -40 -41 -50 -54 -52 0
-38 -40 -41 -50 -51 -52 0
-38 -40 -41 -43 -44 -53 0
-38 -40 -41 -43 -44 -54 0
-38 -40 -41 -43 -44 -51 0
-38 -40 -41 -43 -44 -52 0
-38 -40 -41 -43 -53 -54 0
-38 -40 -41 -43 -53 -51 0
-38 -40 -41 -43 -53 -52 0
-38 -40 -41 -43 -54 -51 0
-38 -40 -41 -43 -54 -52 0
-38 -40 -41 -43 -51 -52 0
-38 -40 -41 -44 -53 -54 0
-38 -40 -41 -44 -53 -51 0
-38 -40 -41 -44 -53 -52 0
-38 -40 -41 -44 -54 -51 0
-38 -40 -41 -44 -54 -52 0
-38 -40 -41 -44 -51 -52 0
-38 -40 -41 -53 -54 -51 0
-38 -40 -41 -53 -54 -52 0
-38 -40 -41 -53 -51 -52 0
-38 -40 -41 -54 -51 -52 0
-38 -40 -42 -45 -46 -47 0
-38 -40 -42 -45 -46 -48 0
-38 -40 -42 -45 -46 -49 0
-38 -40 -42 -45 -46 -50 0
-38 -40 -42 -45 -46 -43 0
-38 -40 -42 -45 -46 -44 0
-38 -40 -42 -45 -46 -53 0
-38 -40 -42 -45 -46 -54 0
-38 -40 -42 -45 -46 -51 0
-38 -40 -42 -45 -46 -52 0
-38 -40 -42 -45 -47 -48 0
-38 -40 -42 -45 -47 -49 0
-38 -40 -42 -45 -47 -50 0
-38 -40 -42 -45 -47 -43 0
-38 -40 -42 -45 -47 -44 0
-38 -40 -42 -45 -47 -53 0
-38 -40 -42 -45 -47 -54 0
-38 -40 -42 -45 -47 -51 0
-38 -40 -42 -45 -47 -52 0
-38 -40 -42 -45 -48 -49 0
-38 -40 -42 -45 -48 -50 0
-38 -40 -42 -45 -48 -43 0
-38 -40 -42 -45 -48 -44 0
-38 -40 -42 -45 -48 -53 0
-38 -40 -42 -45 -48 -54 0
-38 -40 -42 -45 -48 -51 0
-38 -40 -42 -45 -48 -52 0
-38 -40 -42 -45 -49 -50 0
-38 -40 -42 -45 -49 -43 0
-38 -40 -42 -45 -49 -44 0
-38 -40 -42 -45 -49 -53 0
-38 -40 -42 -45 -49 -54 0
-38 -40 -42 -45 -49 -51 0
-38 -40 -42 -45 -49 -52 0
-38 -40 -42 -45 -50 -43 0
-38 -40 -42 -45 -50 -44 0
-38 -40 -42 -45 -50 -53 0
-38 -40 -42 -45 -50 -54 0
-38 -40 -42 -45 -50 -51 0
-38 -40 -42 -45 -50 -52 0
-38 -40 -42 -45 -43 -44 0
-38 -40 -42 -45 -43 -53 0
-38 -40 -42 -45 -43 -54 0
-38 -40 -42 -45 -43 -51 0
-38 -40 -42 -45 -43 -52 0
-38 -40 -42 -45 -44 -53 0
-38 -40 -42 -45 -44 -54 0
-38 -40 -42 -45 -44 -51 0
-38 -40 -42 -45 -44 -52 0
-38 -40 -42 -45 -53 -54 0
-38 -40 -42 -45 -53 -51 0
-38 -40 -42 -45 -53 -52 0
-38 -40 -42 -45 -54 -51 0
-38 -40 -42 -45 -54 -52 0
-38 -40 -42 -45 -51 -52 0
-38 -40 -42 -46 -47 -48 0
-38 -40 -42 -46 -47 -49 0
-38 -40 -42 -46 -47 -50 0
-38 -40 -42 -46 -47 -43 0
-38 -40 -42 -46 -47 -44 0
-38 -40 -42 -46 -47 -53 0
-38 -40 -42 -46 -47 -54 0
-38 -40 -42 -46 -47 -51 0
-38 -40 -42 -46 -47 -52 0
-38 -40 -42 -46 -48 -49 0
-38 -40 -42 -46 -48 -50 0
-38 -40 -42 -46 -48 -43 0
-38 -40 -42 -46 -48 -44 0
-38 -40 -42 -46 -48 -53 0
-38 -40 -42 -46 -48 -54 0
-38 -40 -42 -46 -48 -51 0
-38 -40 -42 -46 -48 -52 0
-38 -40 -42 -46 -49 -50 0
-38 -40 -42 -46 -49 -43 0
-38 -40 -42 -46 -49 -44 0
-38 -40 -42 -46 -49 -53 0
-38 -40 -42 -46 -49 -54 0
-38 -40 -42 -46 -49 -51 0
-38 -40 -42 -46 -49 -52 0
-38 -40 -42 -46 -50 -43 0
-38 -40 -42 -46 -50 -44 0
-38 -40 -42 -46 -50 -53 0
-38 -40 -42 -46 -50 -54 0
-38 -40 -42 -46 -50 -51 0
-38 -40 -42 -46 -50 -52 0
-38 -40 -42 -46 -43 -44 0
-38 -40 -42 -46 -43 -53 0
-38 -40 -42 -46 -43 -54 0
-38 -40 -42 -46 -43 -51 0
-38 -40 -42 -46 -43 -52 0
-38 -40 -42 -46 -44 -53 0
-38 -40 -42 -46 -44 -54 0
-38 -40 -42 -46 -44 -51 0
-38 -40 -42 -46 -44 -52 0
-38 -40 -42 -46 -53 -54 0
-38 -40 -42 -46 -53 -51 0
-38 -40 -42 -46 -53 -52 0
-38 -40 -42 -46 -54 -51 0
-38 -40 -42 -46 -54 -52 0
-38 -40 -42 -46 -51 -52 0
-38 -40 -42 -47 -48 -49 0
-38 -40 -42 -47 -48 -50 0
-38 -40 -42 -47 -48 -43 0
-38 -40 -42 -47 -48 -44 0
-38 -40 -42 -47 -48 -53 0
-38 -40 -42 -47 -48 -54 0
-38 -40 -42 -47 -48 -51 0
-38 -40 -42 -47 -48 -52 0
-38 -40 -42 -47 -49 -50 0
-38 -40 -42 -47 -49 -43 0
-38 -40 -42 -47 -49 -44 0
-38 -40 -42 -47 -49 -53 0
-38 -40 -42 -47 -49 -54 0
-38 -40 -42 -47 -49 -51 0
-38 -40 -42 -47 -49 -52 0
-38 -40 -42 -47 -50 -43 0
-38 -40 -42 -47 -50 -44 0
-38 -40 -42 -47 -50 -53 0
-38 -40 -42 -47 -50 -54 0
-38 -40 -42 -47 -50 -51 0
-38 -40 -42 -47 -50 -52 0
-38 -40 -42 -47 -43 -44 0
-38 -40 -42 -47 -43 -53 0
-38 -40 -42 -47 -43 -54 0
-38 -40 -42 -47 -43 -51 0
-38 -40 -42 -47 -43 -52 0
-38 -40 -42 -47 -44 -53 0
-38 -40 -42 -47 -44 -54 0
-38 -40 -42 -47 -44 -51 0
-38 -40 -42 -47 -44 -52 0
-38 -40 -42 -47 -53 -54 0
-38 -40 -42 -47 -53 -51 0
-38 -40 -42 -47 -53 -52 0
-38 -40 -42 -47 -54 -51 0
-38 -40 -42 -47 -54 -52 0
-38 -40 -42 -47 -51 -52 0
-38 -40 -42 -48 -49 -50 0
-38 -40 -42 -48 -49 -43 0
-38 -40 -42 -48 -49 -44 0
-38 -40 -42 -48 -49 -53 0
-38 -40 -42 -48 -49 -54 0
-38 -40 -42 -48 -49 -51 0
-38 -40 -42 -48 -49 -52 0
-38 -40 -42 -48 -50 -43 0
-38 -40 -42 -48 -50 -44 0
-38 -40 -42 -48 -50 -53 0
-38 -40 -42 -48 -50 -54 0
-38 -40 -42 -48 -50 -51 0
-38 -40 -42 -48 -50 -52 0
-38 -40 -42 -48 -43 -44 0
-38 -40 -42 -48 -43 -53 0
-38 -40 -42 -48 -43 -54 0
-38 -40 -42 -48 -43 -51 0
-38 -40 -42 -48 -43 -52 0
-38 -40 -42 -48 -44 -53 0
-38 -40 -42 -48 -44 -54 0
-38 -40 -42 -48 -44 -51 0
-38 -40 -42 -48 -44 -52 0
-38 -40 -42 -48 -53 -54 0
-38 -40 -42 -48 -53 -51 0
-38 -40 -42 -48 -53 -52 0
-38 -40 -42 -48 -54 -51 0
-38 -40 -42 -48 -54 -52 0
-38 -40 -42 -48 -51 -52 0
-38 -40 -42 -49 -50 -43 0
-38 -40 -42 -49 -50 -44 0
-38 -40 -42 -49 -50 -53 0
-38 -40 -42 -49 -50 -54 0
-38 -40 -42 -49 -50 -51 0
-38 -40 -42 -49 -50 -52 0
-38 -40 -42 -49 -43 -44 0
-38 -40 -42 -49 -43 -53 0
-38 -40 -42 -49 -43 -54 0
-38 -40 -42 -49 -43 -51 0
-38 -40 -42 -49 -43 -52 0
-38 -40 -42 -49 -44 -53 0
-38 -40 -42 -49 -44 -54 0
-38 -40 -42 -49 -44 -51 0
-38 -40 -42 -49 -44 -52 0
-38 -40 -42 -49 -53 -54 0
-38 -40 -42 -49 -53 -51 0
-38 -40 -42 -49 -53 -52 0
-38 -40 -42 -49 -54 -51 0
-38 -40 -42 -49 -54 -52 0
-38 -40 -42 -49 -51 -52 0
-38 -40 -42 -50 -43 -44 0
-38 -40 -42 -50 -43 -53 0
-38 -40 -42 -50 -43 -54 0
-38 -40 -42 -50 -43 -51 0
-38 -40 -42 -50 -43 -52 0
-38 -40 -42 -50 -44 -53 0
-38 -40 -42 -50 -44 -54 0
-38 -40 -42 -50 -44 -51 0
-38 -40 -42 -50 -44 -52 0
-38 -40 -42 -50 -53 -54 0
-38 -40 -42 -50 -53 -51 0
-38 -40 -42 -50 -53 -52 0
-38 -40 -42 -50 -54 -51 0
-38 -40 -42 -50 -54 -52 0
-38 -40 -42 -50 -51 -52 0
-38 -40 -42 -43 -44 -53 0
-38 -40 -42 -43 -44 -54 0
-38 -40 -42 -43 -44 -51 0
-38 -40 -42 -43 -44 -52 0
-38 -40 -42 -43 -53 -54 0
-38 -40 -42 -43 -53 -51 0
-38 -40 -42 -43 -53 -52 0
-38 -40 -42 -43 -54 -51 0
-38 -40 -42 -43 -54 -52 0
-38 -40 -42 -43 -51 -52 0
-38 -40 -42 -44 -53 -54 0
-38 -40 -42 -44 -53 -51 0
-38 -40 -42 -44 -53 -52 0
-38 -40 -42 -44 -54 -51 0
-38 -40 -42 -44 -54 -52 0
-38 -40 -42 -44 -51 -52 0
-38 -40 -42 -53 -54 -51 0
-38 -40 -42 -53 -54 -52 0
-38 -40 -42 -53 -51 -52 0
-38 -40 -42 -54 -51 -52 0
-38 -40 -45 -46 -47 -48 0
-38 -40 -45 -46 -47 -49 0
-38 -40 -45 -46 -47 -50 0
-38 -40 -45 -46 -47 -43 0
-38 -40 -45 -46 -47 -44 0
-38 -40 -45 -46 -47 -53 0
-38 -40 -45 -46 -47 -54 0
-38 -40 -45 -46 -47 -51 0
-38 -40 -45 -46 -47 -52 0
-38 -40 -45 -46 -48 -49 0
-38 -40 -45 -46 -48 -50 0
-38 -40 -45 -46 -48 -43 0
-38 -40 -45 -46 -48 -44 0
-38 -40 -45 -46 -48 -53 0
-38 -40 -45 -46 -48 -54 0
-38 -40 -45 -46 -48 -51 0
-38 -40 -45 -46 -48 -52 0
-38 -40 -45 -46 -49 -50 0
-38 -40 -45 -46 -49 -43 0
-38 -40 -45 -46 -49 -44 0
-38 -40 -45 -46 -49 -53 0
-38 -40 -45 -46 -49 -54 0
-38 -40 -45 -46 -49 -51 0
-38 -40 -45 -46 -49 -52 0
-38 -40 -45 -46 -50 -43 0
-38 -40 -45 -46 -50 -44 0
-38 -40 -45 -46 -50 -53 0
-38 -40 -45 -46 -50 -54 0
-38 -40 -45 -46 -50 -51 0
-38 -40 -45 -46 -50 -52 0
-38 -40 -45 -46 -43 -44 0
-38 -40 -45 -46 -43 -53 0
-38 -40 -45 -46 -43 -54 0
-38 -40 -45 -46 -43 -51 0
-38 -40 -45 -46 -43 -52 0
-38 -40 -45 -46 -44 -53 0
-38 -40 -45 -46 -44 -54 0
-38 -40 -45 -46 -44 -51 0
-38 -40 -45 -46 -44 -52 0
-38 -40 -45 -46 -53 -54 0
-38 -40 -45 -46 -53 -51 0
-38 -40 -45 -46 -53 -52 0
-38 -40 -45 -46 -54 -51 0
-38 -40 -45 -46 -54 -52 0
-38 -40 -45 -46 -51 -52 0
-38 -40 -45 -47 -48 -49 0
-38 -40 -45 -47 -48 -50 0
-38 -40 -45 -47 -48 -43 0
-38 -40 -45 -47 -48 -44 0
-38 -40 -45 -47 -48 -53 0
-38 -40 -45 -47 -48 -54 0
-38 -40 -45 -47 -48 -51 0
-38 -40 -45 -47 -48 -52 0
-38 -40 -45 -47 -49 -50 0
-38 -40 -45 -47 -49 -43 0
-38 -40 -45 -47 -49 -44 0
-38 -40 -45 -47 -49 -53 0
-38 -40 -45 -47 -49 -54 0
-38 -40 -45 -47 -49 -51 0
-38 -40 -45 -47 -49 -52 0
-38 -40 -45 -47 -50 -43 0
-38 -40 -45 -47 -50 -44 0
-38 -40 -45 -47 -50 -53 0
-38 -40 -45 -47 -50 -54 0
-38 -40 -45 -47 -50 -51 0
-38 -40 -45 -47 -50 -52 0
-38 -40 -45 -47 -43 -44 0
-38 -40 -45 -47 -43 -53 0
-38 -40 -45 -47 -43 -54 0
-38 -40 -45 -47 -43 -51 0
-38 -40 -45 -47 -43 -52 0
-38 -40 -45 -47 -44 -53 0
-38 -40 -45 -47 -44 -54 0
-38 -40 -45 -47 -44 -51 0
-38 -40 -45 -47 -44 -52 0
-38 -40 -45 -47 -53 -54 0
-38 -40 -45 -47 -53 -51 0
-38 -40 -45 -47 -53 -52 0
-38 -40 -45 -47 -54 -51 0
-38 -40 -45 -47 -54 -52 0
-38 -40 -45 -47 -51 -52 0
-38 -40 -45 -48 -49 -50 0
-38 -40 -45 -48 -49 -43 0
-38 -40 -45 -48 -49 -44 0
-38 -40 -45 -48 -49 -53 0
-38 -40 -45 -48 -49 -54 0
-38 -40 -45 -48 -49 -51 0
-38 -40 -45 -48 -49 -52 0
-38 -40 -45 -48 -50 -43 0
-38 -40 -45 -48 -50 -44 0
-38 -40 -45 -48 -50 -53 0
-38 -40 -45 -48 -50 -54 0
-38 -40 -45 -48 -50 -51 0
-38 -40 -45 -48 -50 -52 0
-38 -40 -45 -48 -43 -44 0
-38 -40 -45 -48 -43 -53 0
-38 -40 -45 -48 -43 -54 0
-38 -40 -45 -48 -43 -51 0
-38 -40 -45 -48 -43 -52 0
-38 -40 -45 -48 -44 -53 0
-38 -40 -45 -48 -44 -54 0
-38 -40 -45 -48 -44 -51 0
-38 -40 -45 -48 -44 -52 0
-38 -40 -45 -48 -53 -54 0
-38 -40 -45 -48 -53 -51 0
-38 -40 -45 -48 -53 -52 0
-38 -40 -45 -48 -54 -51 0
-38 -40 -45 -48 -54 -52 0
-38 -40 -45 -48 -51 -52 0
-38 -40 -45 -49 -50 -43 0
-38 -40 -45 -49 -50 -44 0
-38 -40 -45 -49 -50 -53 0
-38 -40 -45 -49 -50 -54 0
-38 -40 -45 -49 -50 -51 0
-38 -40 -45 -49 -50 -52 0
-38 -40 -45 -49 -43 -44 0
-38 -40 -45 -49 -43 -53 0
-38 -40 -45 -49 -43 -54 0
-38 -40 -45 -49 -43 -51 0
-38 -40 -45 -49 -43 -52 0
-38 -40 -45 -49 -44 -53 0
-38 -40 -45 -49 -44 -54 0
-38 -40 -45 -49 -44 -51 0
-38 -40 -45 -49 -44 -52 0
-38 -40 -45 -49 -53 -54 0
-38 -40 -45 -49 -53 -51 0
-38 -40 -45 -49 -53 -52 0
-38 -40 -45 -49 -54 -51 0
-38 -40 -45 -49 -54 -52 0
-38 -40 -45 -49 -51 -52 0
-38 -40 -45 -50 -43 -44 0
-38 -40 -45 -50 -43 -53 0
-38 -40 -45 -50 -43 -54 0
-38 -40 -45 -50 -43 -51 0
-38 -40 -45 -50 -43 -52 0
-38 -40 -45 -50 -44 -53 0
-38 -40 -45 -50 -44 -54 0
-38 -40 -45 -50 -44 -51 0
-38 -40 -45 -50 -44 -52 0
-38 -40 -45 -50 -53 -54 0
-38 -40 -45 -50 -53 -51 0
-38 -40 -45 -50 -53 -52 0
-38 -40 -45 -50 -54 -51 0
-38 -40 -45 -50 -54 -52 0
-38 -40 -45 -50 -51 -52 0
-38 -40 -45 -43 -44 -53 0
-38 -40 -45 -43 -44 -54 0
-38 -40 -45 -43 -44 -51 0
-38 -40 -45 -43 -44 -52 0
-38 -40 -45 -43 -53 -54 0
-38 -40 -45 -43 -53 -51 0
-38 -40 -45 -43 -53 -52 0
-38 -40 -45 -43 -54 -51 0
-38 -40 -45 -43 -54 -52 0
-38 -40 -45 -43 -51 -52 0
-38 -40 -45 -44 -53 -54 0
-38 -40 -45 -44 -53 -51 0
-38 -40 -45 -44 -53 -52 0
-38 -40 -45 -44 -54 -51 0
-38 -40 -45 -44 -54 -52 0
-38 -40 -45 -44 -51 -52 0
-38 -40 -45 -53 -54 -51 0
-38 -40 -45 -53 -54 -52 0
-38 -40 -45 -53 -51 -52 0
-38 -40 -45 -54 -51 -52 0
-38 -40 -46 -47 -48 -49 0
-38 -40 -46 -47 -48 -50 0
-38 -40 -46 -47 -48 -43 0
-38 -40 -46 -47 -48 -44 0
-38 -40 -46 -47 -48 -53 0
-38 -40 -46 -47 -48 -54 0
-38 -40 -46 -47 -48 -51 0
-38 -40 -46 -47 -48 -52 0
-38 -40 -46 -47 -49 -50 0
-38 -40 -46 -47 -49 -43 0
-38 -40 -46 -47 -49 -44 0
-38 -40 -46 -47 -49 -53 0
-38 -40 -46 -47 -49 -54 0
-38 -40 -46 -47 -49 -51 0
-38 -40 -46 -47 -49 -52 0
-38 -40 -46 -47 -50 -43 0
-38 -40 -46 -47 -50 -44 0
-38 -40 -46 -47 -50 -53 0
-38 -40 -46 -47 -50 -54 0
-38 -40 -46 -47 -50 -51 0
-38 -40 -46 -47 -50 -52 0
-38 -40 -46 -47 -43 -44 0
-38 -40 -46 -47 -43 -53 0
-38 -40 -46 -47 -43 -54 0
-38 -40 -46 -47 -43 -51 0
-38 -40 -46 -47 -43 -52 0
-38 -40 -46 -47 -44 -53 0
-38 -40 -46 -47 -44 -54 0
-38 -40 -46 -47 -44 -51 0
-38 -40 -46 -47 -44 -52 0
-38 -40 -46 -47 -53 -54 0
-38 -40 -46 -47 -53 -51 0
-38 -40 -46 -47 -53 -52 0
-38 -40 -46 -47 -54 -51 0
-38 -40 -46 -47 -54 -52 0
-38 -40 -46 -47 -51 -52 0
-38 -40 -46 -48 -49 -50 0
-38 -40 -46 -48 -49 -43 0
-38 -40 -46 -48 -49 -44 0
-38 -40 -46 -48 -49 -53 0
-38 -40 -46 -48 -49 -54 0
-38 -40 -46 -48 -49 -51 0
-38 -40 -46 -48 -49 -52 0
-38 -40 -46 -48 -50 -43 0
-38 -40 -46 -48 -50 -44 0
-38 -40 -46 -48 -50 -53 0
-38 -40 -46 -48 -50 -54 0
-38 -40 -46 -48 -50 -51 0
-38 -40 -46 -48 -50 -52 0
-38 -40 -46 -48 -43 -44 0
-38 -40 -46 -48 -43 -53 0
-38 -40 -46 -48 -43 -54 0
-38 -40 -46 -48 -43 -51 0
-38 -40 -46 -48 -43 -52 0
-38 -40 -46 -48 -44 -53 0
-38 -40 -46 -48 -44 -54 0
-38 -40 -46 -48 -44 -51 0
-38 -40 -46 -48 -44 -52 0
-38 -40 -46 -48 -53 -54 0
-38 -40 -46 -48 -53 -51 0
-38 -40 -46 -48 -53 -52 0
-38 -40 -46 -48 -54 -51 0
-38 -40 -46 -48 -54 -52 0
-38 -40 -46 -48 -51 -52 0
-38 -40 -46 -49 -50 -43 0
-38 -40 -46 -49 -50 -44 0
-38 -40 -46 -49 -50 -53 0
-38 -40 -46 -49 -50 -54 0
-38 -40 -46 -49 -50 -51 0
-38 -40 -46 -49 -50 -52 0
-38 -40 -46 -49 -43 -44 0
-38 -40 -46 -49 -43 -53 0
-38 -40 -46 -49 -43 -54 0
-38 -40 -46 -49 -43 -51 0
-38 -40 -46 -49 -43 -52 0
-38 -40 -46 -49 -44 -53 0
-38 -40 -46 -49 -44 -54 0
-38 -40 -46 -49 -44 -51 0
-38 -40 -46 -49 -44 -52 0
-38 -40 -46 -49 -53 -54 0
-38 -40 -46 -49 -53 -51 0
-38 -40 -46 -49 -53 -52 0
-38 -40 -46 -49 -54 -51 0
-38 -40 -46 -49 -54 -52 0
-38 -40 -46 -49 -51 -52 0
-38 -40 -46 -50 -43 -44 0
-38 -40 -46 -50 -43 -53 0
-38 -40 -46 -50 -43 -54 0
-38 -40 -46 -50 -43 -51 0
-38 -40 -46 -50 -43 -52 0
-38 -40 -46 -50 -44 -53 0
-38 -40 -46 -50 -44 -54 0
-38 -40 -46 -50 -44 -51 0
-38 -40 -46 -50 -44 -52 0
-38 -40 -46 -50 -53 -54 0
-38 -40 -46 -50 -53 -51 0
-38 -40 -46 -50 -53 -52 0
-38 -40 -46 -50 -54 -51 0
-38 -40 -46 -50 -54 -52 0
-38 -40 -46 -50 -51 -52 0
-38 -40 -46 -43 -44 -53 0
-38 -40 -46 -43 -44 -54 0
-38 -40 -46 -43 -44 -51 0
-38 -40 -46 -43 -44 -52 0
-38 -40 -46 -43 -53 -54 0
-38 -40 -46 -43 -53 -51 0
-38 -40 -46 -43 -53 -52 0
-38 -40 -46 -43 -54 -51 0
-38 -40 -46 -43 -54 -52 0
-38 -40 -46 -43 -51 -52 0
-38 -40 -46 -44 -53 -54 0
-38 -40 -46 -44 -53 -51 0
-38 -40 -46 -44 -53 -52 0
-38 -40 -46 -44 -54 -51 0
-38 -40 -46 -44 -54 -52 0
-38 -40 -46 -44 -51 -52 0
-38 -40 -46 -53 -54 -51 0
-38 -40 -46 -53 -54 -52 0
-38 -40 -46 -53 -51 -52 0
-38 -40 -46 -54 -51 -52 0
-38 -40 -47 -48 -49 -50 0
-38 -40 -47 -48 -49 -43 0
-38 -40 -47 -48 -49 -44 0
-38 -40 -47 -48 -49 -53 0
-38 -40 -47 -48 -49 -54 0
-38 -40 -47 -48 -49 -51 0
-38 -40 -47 -48 -49 -52 0
-38 -40 -47 -48 -50 -43 0
-38 -40 -47 -48 -50 -44 0
-38 -40 -47 -48 -50 -53 0
-38 -40 -47 -48 -50 -54 0
-38 -40 -47 -48 -50 -51 0
-38 -40 -47 -48 -50 -52 0
-38 -40 -47 -48 -43 -44 0
-38 -40 -47 -48 -43 -53 0
-38 -40 -47 -48 -43 -54 0
-38 -40 -47 -48 -43 -51 0
-38 -40 -47 -48 -43 -52 0
-38 -40 -47 -48 -44 -53 0
-38 -40 -47 -48 -44 -54 0
-38 -40 -47 -48 -44 -51 0
-38 -40 -47 -48 -44 -52 0
-38 -40 -47 -48 -53 -54 0
-38 -40 -47 -48 -53 -51 0
-38 -40 -47 -48 -53 -52 0
-38 -40 -47 -48 -54 -51 0
-38 -40 -47 -48 -54 -52 0
-38 -40 -47 -48 -51 -52 0
-38 -40 -47 -49 -50 -43 0
-38 -40 -47 -49 -50 -44 0
-38 -40 -47 -49 -50 -53 0
-38 -40 -47 -49 -50 -54 0
-38 -40 -47 -49 -50 -51 0
-38 -40 -47 -49 -50 -52 0
-38 -40 -47 -49 -43 -44 0
-38 -40 -47 -49 -43 -53 0
-38 -40 -47 -49 -43 -54 0
-38 -40 -47 -49 -43 -51 0
-38 -40 -47 -49 -43 -52 0
-38 -40 -47 -49 -44 -53 0
-38 -40 -47 -49 -44 -54 0
-38 -40 -47 -49 -44 -51 0
-38 -40 -47 -49 -44 -52 0
-38 -40 -47 -49 -53 -54 0
-38 -40 -47 -49 -53 -51 0
-38 -40 -47 -49 -53 -52 0
-38 -40 -47 -49 -54 -51 0
-38 -40 -47 -49 -54 -52 0
-38 -40 -47 -49 -51 -52 0
-38 -40 -47 -50 -43 -44 0
-38 -40 -47 -50 -43 -53 0
-38 -40 -47 -50 -43 -54 0
-38 -40 -47 -50 -43 -51 0
-38 -40 -47 -50 -43 -52 0
-38 -40 -47 -50 -44 -53 0
-38 -40 -47 -50 -44 -54 0
-38 -40 -47 -50 -44 -51 0
-38 -40 -47 -50 -44 -52 0
-38 -40 -47 -50 -53 -54 0
-38 -40 -47 -50 -53 -51 0
-38 -40 -47 -50 -53 -52 0
-38 -40 -47 -50 -54 -51 0
-38 -40 -47 -50 -54 -52 0
-38 -40 -47 -50 -51 -52 0
-38 -40 -47 -43 -44 -53 0
-38 -40 -47 -43 -44 -54 0
-38 -40 -47 -43 -44 -51 0
-38 -40 -47 -43 -44 -52 0
-38 -40 -47 -43 -53 -54 0
-38 -40 -47 -43 -53 -51 0
-38 -40 -47 -43 -53 -52 0
-38 -40 -47 -43 -54 -51 0
-38 -40 -47 -43 -54 -52 0
-38 -40 -47 -43 -51 -52 0
-38 -40 -47 -44 -53 -54 0
-38 -40 -47 -44 -53 -51 0
-38 -40 -47 -44 -53 -52 0
-38 -40 -47 -44 -54 -51 0
-38 -40 -47 -44 -54 -52 0
-38 -40 -47 -44 -51 -52 0
-38 -40 -47 -53 -54 -51 0
-38 -40 -47 -53 -54 -52 0
-38 -40 -47 -53 -51 -52 0
-38 -40 -47 -54 -51 -52 0
-38 -40 -48 -49 -50 -43 0
-38 -40 -48 -49 -50 -44 0
-38 -40 -48 -49 -50 -53 0
-38 -40 -48 -49 -50 -54 0
-38 -40 -48 -49 -50 -51 0
-38 -40 -48 -49 -50 -52 0
-38 -40 -48 -49 -43 -44 0
-38 -40 -48 -49 -43 -53 0
-38 -40 -48 -49 -43 -54 0
-38 -40 -48 -49 -43 -51 0
-38 -40 -48 -49 -43 -52 0
-38 -40 -48 -49 -44 -53 0
-38 -40 -48 -49 -44 -54 0
-38 -40 -48 -49 -44 -51 0
-38 -40 -48 -49 -44 -52 0
-38 -40 -48 -49 -53 -54 0
-38 -40 -48 -49 -53 -51 0
-38 -40 -48 -49 -53 -52 0
-38 -40 -48 -49 -54 -51 0
-38 -40 -48 -49 -54 -52 0
-38 -40 -48 -49 -51 -52 0
-38 -40 -48 -50 -43 -44 0
-38 -40 -48 -50 -43 -53 0
-38 -40 -48 -50 -43 -54 0
-38 -40 -48 -50 -43 -51 0
-38 -40 -48 -50 -43 -52 0
-38 -40 -48 -50 -44 -53 0
-38 -40 -48 -50 -44 -54 0
-38 -40 -48 -50 -44 -51 0
-38 -40 -48 -50 -44 -52 0
-38 -40 -48 -50 -53 -54 0
-38 -40 -48 -50 -53 -51 0
-38 -40 -48 -50 -53 -52 0
-38 -40 -48 -50 -54 -51 0
-38 -40 -48 -50 -54 -52 0
-38 -40 -48 -50 -51 -52 0
-38 -40 -48 -43 -44 -53 0
-38 -40 -48 -43 -44 -54 0
-38 -40 -48 -43 -44 -51 0
-38 -40 -48 -43 -44 -52 0
-38 -40 -48 -43 -53 -54 0
-38 -40 -48 -43 -53 -51 0
-38 -40 -48 -43 -53 -52 0
-38 -40 -48 -43 -54 -51 0
-38 -40 -48 -43 -54 -52 0
-38 -40 -48 -43 -51 -52 0
-38 -40 -48 -44 -53 -54 0
-38 -40 -48 -44 -53 -51 0
-38 -40 -48 -44 -53 -52 0
-38 -40 -48 -44 -54 -51 0
-38 -40 -48 -44 -54 -52 0
-38 -40 -48 -44 -51 -52 0
-38 -40 -48 -53 -54 -51 0
-38 -40 -48 -53 -54 -52 0
-38 -40 -48 -53 -51 -52 0
-38 -40 -48 -54 -51 -52 0
-38 -40 -49 -50 -43 -44 0
-38 -40 -49 -50 -43 -53 0
-38 -40 -49 -50 -43 -54 0
-38 -40 -49 -50 -43 -51 0
-38 -40 -49 -50 -43 -52 0
-38 -40 -49 -50 -44 -53 0
-38 -40 -49 -50 -44 -54 0
-38 -40 -49 -50 -44 -51 0
-38 -40 -49 -50 -44 -52 0
-38 -40 -49 -50 -53 -54 0
-38 -40 -49 -50 -53 -51 0
-38 -40 -49 -50 -53 -52 0
-38 -40 -49 -50 -54 -51 0
-38 -40 -49 -50 -54 -52 0
-38 -40 -49 -50 -51 -52 0
-38 -40 -49 -43 -44 -53 0
-38 -40 -49 -43 -44 -54 0
-38 -40 -49 -43 -44 -51 0
-38 -40 -49 -43 -44 -52 0
-38 -40 -49 -43 -53 -54 0
-38 -40 -49 -43 -53 -51 0
-38 -40 -49 -43 -53 -52 0
-38 -40 -49 -43 -54 -51 0
-38 -40 -49 -43 -54 -52 0
-38 -40 -49 -43 -51 -52 0
-38 -40 -49 -44 -53 -54 0
-38 -40 -49 -44 -53 -51 0
-38 -40 -49 -44 -53 -52 0
-38 -40 -49 -44 -54 -51 0
-38 -40 -49 -44 -54 -52 0
-38 -40 -49 -44 -51 -52 0
-38 -40 -49 -53 -54 -51 0
-38 -40 -49 -53 -54 -52 0
-38 -40 -49 -53 -51 -52 0
-38 -40 -49 -54 -51 -52 0
-38 -40 -50 -43 -44 -53 0
-38 -40 -50 -43 -44 -54 0
-38 -40 -50 -43 -44 -51 0
-38 -40 -50 -43 -44 -52 0
-38 -40 -50 -43 -53 -54 0
-38 -40 -50 -43 -53 -51 0
-38 -40 -50 -43 -53 -52 0
-38 -40 -50 -43 -54 -51 0
-38 -40 -50 -43 -54 -52 0
-38 -40 -50 -43 -51 -52 0
-38 -40 -50 -44 -53 -54 0
-38 -40 -50 -44 -53 -51 0
-38 -40 -50 -44 -53 -52 0
-38 -40 -50 -44 -54 -51 0
-38 -40 -50 -44 -54 -52 0
-38 -40 -50 -44 -51 -52 0
-38 -40 -50 -53 -54 -51 0
-38 -40 -50 -53 -54 -52 0
-38 -40 -50 -53 -51 -52 0
-38 -40 -50 -54 -51 -52 0
-38 -40 -43 -44 -53 -54 0
-38 -40 -43 -44 -53 -51 0
-38 -40 -43 -44 -53 -52 0
-38 -40 -43 -44 -54 -51 0
-38 -40 -43 -44 -54 -52 0
-38 -40 -43 -44 -51 -52 0
-38 -40 -43 -53 -54 -51 0
-38 -40 -43 -53 -54 -52 0
-38 -40 -43 -53 -51 -52 0
-38 -40 -43 -54 -51 -52 0
-38 -40 -44 -53 -54 -51 0
-38 -40 -44 -53 -54 -52 0
-38 -40 -44 -53 -51 -52 0
-38 -40 -44 -54 -51 -52 0
-38 -40 -53 -54 -51 -52 0
-38 -41 -42 -45 -46 -47 0
-38 -41 -42 -45 -46 -48 0
-38 -41 -42 -45 -46 -49 0
-38 -41 -42 -45 -46 -50 0
-38 -41 -42 -45 -46 -43 0
-38 -41 -42 -45 -46 -44 0
-38 -41 -42 -45 -46 -53 0
-38 -41 -42 -45 -46 -54 0
-38 -41 -42 -45 -46 -51 0
-38 -41 -42 -45 -46 -52 0
-38 -41 -42 -45 -47 -48 0
-38 -41 -42 -45 -47 -49 0
-38 -41 -42 -45 -47 -50 0
-38 -41 -42 -45 -47 -43 0
-38 -41 -42 -45 -47 -44 0
-38 -41 -42 -45 -47 -53 0
-38 -41 -42 -45 -47 -54 0
-38 -41 -42 -45 -47 -51 0
-38 -41 -42 -45 -47 -52 0
-38 -41 -42 -45 -48 -49 0
-38 -41 -42 -45 -48 -50 0
-38 -41 -42 -45 -48 -43 0
-38 -41 -42 -45 -48 -44 0
-38 -41 -42 -45 -48 -53 0
-38 -41 -42 -45 -48 -54 0
-38 -41 -42 -45 -48 -51 0
-38 -41 -42 -45 -48 -52 0
-38 -41 -42 -45 -49 -50 0
-38 -41 -42 -45 -49 -43 0
-38 -41 -42 -45 -49 -44 0
-38 -41 -42 -45 -49 -53 0
-38 -41 -42 -45 -49 -54 0
-38 -41 -42 -45 -49 -51 0
-38 -41 -42 -45 -49 -52 0
-38 -41 -42 -45 -50 -43 0
-38 -41 -42 -45 -50 -44 0
-38 -41 -42 -45 -50 -53 0
-38 -41 -42 -45 -50 -54 0
-38 -41 -42 -45 -50 -51 0
-38 -41 -42 -45 -50 -52 0
-38 -41 -42 -45 -43 -44 0
-38 -41 -42 -45 -43 -53 0
-38 -41 -42 -45 -43 -54 0
-38 -41 -42 -45 -43 -51 0
-38 -41 -42 -45 -43 -52 0
-38 -41 -42 -45 -44 -53 0
-38 -41 -42 -45 -44 -54 0
-38 -41 -42 -45 -44 -51 0
-38 -41 -42 -45 -44 -52 0
-38 -41 -42 -45 -53 -54 0
-38 -41 -42 -45 -53 -51 0
-38 -41 -42 -45 -53 -52 0
-38 -41 -42 -45 -54 -51 0
-38 -41 -42 -45 -54 -52 0
-38 -41 -42 -45 -51 -52 0
-38 -41 -42 -46 -47 -48 0
-38 -41 -42 -46 -47 -49 0
-38 -41 -42 -46 -47 -50 0
-38 -41 -42 -46 -47 -43 0
-38 -41 -42 -46 -47 -44 0
-38 -41 -42 -46 -47 -53 0
-38 -41 -42 -46 -47 -54 0
-38 -41 -42 -46 -47 -51 0
-38 -41 -42 -46 -47 -52 0
-38 -41 -42 -46 -48 -49 0
-38 -41 -42 -46 -48 -50 0
-38 -41 -42 -46 -48 -43 0
-38 -41 -42 -46 -48 -44 0
-38 -41 -42 -46 -48 -53 0
-38 -41 -42 -46 -48 -54 0
-38 -41 -42 -46 -48 -51 0
-38 -41 -42 -46 -48 -52 0
-38 -41 -42 -46 -49 -50 0
-38 -41 -42 -46 -49 -43 0
-38 -41 -42 -46 -49 -44 0
-38 -41 -42 -46 -49 -53 0
-38 -41 -42 -46 -49 -54 0
-38 -41 -42 -46 -49 -51 0
-38 -41 -42 -46 -49 -52 0
-38 -41 -42 -46 -50 -43 0
-38 -41 -42 -46 -50 -44 0
-38 -41 -42 -46 -50 -53 0
-38 -41 -42 -46 -50 -54 0
-38 -41 -42 -46 -50 -51 0
-38 -41 -42 -46 -50 -52 0
-38 -41 -42 -46 -43 -44 0
-38 -41 -42 -46 -43 -53 0
-38 -41 -42 -46 -43 -54 0
-38 -41 -42 -46 -43 -51 0
-38 -41 -42 -46 -43 -52 0
-38 -41 -42 -46 -44 -53 0
-38 -41 -42 -46 -44 -54 0
-38 -41 -42 -46 -44 -51 0
-38 -41 -42 -46 -44 -52 0
-38 -41 -42 -46 -53 -54 0
-38 -41 -42 -46 -53 -51 0
-38 -41 -42 -46 -53 -52 0
-38 -41 -42 -46 -54 -51 0
-38 -41 -42 -46 -54 -52 0
-38 -41 -42 -46 -51 -52 0
-38 -41 -42 -47 -48 -49 0
-38 -41 -42 -47 -48 -50 0
-38 -41 -42 -47 -48 -43 0
-38 -41 -42 -47 -48 -44 0
-38 -41 -42 -47 -48 -53 0
-38 -41 -42 -47 -48 -54 0
-38 -41 -42 -47 -48 -51 0
-38 -41 -42 -47 -48 -52 0
-38 -41 -42 -47 -49 -50 0
-38 -41 -42 -47 -49 -43 0
-38 -41 -42 -47 -49 -44 0
-38 -41 -42 -47 -49 -53 0
-38 -41 -42 -47 -49 -54 0
-38 -41 -42 -47 -49 -51 0
-38 -41 -42 -47 -49 -52 0
-38 -41 -42 -47 -50 -43 0
-38 -41 -42 -47 -50 -44 0
-38 -41 -42 -47 -50 -53 0
-38 -41 -42 -47 -50 -54 0
-38 -41 -42 -47 -50 -51 0
-38 -41 -42 -47 -50 -52 0
-38 -41 -42 -47 -43 -44 0
-38 -41 -42 -47 -43 -53 0
-38 -41 -42 -47 -43 -54 0
-38 -41 -42 -47 -43 -51 0
-38 -41 -42 -47 -43 -52 0
-38 -41 -42 -47 -44 -53 0
-38 -41 -42 -47 -44 -54 0
-38 -41 -42 -47 -44 -51 0
-38 -41 -42 -47 -44 -52 0
-38 -41 -42 -47 -53 -54 0
-38 -41 -42 -47 -53 -51 0
-38 -41 -42 -47 -53 -52 0
-38 -41 -42 -47 -54 -51 0
-38 -41 -42 -47 -54 -52 0
-38 -41 -42 -47 -51 -52 0
-38 -41 -42 -48 -49 -50 0
-38 -41 -42 -48 -49 -43 0
-38 -41 -42 -48 -49 -44 0
-38 -41 -42 -48 -49 -53 0
-38 -41 -42 -48 -49 -54 0
-38 -41 -42 -48 -49 -51 0
-38 -41 -42 -48 -49 -52 0
-38 -41 -42 -48 -50 -43 0
-38 -41 -42 -48 -50 -44 0
-38 -41 -42 -48 -50 -53 0
-38 -41 -42 -48 -50 -54 0
-38 -41 -42 -48 -50 -51 0
-38 -41 -42 -48 -50 -52 0
-38 -41 -42 -48 -43 -44 0
-38 -41 -42 -48 -43 -53 0
-38 -41 -42 -48 -43 -54 0
-38 -41 -42 -48 -43 -51 0
-38 -41 -42 -48 -43 -52 0
-38 -41 -42 -48 -44 -53 0
-38 -41 -42 -48 -44 -54 0
-38 -41 -42 -48 -44 -51 0
-38 -41 -42 -48 -44 -52 0
-38 -41 -42 -48 -53 -54 0
-38 -41 -42 -48 -53 -51 0
-38 -41 -42 -48 -53 -52 0
-38 -41 -42 -48 -54 -51 0
-38 -41 -42 -48 -54 -52 0
-38 -41 -42 -48 -51 -52 0
-38 -41 -42 -49 -50 -43 0
-38 -41 -42 -49 -50 -44 0
-38 -41 -42 -49 -50 -53 0
-38 -41 -42 -49 -50 -54 0
-38 -41 -42 -49 -50 -51 0
-38 -41 -42 -49 -50 -52 0
-38 -41 -42 -49 -43 -44 0
-38 -41 -42 -49 -43 -53 0
-38 -41 -42 -49 -43 -54 0
-38 -41 -42 -49 -43 -51 0
-38 -41 -42 -49 -43 -52 0
-38 -41 -42 -49 -44 -53 0
-38 -41 -42 -49 -44 -54 0
-38 -41 -42 -49 -44 -51 0
-38 -41 -42 -49 -44 -52 0
-38 -41 -42 -49 -53 -54 0
-38 -41 -42 -49 -53 -51 0
-38 -41 -42 -49 -53 -52 0
-38 -41 -42 -49 -54 -51 0
-38 -41 -42 -49 -54 -52 0
-38 -41 -42 -49 -51 -52 0
-38 -41 -42 -50 -43 -44 0
-38 -41 -42 -50 -43 -53 0
-38 -41 -42 -50 -43 -54 0
-38 -41 -42 -50 -43 -51 0
-38 -41 -42 -50 -43 -52 0
-38 -41 -42 -50 -44 -53 0
-38 -41 -42 -50 -44 -54 0
-38 -41 -42 -50 -44 -51 0
-38 -41 -42 -50 -44 -52 0
-38 -41 -42 -50 -53 -54 0
-38 -41 -42 -50 -53 -51 0
-38 -41 -42 -50 -53 -52 0
-38 -41 -42 -50 -54 -51 0
-38 -41 -42 -50 -54 -52 0
-38 -41 -42 -50 -51 -52 0
-38 -41 -42 -43 -44 -53 0
-38 -41 -42 -43 -44 -54 0
-38 -41 -42 -43 -44 -51 0
-38 -41 -42 -43 -44 -52 0
-38 -41 -42 -43 -53 -54 0
-38 -41 -42 -43 -53 -51 0
-38 -41 -42 -43 -53 -52 0
-38 -41 -42 -43 -54 -51 0
-38 -41 -42 -43 -54 -52 0
-38 -41 -42 -43 -51 -52 0
-38 -41 -42 -44 -53 -54 0
-38 -41 -42 -44 -53 -51 0
-38 -41 -42 -44 -53 -52 0
-38 -41 -42 -44 -54 -51 0
-38 -41 -42 -44 -54 -52 0
-38 -41 -42 -44 -51 -52 0
-38 -41 -42 -53 -54 -51 0
-38 -41 -42 -53 -54 -52 0
-38 -41 -42 -53 -51 -52 0
-38 -41 -42 -54 -51 -52 0
-38 -41 -45 -46 -47 -48 0
-38 -41 -45 -46 -47 -49 0
-38 -41 -45 -46 -47 -50 0
-38 -41 -45 -46 -47 -43 0
-38 -41 -45 -46 -47 -44 0
-38 -41 -45 -46 -47 -53 0
-38 -41 -45 -46 -47 -54 0
-38 -41 -45 -46 -47 -51 0
-38 -41 -45 -46 -47 -52 0
-38 -41 -45 -46 -48 -49 0
-38 -41 -45 -46 -48 -50 0
-38 -41 -45 -46 -48 -43 0
-38 -41 -45 -46 -48 -44 0
-38 -41 -45 -46 -48 -53 0
-38 -41 -45 -46 -48 -54 0
-38 -41 -45 -46 -48 -51 0
-38 -41 -45 -46 -48 -52 0
-38 -41 -45 -46 -49 -50 0
-38 -41 -45 -46 -49 -43 0
-38 -41 -45 -46 -49 -44 0
-38 -41 -45 -46 -49 -53 0
-38 -41 -45 -46 -49 -54 0
-38 -41 -45 -46 -49 -51 0
-38 -41 -45 -46 -49 -52 0
-38 -41 -45 -46 -50 -43 0
-38 -41 -45 -46 -50 -44 0
-38 -41 -45 -46 -50 -53 0
-38 -41 -45 -46 -50 -54 0
-38 -41 -45 -46 -50 -51 0
-38 -41 -45 -46 -50 -52 0
-38 -41 -45 -46 -43 -44 0
-38 -41 -45 -46 -43 -53 0
-38 -41 -45 -46 -43 -54 0
-38 -41 -45 -46 -43 -51 0
-38 -41 -45 -46 -43 -52 0
-38 -41 -45 -46 -44 -53 0
-38 -41 -45 -46 -44 -54 0
-38 -41 -45 -46 -44 -51 0
-38 -41 -45 -46 -44 -52 0
-38 -41 -45 -46 -53 -54 0
-38 -41 -45 -46 -53 -51 0
-38 -41 -45 -46 -53 -52 0
-38 -41 -45 -46 -54 -51 0
-38 -41 -45 -46 -54 -52 0
-38 -41 -45 -46 -51 -52 0
-38 -41 -45 -47 -48 -49 0
-38 -41 -45 -47 -48 -50 0
-38 -41 -45 -47 -48 -43 0
-38 -41 -45 -47 -48 -44 0
-38 -41 -45 -47 -48 -53 0
-38 -41 -45 -47 -48 -54 0
-38 -41 -45 -47 -48 -51 0
-38 -41 -45 -47 -48 -52 0
-38 -41 -45 -47 -49 -50 0
-38 -41 -45 -47 -49 -43 0
-38 -41 -45 -47 -49 -44 0
-38 -41 -45 -47 -49 -53 0
-38 -41 -45 -47 -49 -54 0
-38 -41 -45 -47 -49 -51 0
-38 -41 -45 -47 -49 -52 0
-38 -41 -45 -47 -50 -43 0
-38 -41 -45 -47 -50 -44 0
-38 -41 -45 -47 -50 -53 0
-38 -41 -45 -47 -50 -54 0
-38 -41 -45 -47 -50 -51 0
-38 -41 -45 -47 -50 -52 0
-38 -41 -45 -47 -43 -44 0
-38 -41 -45 -47 -43 -53 0
-38 -41 -45 -47 -43 -54 0
-38 -41 -45 -47 -43 -51 0
-38 -41 -45 -47 -43 -52 0
-38 -41 -45 -47 -44 -53 0
-38 -41 -45 -47 -44 -54 0
-38 -41 -45 -47 -44 -51 0
-38 -41 -45 -47 -44 -52 0
-38 -41 -45 -47 -53 -54 0
-38 -41 -45 -47 -53 -51 0
-38 -41 -45 -47 -53 -52 0
-38 -41 -45 -47 -54 -51 0
-38 -41 -45 -47 -54 -52 0
-38 -41 -45 -47 -51 -52 0
-38 -41 -45 -48 -49 -50 0
-38 -41 -45 -48 -49 -43 0
-38 -41 -45 -48 -49 -44 0
-38 -41 -45 -48 -49 -53 0
-38 -41 -45 -48 -49 -54 0
-38 -41 -45 -48 -49 -51 0
-38 -41 -45 -48 -49 -52 0
-38 -41 -45 -48 -50 -43 0
-38 -41 -45 -48 -50 -44 0
-38 -41 -45 -48 -50 -53 0
-38 -41 -45 -48 -50 -54 0
-38 -41 -45 -48 -50 -51 0
-38 -41 -45 -48 -50 -52 0
-38 -41 -45 -48 -43 -44 0
-38 -41 -45 -48 -43 -53 0
-38 -41 -45 -48 -43 -54 0
-38 -41 -45 -48 -43 -51 0
-38 -41 -45 -48 -43 -52 0
-38 -41 -45 -48 -44 -53 0
-38 -41 -45 -48 -44 -54 0
-38 -41 -45 -48 -44 -51 0
-38 -41 -45 -48 -44 -52 0
-38 -41 -45 -48 -53 -54 0
-38 -41 -45 -48 -53 -51 0
-38 -41 -45 -48 -53 -52 0
-38 -41 -45 -48 -54 -51 0
-38 -41 -45 -48 -54 -52 0
-38 -41 -45 -48 -51 -52 0
-38 -41 -45 -49 -50 -43 0
-38 -41 -45 -49 -50 -44 0
-38 -41 -45 -49 -50 -53 0
-38 -41 -45 -49 -50 -54 0
-38 -41 -45 -49 -50 -51 0
-38 -41 -45 -49 -50 -52 0
-38 -41 -45 -49 -43 -44 0
-38 -41 -45 -49 -43 -53 0
-38 -41 -45 -49 -43 -54 0
-38 -41 -45 -49 -43 -51 0
-38 -41 -45 -49 -43 -52 0
-38 -41 -45 -49 -44 -53 0
-38 -41 -45 -49 -44 -54 0
-38 -41 -45 -49 -44 -51 0
-38 -41 -45 -49 -44 -52 0
-38 -41 -45 -49 -53 -54 0
-38 -41 -45 -49 -53 -51 0
-38 -41 -45 -49 -53 -52 0
-38 -41 -45 -49 -54 -51 0
-38 -41 -45 -49 -54 -52 0
-38 -41 -45 -49 -51 -52 0
-38 -41 -45 -50 -43 -44 0
-38 -41 -45 -50 -43 -53 0
-38 -41 -45 -50 -43 -54 0
-38 -41 -45 -50 -43 -51 0
-38 -41 -45 -50 -43 -52 0
-38 -41 -45 -50 -44 -53 0
-38 -41 -45 -50 -44 -54 0
-38 -41 -45 -50 -44 -51 0
-38 -41 -45 -50 -44 -52 0
-38 -41 -45 -50 -53 -54 0
-38 -41 -45 -50 -53 -51 0
-38 -41 -45 -50 -53 -52 0
-38 -41 -45 -50 -54 -51 0
-38 -41 -45 -50 -54 -52 0
-38 -41 -45 -50 -51 -52 0
-38 -41 -45 -43 -44 -53 0
-38 -41 -45 -43 -44 -54 0
-38 -41 -45 -43 -44 -51 0
-38 -41 -45 -43 -44 -52 0
-38 -41 -45 -43 -53 -54 0
-38 -41 -45 -43 -53 -51 0
-38 -41 -45 -43 -53 -52 0
-38 -41 -45 -43 -54 -51 0
-38 -41 -45 -43 -54 -52 0
-38 -41 -45 -43 -51 -52 0
-38 -41 -45 -44 -53 -54 0
-38 -41 -45 -44 -53 -51 0
-38 -41 -45 -44 -53 -52 0
-38 -41 -45 -44 -54 -51 0
-38 -41 -45 -44 -54 -52 0
-38 -41 -45 -44 -51 -52 0
-38 -41 -45 -53 -54 -51 0
-38 -41 -45 -53 -54 -52 0
-38 -41 -45 -53 -51 -52 0
-38 -41 -45 -54 -51 -52 0
-38 -41 -46 -47 -48 -49 0
-38 -41 -46 -47 -48 -50 0
-38 -41 -46 -47 -48 -43 0
-38 -41 -46 -47 -48 -44 0
-38 -41 -46 -47 -48 -53 0
-38 -41 -46 -47 -48 -54 0
-38 -41 -46 -47 -48 -51 0
-38 -41 -46 -47 -48 -52 0
-38 -41 -46 -47 -49 -50 0
-38 -41 -46 -47 -49 -43 0
-38 -41 -46 -47 -49 -44 0
-38 -41 -46 -47 -49 -53 0
-38 -41 -46 -47 -49 -54 0
-38 -41 -46 -47 -49 -51 0
-38 -41 -46 -47 -49 -52 0
-38 -41 -46 -47 -50 -43 0
-38 -41 -46 -47 -50 -44 0
-38 -41 -46 -47 -50 -53 0
-38 -41 -46 -47 -50 -54 0
-38 -41 -46 -47 -50 -51 0
-38 -41 -46 -47 -50 -52 0
-38 -41 -46 -47 -43 -44 0
-38 -41 -46 -47 -43 -53 0
-38 -41 -46 -47 -43 -54 0
-38 -41 -46 -47 -43 -51 0
-38 -41 -46 -47 -43 -52 0
-38 -41 -46 -47 -44 -53 0
-38 -41 -46 -47 -44 -54 0
-38 -41 -46 -47 -44 -51 0
-38 -41 -46 -47 -44 -52 0
-38 -41 -46 -47 -53 -54 0
-38 -41 -46 -47 -53 -51 0
-38 -41 -46 -47 -53 -52 0
-38 -41 -46 -47 -54 -51 0
-38 -41 -46 -47 -54 -52 0
-38 -41 -46 -47 -51 -52 0
-38 -41 -46 -48 -49 -50 0
-38 -41 -46 -48 -49 -43 0
-38 -41 -46 -48 -49 -44 0
-38 -41 -46 -48 -49 -53 0
-38 -41 -46 -48 -49 -54 0
-38 -41 -46 -48 -49 -51 0
-38 -41 -46 -48 -49 -52 0
-38 -41 -46 -48 -50 -43 0
-38 -41 -46 -48 -50 -44 0
-38 -41 -46 -48 -50 -53 0
-38 -41 -46 -48 -50 -54 0
-38 -41 -46 -48 -50 -51 0
-38 -41 -46 -48 -50 -52 0
-38 -41 -46 -48 -43 -44 0
-38 -41 -46 -48 -43 -53 0
-38 -41 -46 -48 -43 -54 0
-38 -41 -46 -48 -43 -51 0
-38 -41 -46 -48 -43 -52 0
-38 -41 -46 -48 -44 -53 0
-38 -41 -46 -48 -44 -54 0
-38 -41 -46 -48 -44 -51 0
-38 -41 -46 -48 -44 -52 0
-38 -41 -46 -48 -53 -54 0
-38 -41 -46 -48 -53 -51 0
-38 -41 -46 -48 -53 -52 0
-38 -41 -46 -48 -54 -51 0
-38 -41 -46 -48 -54 -52 0
-38 -41 -46 -48 -51 -52 0
-38 -41 -46 -49 -50 -43 0
-38 -41 -46 -49 -50 -44 0
-38 -41 -46 -49 -50 -53 0
-38 -41 -46 -49 -50 -54 0
-38 -41 -46 -49 -50 -51 0
-38 -41 -46 -49 -50 -52 0
-38 -41 -46 -49 -43 -44 0
-38 -41 -46 -49 -43 -53 0
-38 -41 -46 -49 -43 -54 0
-38 -41 -46 -49 -43 -51 0
-38 -41 -46 -49 -43 -52 0
-38 -41 -46 -49 -44 -53 0
-38 -41 -46 -49 -44 -54 0
-38 -41 -46 -49 -44 -51 0
-38 -41 -46 -49 -44 -52 0
-38 -41 -46 -49 -53 -54 0
-38 -41 -46 -49 -53 -51 0
-38 -41 -46 -49 -53 -52 0
-38 -41 -46 -49 -54 -51 0
-38 -41 -46 -49 -54 -52 0
-38 -41 -46 -49 -51 -52 0
-38 -41 -46 -50 -43 -44 0
-38 -41 -46 -50 -43 -53 0
-38 -41 -46 -50 -43 -54 0
-38 -41 -46 -50 -43 -51 0
-38 -41 -46 -50 -43 -52 0
-38 -41 -46 -50 -44 -53 0
-38 -41 -46 -50 -44 -54 0
-38 -41 -46 -50 -44 -51 0
-38 -41 -46 -50 -44 -52 0
-38 -41 -46 -50 -53 -54 0
-38 -41 -46 -50 -53 -51 0
-38 -41 -46 -50 -53 -52 0
-38 -41 -46 -50 -54 -51 0
-38 -41 -46 -50 -54 -52 0
-38 -41 -46 -50 -51 -52 0
-38 -41 -46 -43 -44 -53 0
-38 -41 -46 -43 -44 -54 0
-38 -41 -46 -43 -44 -51 0
-38 -41 -46 -43 -44 -52 0
-38 -41 -46 -43 -53 -54 0
-38 -41 -46 -43 -53 -51 0
-38 -41 -46 -43 -53 -52 0
-38 -41 -46 -43 -54 -51 0
-38 -41 -46 -43 -54 -52 0
-38 -41 -46 -43 -51 -52 0
-38 -41 -46 -44 -53 -54 0
-38 -41 -46 -44 -53 -51 0
-38 -41 -46 -44 -53 -52 0
-38 -41 -46 -44 -54 -51 0
-38 -41 -46 -44 -54 -52 0
-38 -41 -46 -44 -51 -52 0
-38 -41 -46 -53 -54 -51 0
-38 -41 -46 -53 -54 -52 0
-38 -41 -46 -53 -51 -52 0
-38 -41 -46 -54 -51 -52 0
-38 -41 -47 -48 -49 -50 0
-38 -41 -47 -48 -49 -43 0
-38 -41 -47 -48 -49 -44 0
-38 -41 -47 -48 -49 -53 0
-38 -41 -47 -48 -49 -54 0
-38 -41 -47 -48 -49 -51 0
-38 -41 -47 -48 -49 -52 0
-38 -41 -47 -48 -50 -43 0
-38 -41 -47 -48 -50 -44 0
-38 -41 -47 -48 -50 -53 0
-38 -41 -47 -48 -50 -54 0
-38 -41 -47 -48 -50 -51 0
-38 -41 -47 -48 -50 -52 0
-38 -41 -47 -48 -43 -44 0
-38 -41 -47 -48 -43 -53 0
-38 -41 -47 -48 -43 -54 0
-38 -41 -47 -48 -43 -51 0
-38 -41 -47 -48 -43 -52 0
-38 -41 -47 -48 -44 -53 0
-38 -41 -47 -48 -44 -54 0
-38 -41 -47 -48 -44 -51 0
-38 -41 -47 -48 -44 -52 0
-38 -41 -47 -48 -53 -54 0
-38 -41 -47 -48 -53 -51 0
-38 -41 -47 -48 -53 -52 0
-38 -41 -47 -48 -54 -51 0
-38 -41 -47 -48 -54 -52 0
-38 -41 -47 -48 -51 -52 0
-38 -41 -47 -49 -50 -43 0
-38 -41 -47 -49 -50 -44 0
-38 -41 -47 -49 -50 -53 0
-38 -41 -47 -49 -50 -54 0
-38 -41 -47 -49 -50 -51 0
-38 -41 -47 -49 -50 -52 0
-38 -41 -47 -49 -43 -44 0
-38 -41 -47 -49 -43 -53 0
-38 -41 -47 -49 -43 -54 0
-38 -41 -47 -49 -43 -51 0
-38 -41 -47 -49 -43 -52 0
-38 -41 -47 -49 -44 -53 0
-38 -41 -47 -49 -44 -54 0
-38 -41 -47 -49 -44 -51 0
-38 -41 -47 -49 -44 -52 0
-38 -41 -47 -49 -53 -54 0
-38 -41 -47 -49 -53 -51 0
-38 -41 -47 -49 -53 -52 0
-38 -41 -47 -49 -54 -51 0
-38 -41 -47 -49 -54 -52 0
-38 -41 -47 -49 -51 -52 0
-38 -41 -47 -50 -43 -44 0
-38 -41 -47 -50 -43 -53 0
-38 -41 -47 -50 -43 -54 0
-38 -41 -47 -50 -43 -51 0
-38 -41 -47 -50 -43 -52 0
-38 -41 -47 -50 -44 -53 0
-38 -41 -47 -50 -44 -54 0
-38 -41 -47 -50 -44 -51 0
-38 -41 -47 -50 -44 -52 0
-38 -41 -47 -50 -53 -54 0
-38 -41 -47 -50 -53 -51 0
-38 -41 -47 -50 -53 -52 0
-38 -41 -47 -50 -54 -51 0
-38 -41 -47 -50 -54 -52 0
-38 -41 -47 -50 -51 -52 0
-38 -41 -47 -43 -44 -53 0
-38 -41 -47 -43 -44 -54 0
-38 -41 -47 -43 -44 -51 0
-38 -41 -47 -43 -44 -52 0
-38 -41 -47 -43 -53 -54 0
-38 -41 -47 -43 -53 -51 0
-38 -41 -47 -43 -53 -52 0
-38 -41 -47 -43 -54 -51 0
-38 -41 -47 -43 -54 -52 0
-38 -41 -47 -43 -51 -52 0
-38 -41 -47 -44 -53 -54 0
-38 -41 -47 -44 -53 -51 0
-38 -41 -47 -44 -53 -52 0
-38 -41 -47 -44 -54 -51 0
-38 -41 -47 -44 -54 -52 0
-38 -41 -47 -44 -51 -52 0
-38 -41 -47 -53 -54 -51 0
-38 -41 -47 -53 -54 -52 0
-38 -41 -47 -53 -51 -52 0
-38 -41 -47 -54 -51 -52 0
-38 -41 -48 -49 -50 -43 0
-38 -41 -48 -49 -50 -44 0
-38 -41 -48 -49 -50 -53 0
-38 -41 -48 -49 -50 -54 0
-38 -41 -48 -49 -50 -51 0
-38 -41 -48 -49 -50 -52 0
-38 -41 -48 -49 -43 -44 0
-38 -41 -48 -49 -43 -53 0
-38 -41 -48 -49 -43 -54 0
-38 -41 -48 -49 -43 -51 0
-38 -41 -48 -49 -43 -52 0
-38 -41 -48 -49 -44 -53 0
-38 -41 -48 -49 -44 -54 0
-38 -41 -48 -49 -44 -51 0
-38 -41 -48 -49 -44 -52 0
-38 -41 -48 -49 -53 -54 0
-38 -41 -48 -49 -53 -51 0
-38 -41 -48 -49 -53 -52 0
-38 -41 -48 -49 -54 -51 0
-38 -41 -48 -49 -54 -52 0
-38 -41 -48 -49 -51 -52 0
-38 -41 -48 -50 -43 -44 0
-38 -41 -48 -50 -43 -53 0
-38 -41 -48 -50 -43 -54 0
-38 -41 -48 -50 -43 -51 0
-38 -41 -48 -50 -43 -52 0
-38 -41 -48 -50 -44 -53 0
-38 -41 -48 -50 -44 -54 0
-38 -41 -48 -50 -44 -51 0
-38 -41 -48 -50 -44 -52 0
-38 -41 -48 -50 -53 -54 0
-38 -41 -48 -50 -53 -51 0
-38 -41 -48 -50 -53 -52 0
-38 -41 -48 -50 -54 -51 0
-38 -41 -48 -50 -54 -52 0
-38 -41 -48 -50 -51 -52 0
-38 -41 -48 -43 -44 -53 0
-38 -41 -48 -43 -44 -54 0
-38 -41 -48 -43 -44 -51 0
-38 -41 -48 -43 -44 -52 0
-38 -41 -48 -43 -53 -54 0
-38 -41 -48 -43 -53 -51 0
-38 -41 -48 -43 -53 -52 0
-38 -41 -48 -43 -54 -51 0
-38 -41 -48 -43 -54 -52 0
-38 -41 -48 -43 -51 -52 0
-38 -41 -48 -44 -53 -54 0
-38 -41 -48 -44 -53 -51 0
-38 -41 -48 -44 -53 -52 0
-38 -41 -48 -44 -54 -51 0
-38 -41 -48 -44 -54 -52 0
-38 -41 -48 -44 -51 -52 0
-38 -41 -48 -53 -54 -51 0
-38 -41 -48 -53 -54 -52 0
-38 -41 -48 -53 -51 -52 0
-38 -41 -48 -54 -51 -52 0
-38 -41 -49 -50 -43 -44 0
-38 -41 -49 -50 -43 -53 0
-38 -41 -49 -50 -43 -54 0
-38 -41 -49 -50 -43 -51 0
-38 -41 -49 -50 -43 -52 0
-38 -41 -49 -50 -44 -53 0
-38 -41 -49 -50 -44 -54 0
-38 -41 -49 -50 -44 -51 0
-38 -41 -49 -50 -44 -52 0
-38 -41 -49 -50 -53 -54 0
-38 -41 -49 -50 -53 -51 0
-38 -41 -49 -50 -53 -52 0
-38 -41 -49 -50 -54 -51 0
-38 -41 -49 -50 -54 -52 0
-38 -41 -49 -50 -51 -52 0
-38 -41 -49 -43 -44 -53 0
-38 -41 -49 -43 -44 -54 0
-38 -41 -49 -43 -44 -51 0
-38 -41 -49 -43 -44 -52 0
-38 -41 -49 -43 -53 -54 0
-38 -41 -49 -43 -53 -51 0
-38 -41 -49 -43 -53 -52 0
-38 -41 -49 -43 -54 -51 0
-38 -41 -49 -43 -54 -52 0
-38 -41 -49 -43 -51 -52 0
-38 -41 -49 -44 -53 -54 0
-38 -41 -49 -44 -53 -51 0
-38 -41 -49 -44 -53 -52 0
-38 -41 -49 -44 -54 -51 0
-38 -41 -49 -44 -54 -52 0
-38 -41 -49 -44 -51 -52 0
-38 -41 -49 -53 -54 -51 0
-38 -41 -49 -53 -54 -52 0
-38 -41 -49 -53 -51 -52 0
-38 -41 -49 -54 -51 -52 0
-38 -41 -50 -43 -44 -53 0
-38 -41 -50 -43 -44 -54 0
-38 -41 -50 -43 -44 -51 0
-38 -41 -50 -43 -44 -52 0
-38 -41 -50 -43 -53 -54 0
-38 -41 -50 -43 -53 -51 0
-38 -41 -50 -43 -53 -52 0
-38 -41 -50 -43 -54 -51 0
-38 -41 -50 -43 -54 -52 0
-38 -41 -50 -43 -51 -52 0
-38 -41 -50 -44 -53 -54 0
-38 -41 -50 -44 -53 -51 0
-38 -41 -50 -44 -53 -52 0
-38 -41 -50 -44 -54 -51 0
-38 -41 -50 -44 -54 -52 0
-38 -41 -50 -44 -51 -52 0
-38 -41 -50 -53 -54 -51 0
-38 -41 -50 -53 -54 -52 0
-38 -41 -50 -53 -51 -52 0
-38 -41 -50 -54 -51 -52 0
-38 -41 -43 -44 -53 -54 0
-38 -41 -43 -44 -53 -51 0
-38 -41 -43 -44 -53 -52 0
-38 -41 -43 -44 -54 -51 0
-38 -41 -43 -44 -54 -52 0
-38 -41 -43 -44 -51 -52 0
-38 -41 -43 -53 -54 -51 0
-38 -41 -43 -53 -54 -52 0
-38 -41 -43 -53 -51 -52 0
-38 -41 -43 -54 -51 -52 0
-38 -41 -44 -53 -54 -51 0
-38 -41 -44 -53 -54 -52 0
-38 -41 -44 -53 -51 -52 0
-38 -41 -44 -54 -51 -52 0
-38 -41 -53 -54 -51 -52 0
-38 -42 -45 -46 -47 -48 0
-38 -42 -45 -46 -47 -49 0
-38 -42 -45 -46 -47 -50 0
-38 -42 -45 -46 -47 -43 0
-38 -42 -45 -46 -47 -44 0
-38 -42 -45 -46 -47 -53 0
-38 -42 -45 -46 -47 -54 0
-38 -42 -45 -46 -47 -51 0
-38 -42 -45 -46 -47 -52 0
-38 -42 -45 -46 -48 -49 0
-38 -42 -45 -46 -48 -50 0
-38 -42 -45 -46 -48 -43 0
-38 -42 -45 -46 -48 -44 0
-38 -42 -45 -46 -48 -53 0
-38 -42 -45 -46 -48 -54 0
-38 -42 -45 -46 -48 -51 0
-38 -42 -45 -46 -48 -52 0
-38 -42 -45 -46 -49 -50 0
-38 -42 -45 -46 -49 -43 0
-38 -42 -45 -46 -49 -44 0
-38 -42 -45 -46 -49 -53 0
-38 -42 -45 -46 -49 -54 0
-38 -42 -45 -46 -49 -51 0
-38 -42 -45 -46 -49 -52 0
-38 -42 -45 -46 -50 -43 0
-38 -42 -45 -46 -50 -44 0
-38 -42 -45 -46 -50 -53 0
-38 -42 -45 -46 -50 -54 0
-38 -42 -45 -46 -50 -51 0
-38 -42 -45 -46 -50 -52 0
-38 -42 -45 -46 -43 -44 0
-38 -42 -45 -46 -43 -53 0
-38 -42 -45 -46 -43 -54 0
-38 -42 -45 -46 -43 -51 0
-38 -42 -45 -46 -43 -52 0
-38 -42 -45 -46 -44 -53 0
-38 -42 -45 -46 -44 -54 0
-38 -42 -45 -46 -44 -51 0
-38 -42 -45 -46 -44 -52 0
-38 -42 -45 -46 -53 -54 0
-38 -42 -45 -46 -53 -51 0
-38 -42 -45 -46 -53 -52 0
-38 -42 -45 -46 -54 -51 0
-38 -42 -45 -46 -54 -52 0
-38 -42 -45 -46 -51 -52 0
-38 -42 -45 -47 -48 -49 0
-38 -42 -45 -47 -48 -50 0
-38 -42 -45 -47 -48 -43 0
-38 -42 -45 -47 -48 -44 0
-38 -42 -45 -47 -48 -53 0
-38 -42 -45 -47 -48 -54 0
-38 -42 -45 -47 -48 -51 0
-38 -42 -45 -47 -48 -52 0
-38 -42 -45 -47 -49 -50 0
-38 -42 -45 -47 -49 -43 0
-38 -42 -45 -47 -49 -44 0
-38 -42 -45 -47 -49 -53 0
-38 -42 -45 -47 -49 -54 0
-38 -42 -45 -47 -49 -51 0
-38 -42 -45 -47 -49 -52 0
-38 -42 -45 -47 -50 -43 0
-38 -42 -45 -47 -50 -44 0
-38 -42 -45 -47 -50 -53 0
-38 -42 -45 -47 -50 -54 0
-38 -42 -45 -47 -50 -51 0
-38 -42 -45 -47 -50 -52 0
-38 -42 -45 -47 -43 -44 0
-38 -42 -45 -47 -43 -53 0
-38 -42 -45 -47 -43 -54 0
-38 -42 -45 -47 -43 -51 0
-38 -42 -45 -47 -43 -52 0
-38 -42 -45 -47 -44 -53 0
-38 -42 -45 -47 -44 -54 0
-38 -42 -45 -47 -44 -51 0
-38 -42 -45 -47 -44 -52 0
-38 -42 -45 -47 -53 -54 0
-38 -42 -45 -47 -53 -51 0
-38 -42 -45 -47 -53 -52 0
-38 -42 -45 -47 -54 -51 0
-38 -42 -45 -47 -54 -52 0
-38 -42 -45 -47 -51 -52 0
-38 -42 -45 -48 -49 -50 0
-38 -42 -45 -48 -49 -43 0
-38 -42 -45 -48 -49 -44 0
-38 -42 -45 -48 -49 -53 0
-38 -42 -45 -48 -49 -54 0
-38 -42 -45 -48 -49 -51 0
-38 -42 -45 -48 -49 -52 0
-38 -42 -45 -48 -50 -43 0
-38 -42 -45 -48 -50 -44 0
-38 -42 -45 -48 -50 -53 0
-38 -42 -45 -48 -50 -54 0
-38 -42 -45 -48 -50 -51 0
-38 -42 -45 -48 -50 -52 0
-38 -42 -45 -48 -43 -44 0
-38 -42 -45 -48 -43 -53 0
-38 -42 -45 -48 -43 -54 0
-38 -42 -45 -48 -43 -51 0
-38 -42 -45 -48 -43 -52 0
-38 -42 -45 -48 -44 -53 0
-38 -42 -45 -48 -44 -54 0
-38 -42 -45 -48 -44 -51 0
-38 -42 -45 -48 -44 -52 0
-38 -42 -45 -48 -53 -54 0
-38 -42 -45 -48 -53 -51 0
-38 -42 -45 -48 -53 -52 0
-38 -42 -45 -48 -54 -51 0
-38 -42 -45 -48 -54 -52 0
-38 -42 -45 -48 -51 -52 0
-38 -42 -45 -49 -50 -43 0
-38 -42 -45 -49 -50 -44 0
-38 -42 -45 -49 -50 -53 0
-38 -42 -45 -49 -50 -54 0
-38 -42 -45 -49 -50 -51 0
-38 -42 -45 -49 -50 -52 0
-38 -42 -45 -49 -43 -44 0
-38 -42 -45 -49 -43 -53 0
-38 -42 -45 -49 -43 -54 0
-38 -42 -45 -49 -43 -51 0
-38 -42 -45 -49 -43 -52 0
-38 -42 -45 -49 -44 -53 0
-38 -42 -45 -49 -44 -54 0
-38 -42 -45 -49 -44 -51 0
-38 -42 -45 -49 -44 -52 0
-38 -42 -45 -49 -53 -54 0
-38 -42 -45 -49 -53 -51 0
-38 -42 -45 -49 -53 -52 0
-38 -42 -45 -49 -54 -51 0
-38 -42 -45 -49 -54 -52 0
-38 -42 -45 -49 -51 -52 0
-38 -42 -45 -50 -43 -44 0
-38 -42 -45 -50 -43 -53 0
-38 -42 -45 -50 -43 -54 0
-38 -42 -45 -50 -43 -51 0
-38 -42 -45 -50 -43 -52 0
-38 -42 -45 -50 -44 -53 0
-38 -42 -45 -50 -44 -54 0
-38 -42 -45 -50 -44 -51 0
-38 -42 -45 -50 -44 -52 0
-38 -42 -45 -50 -53 -54 0
-38 -42 -45 -50 -53 -51 0
-38 -42 -45 -50 -53 -52 0
-38 -42 -45 -50 -54 -51 0
-38 -42 -45 -50 -54 -52 0
-38 -42 -45 -50 -51 -52 0
-38 -42 -45 -43 -44 -53 0
-38 -42 -45 -43 -44 -54 0
-38 -42 -45 -43 -44 -51 0
-38 -42 -45 -43 -44 -52 0
-38 -42 -45 -43 -53 -54 0
-38 -42 -45 -43 -53 -51 0
-38 -42 -45 -43 -53 -52 0
-38 -42 -45 -43 -54 -51 0
-38 -42 -45 -43 -54 -52 0
-38 -42 -45 -43 -51 -52 0
-38 -42 -45 -44 -53 -54 0
-38 -42 -45 -44 -53 -51 0
-38 -42 -45 -44 -53 -52 0
-38 -42 -45 -44 -54 -51 0
-38 -42 -45 -44 -54 -52 0
-38 -42 -45 -44 -51 -52 0
-38 -42 -45 -53 -54 -51 0
-38 -42 -45 -53 -54 -52 0
-38 -42 -45 -53 -51 -52 0
-38 -42 -45 -54 -51 -52 0
-38 -42 -46 -47 -48 -49 0
-38 -42 -46 -47 -48 -50 0
-38 -42 -46 -47 -48 -43 0
-38 -42 -46 -47 -48 -44 0
-38 -42 -46 -47 -48 -53 0
-38 -42 -46 -47 -48 -54 0
-38 -42 -46 -47 -48 -51 0
-38 -42 -46 -47 -48 -52 0
-38 -42 -46 -47 -49 -50 0
-38 -42 -46 -47 -49 -43 0
-38 -42 -46 -47 -49 -44 0
-38 -42 -46 -47 -49 -53 0
-38 -42 -46 -47 -49 -54 0
-38 -42 -46 -47 -49 -51 0
-38 -42 -46 -47 -49 -52 0
-38 -42 -46 -47 -50 -43 0
-38 -42 -46 -47 -50 -44 0
-38 -42 -46 -47 -50 -53 0
-38 -42 -46 -47 -50 -54 0
-38 -42 -46 -47 -50 -51 0
-38 -42 -46 -47 -50 -52 0
-38 -42 -46 -47 -43 -44 0
-38 -42 -46 -47 -43 -53 0
-38 -42 -46 -47 -43 -54 0
-38 -42 -46 -47 -43 -51 0
-38 -42 -46 -47 -43 -52 0
-38 -42 -46 -47 -44 -53 0
-38 -42 -46 -47 -44 -54 0
-38 -42 -46 -47 -44 -51 0
-38 -42 -46 -47 -44 -52 0
-38 -42 -46 -47 -53 -54 0
-38 -42 -46 -47 -53 -51 0
-38 -42 -46 -47 -53 -52 0
-38 -42 -46 -47 -54 -51 0
-38 -42 -46 -47 -54 -52 0
-38 -42 -46 -47 -51 -52 0
-38 -42 -46 -48 -49 -50 0
-38 -42 -46 -48 -49 -43 0
-38 -42 -46 -48 -49 -44 0
-38 -42 -46 -48 -49 -53 0
-38 -42 -46 -48 -49 -54 0
-38 -42 -46 -48 -49 -51 0
-38 -42 -46 -48 -49 -52 0
-38 -42 -46 -48 -50 -43 0
-38 -42 -46 -48 -50 -44 0
-38 -42 -46 -48 -50 -53 0
-38 -42 -46 -48 -50 -54 0
-38 -42 -46 -48 -50 -51 0
-38 -42 -46 -48 -50 -52 0
-38 -42 -46 -48 -43 -44 0
-38 -42 -46 -48 -43 -53 0
-38 -42 -46 -48 -43 -54 0
-38 -42 -46 -48 -43 -51 0
-38 -42 -46 -48 -43 -52 0
-38 -42 -46 -48 -44 -53 0
-38 -42 -46 -48 -44 -54 0
-38 -42 -46 -48 -44 -51 0
-38 -42 -46 -48 -44 -52 0
-38 -42 -46 -48 -53 -54 0
-38 -42 -46 -48 -53 -51 0
-38 -42 -46 -48 -53 -52 0
-38 -42 -46 -48 -54 -51 0
-38 -42 -46 -48 -54 -52 0
-38 -42 -46 -48 -51 -52 0
-38 -42 -46 -49 -50 -43 0
-38 -42 -46 -49 -50 -44 0
-38 -42 -46 -49 -50 -53 0
-38 -42 -46 -49 -50 -54 0
-38 -42 -46 -49 -50 -51 0
-38 -42 -46 -49 -50 -52 0
-38 -42 -46 -49 -43 -44 0
-38 -42 -46 -49 -43 -53 0
-38 -42 -46 -49 -43 -54 0
-38 -42 -46 -49 -43 -51 0
-38 -42 -46 -49 -43 -52 0
-38 -42 -46 -49 -44 -53 0
-38 -42 -46 -49 -44 -54 0
-38 -42 -46 -49 -44 -51 0
-38 -42 -46 -49 -44 -52 0
-38 -42 -46 -49 -53 -54 0
-38 -42 -46 -49 -53 -51 0
-38 -42 -46 -49 -53 -52 0
-38 -42 -46 -49 -54 -51 0
-38 -42 -46 -49 -54 -52 0
-38 -42 -46 -49 -51 -52 0
-38 -42 -46 -50 -43 -44 0
-38 -42 -46 -50 -43 -53 0
-38 -42 -46 -50 -43 -54 0
-38 -42 -46 -50 -43 -51 0
-38 -42 -46 -50 -43 -52 0
-38 -42 -46 -50 -44 -53 0
-38 -42 -46 -50 -44 -54 0
-38 -42 -46 -50 -44 -51 0
-38 -42 -46 -50 -44 -52 0
-38 -42 -46 -50 -53 -54 0
-38 -42 -46 -50 -53 -51 0
-38 -42 -46 -50 -53 -52 0
-38 -42 -46 -50 -54 -51 0
-38 -42 -46 -50 -54 -52 0
-38 -42 -46 -50 -51 -52 0
-38 -42 -46 -43 -44 -53 0
-38 -42 -46 -43 -44 -54 0
-38 -42 -46 -43 -44 -51 0
-38 -42 -46 -43 -44 -52 0
-38 -42 -46 -43 -53 -54 0
-38 -42 -46 -43 -53 -51 0
-38 -42 -46 -43 -53 -52 0
-38 -42 -46 -43 -54 -51 0
-38 -42 -46 -43 -54 -52 0
-38 -42 -46 -43 -51 -52 0
-38 -42 -46 -44 -53 -54 0
-38 -42 -46 -44 -53 -51 0
-38 -42 -46 -44 -53 -52 0
-38 -42 -46 -44 -54 -51 0
-38 -42 -46 -44 -54 -52 0
-38 -42 -46 -44 -51 -52 0
-38 -42 -46 -53 -54 -51 0
-38 -42 -46 -53 -54 -52 0
-38 -42 -46 -53 -51 -52 0
-38 -42 -46 -54 -51 -52 0
-38 -42 -47 -48 -49 -50 0
-38 -42 -47 -48 -49 -43 0
-38 -42 -47 -48 -49 -44 0
-38 -42 -47 -48 -49 -53 0
-38 -42 -47 -48 -49 -54 0
-38 -42 -47 -48 -49 -51 0
-38 -42 -47 -48 -49 -52 0
-38 -42 -47 -48 -50 -43 0
-38 -42 -47 -48 -50 -44 0
-38 -42 -47 -48 -50 -53 0
-38 -42 -47 -48 -50 -54 0
-38 -42 -47 -48 -50 -51 0
-38 -42 -47 -48 -50 -52 0
-38 -42 -47 -48 -43 -44 0
-38 -42 -47 -48 -43 -53 0
-38 -42 -47 -48 -43 -54 0
-38 -42 -47 -48 -43 -51 0
-38 -42 -47 -48 -43 -52 0
-38 -42 -47 -48 -44 -53 0
-38 -42 -47 -48 -44 -54 0
-38 -42 -47 -48 -44 -51 0
-38 -42 -47 -48 -44 -52 0
-38 -42 -47 -48 -53 -54 0
-38 -42 -47 -48 -53 -51 0
-38 -42 -47 -48 -53 -52 0
-38 -42 -47 -48 -54 -51 0
-38 -42 -47 -48 -54 -52 0
-38 -42 -47 -48 -51 -52 0
-38 -42 -47 -49 -50 -43 0
-38 -42 -47 -49 -50 -44 0
-38 -42 -47 -49 -50 -53 0
-38 -42 -47 -49 -50 -54 0
-38 -42 -47 -49 -50 -51 0
-38 -42 -47 -49 -50 -52 0
-38 -42 -47 -49 -43 -44 0
-38 -42 -47 -49 -43 -53 0
-38 -42 -47 -49 -43 -54 0
-38 -42 -47 -49 -43 -51 0
-38 -42 -47 -49 -43 -52 0
-38 -42 -47 -49 -44 -53 0
-38 -42 -47 -49 -44 -54 0
-38 -42 -47 -49 -44 -51 0
-38 -42 -47 -49 -44 -52 0
-38 -42 -47 -49 -53 -54 0
-38 -42 -47 -49 -53 -51 0
-38 -42 -47 -49 -53 -52 0
-38 -42 -47 -49 -54 -51 0
-38 -42 -47 -49 -54 -52 0
-38 -42 -47 -49 -51 -52 0
-38 -42 -47 -50 -43 -44 0
-38 -42 -47 -50 -43 -53 0
-38 -42 -47 -50 -43 -54 0
-38 -42 -47 -50 -43 -51 0
-38 -42 -47 -50 -43 -52 0
-38 -42 -47 -50 -44 -53 0
-38 -42 -47 -50 -44 -54 0
-38 -42 -47 -50 -44 -51 0
-38 -42 -47 -50 -44 -52 0
-38 -42 -47 -50 -53 -54 0
-38 -42 -47 -50 -53 -51 0
-38 -42 -47 -50 -53 -52 0
-38 -42 -47 -50 -54 -51 0
-38 -42 -47 -50 -54 -52 0
-38 -42 -47 -50 -51 -52 0
-38 -42 -47 -43 -44 -53 0
-38 -42 -47 -43 -44 -54 0
-38 -42 -47 -43 -44 -51 0
-38 -42 -47 -43 -44 -52 0
-38 -42 -47 -43 -53 -54 0
-38 -42 -47 -43 -53 -51 0
-38 -42 -47 -43 -53 -52 0
-38 -42 -47 -43 -54 -51 0
-38 -42 -47 -43 -54 -52 0
-38 -42 -47 -43 -51 -52 0
-38 -42 -47 -44 -53 -54 0
-38 -42 -47 -44 -53 -51 0
-38 -42 -47 -44 -53 -52 0
-38 -42 -47 -44 -54 -51 0
-38 -42 -47 -44 -54 -52 0
-38 -42 -47 -44 -51 -52 0
-38 -42 -47 -53 -54 -51 0
-38 -42 -47 -53 -54 -52 0
-38 -42 -47 -53 -51 -52 0
-38 -42 -47 -54 -51 -52 0
-38 -42 -48 -49 -50 -43 0
-38 -42 -48 -49 -50 -44 0
-38 -42 -48 -49 -50 -53 0
-38 -42 -48 -49 -50 -54 0
-38 -42 -48 -49 -50 -51 0
-38 -42 -48 -49 -50 -52 0
-38 -42 -48 -49 -43 -44 0
-38 -42 -48 -49 -43 -53 0
-38 -42 -48 -49 -43 -54 0
-38 -42 -48 -49 -43 -51 0
-38 -42 -48 -49 -43 -52 0
-38 -42 -48 -49 -44 -53 0
-38 -42 -48 -49 -44 -54 0
-38 -42 -48 -49 -44 -51 0
-38 -42 -48 -49 -44 -52 0
-38 -42 -48 -49 -53 -54 0
-38 -42 -48 -49 -53 -51 0
-38 -42 -48 -49 -53 -52 0
-38 -42 -48 -49 -54 -51 0
-38 -42 -48 -49 -54 -52 0
-38 -42 -48 -49 -51 -52 0
-38 -42 -48 -50 -43 -44 0
-38 -42 -48 -50 -43 -53 0
-38 -42 -48 -50 -43 -54 0
-38 -42 -48 -50 -43 -51 0
-38 -42 -48 -50 -43 -52 0
-38 -42 -48 -50 -44 -53 0
-38 -42 -48 -50 -44 -54 0
-38 -42 -48 -50 -44 -51 0
-38 -42 -48 -50 -44 -52 0
-38 -42 -48 -50 -53 -54 0
-38 -42 -48 -50 -53 -51 0
-38 -42 -48 -50 -53 -52 0
-38 -42 -48 -50 -54 -51 0
-38 -42 -48 -50 -54 -52 0
-38 -42 -48 -50 -51 -52 0
-38 -42 -48 -43 -44 -53 0
-38 -42 -48 -43 -44 -54 0
-38 -42 -48 -43 -44 -51 0
-38 -42 -48 -43 -44 -52 0
-38 -42 -48 -43 -53 -54 0
-38 -42 -48 -43 -53 -51 0
-38 -42 -48 -43 -53 -52 0
-38 -42 -48 -43 -54 -51 0
-38 -42 -48 -43 -54 -52 0
-38 -42 -48 -43 -51 -52 0
-38 -42 -48 -44 -53 -54 0
-38 -42 -48 -44 -53 -51 0
-38 -42 -48 -44 -53 -52 0
-38 -42 -48 -44 -54 -51 0
-38 -42 -48 -44 -54 -52 0
-38 -42 -48 -44 -51 -52 0
-38 -42 -48 -53 -54 -51 0
-38 -42 -48 -53 -54 -52 0
-38 -42 -48 -53 -51 -52 0
-38 -42 -48 -54 -51 -52 0
-38 -42 -49 -50 -43 -44 0
-38 -42 -49 -50 -43 -53 0
-38 -42 -49 -50 -43 -54 0
-38 -42 -49 -50 -43 -51 0
-38 -42 -49 -50 -43 -52 0
-38 -42 -49 -50 -44 -53 0
-38 -42 -49 -50 -44 -54 0
-38 -42 -49 -50 -44 -51 0
-38 -42 -49 -50 -44 -52 0
-38 -42 -49 -50 -53 -54 0
-38 -42 -49 -50 -53 -51 0
-38 -42 -49 -50 -53 -52 0
-38 -42 -49 -50 -54 -51 0
-38 -42 -49 -50 -54 -52 0
-38 -42 -49 -50 -51 -52 0
-38 -42 -49 -43 -44 -53 0
-38 -42 -49 -43 -44 -54 0
-38 -42 -49 -43 -44 -51 0
-38 -42 -49 -43 -44 -52 0
-38 -42 -49 -43 -53 -54 0
-38 -42 -49 -43 -53 -51 0
-38 -42 -49 -43 -53 -52 0
-38 -42 -49 -43 -54 -51 0
-38 -42 -49 -43 -54 -52 0
-38 -42 -49 -43 -51 -52 0
-38 -42 -49 -44 -53 -54 0
-38 -42 -49 -44 -53 -51 0
-38 -42 -49 -44 -53 -52 0
-38 -42 -49 -44 -54 -51 0
-38 -42 -49 -44 -54 -52 0
-38 -42 -49 -44 -51 -52 0
-38 -42 -49 -53 -54 -51 0
-38 -42 -49 -53 -54 -52 0
-38 -42 -49 -53 -51 -52 0
-38 -42 -49 -54 -51 -52 0
-38 -42 -50 -43 -44 -53 0
-38 -42 -50 -43 -44 -54 0
-38 -42 -50 -43 -44 -51 0
-38 -42 -50 -43 -44 -52 0
-38 -42 -50 -43 -53 -54 0
-38 -42 -50 -43 -53 -51 0
-38 -42 -50 -43 -53 -52 0
-38 -42 -50 -43 -54 -51 0
-38 -42 -50 -43 -54 -52 0
-38 -42 -50 -43 -51 -52 0
-38 -42 -50 -44 -53 -54 0
-38 -42 -50 -44 -53 -51 0
-38 -42 -50 -44 -53 -52 0
-38 -42 -50 -44 -54 -51 0
-38 -42 -50 -44 -54 -52 0
-38 -42 -50 -44 -51 -52 0
-38 -42 -50 -53 -54 -51 0
-38 -42 -50 -53 -54 -52 0
-38 -42 -50 -53 -51 -52 0
-38 -42 -50 -54 -51 -52 0
-38 -42 -43 -44 -53 -54 0
-38 -42 -43 -44 -53 -51 0
-38 -42 -43 -44 -53 -52 0
-38 -42 -43 -44 -54 -51 0
-38 -42 -43 -44 -54 -52 0
-38 -42 -43 -44 -51 -52 0
-38 -42 -43 -53 -54 -51 0
-38 -42 -43 -53 -54 -52 0
-38 -42 -43 -53 -51 -52 0
-38 -42 -43 -54 -51 -52 0
-38 -42 -44 -53 -54 -51 0
-38 -42 -44 -53 -54 -52 0
-38 -42 -44 -53 -51 -52 0
-38 -42 -44 -54 -51 -52 0
-38 -42 -53 -54 -51 -52 0
-38 -45 -46 -47 -48 -49 0
-38 -45 -46 -47 -48 -50 0
-38 -45 -46 -47 -48 -43 0
-38 -45 -46 -47 -48 -44 0
-38 -45 -46 -47 -48 -53 0
-38 -45 -46 -47 -48 -54 0
-38 -45 -46 -47 -48 -51 0
-38 -45 -46 -47 -48 -52 0
-38 -45 -46 -47 -49 -50 0
-38 -45 -46 -47 -49 -43 0
-38 -45 -46 -47 -49 -44 0
-38 -45 -46 -47 -49 -53 0
-38 -45 -46 -47 -49 -54 0
-38 -45 -46 -47 -49 -51 0
-38 -45 -46 -47 -49 -52 0
-38 -45 -46 -47 -50 -43 0
-38 -45 -46 -47 -50 -44 0
-38 -45 -46 -47 -50 -53 0
-38 -45 -46 -47 -50 -54 0
-38 -45 -46 -47 -50 -51 0
-38 -45 -46 -47 -50 -52 0
-38 -45 -46 -47 -43 -44 0
-38 -45 -46 -47 -43 -53 0
-38 -45 -46 -47 -43 -54 0
-38 -45 -46 -47 -43 -51 0
-38 -45 -46 -47 -43 -52 0
-38 -45 -46 -47 -44 -53 0
-38 -45 -46 -47 -44 -54 0
-38 -45 -46 -47 -44 -51 0
-38 -45 -46 -47 -44 -52 0
-38 -45 -46 -47 -53 -54 0
-38 -45 -46 -47 -53 -51 0
-38 -45 -46 -47 -53 -52 0
-38 -45 -46 -47 -54 -51 0
-38 -45 -46 -47 -54 -52 0
-38 -45 -46 -47 -51 -52 0
-38 -45 -46 -48 -49 -50 0
-38 -45 -46 -48 -49 -43 0
-38 -45 -46 -48 -49 -44 0
-38 -45 -46 -48 -49 -53 0
-38 -45 -46 -48 -49 -54 0
-38 -45 -46 -48 -49 -51 0
-38 -45 -46 -48 -49 -52 0
-38 -45 -46 -48 -50 -43 0
-38 -45 -46 -48 -50 -44 0
-38 -45 -46 -48 -50 -53 0
-38 -45 -46 -48 -50 -54 0
-38 -45 -46 -48 -50 -51 0
-38 -45 -46 -48 -50 -52 0
-38 -45 -46 -48 -43 -44 0
-38 -45 -46 -48 -43 -53 0
-38 -45 -46 -48 -43 -54 0
-38 -45 -46 -48 -43 -51 0
-38 -45 -46 -48 -43 -52 0
-38 -45 -46 -48 -44 -53 0
-38 -45 -46 -48 -44 -54 0
-38 -45 -46 -48 -44 -51 0
-38 -45 -46 -48 -44 -52 0
-38 -45 -46 -48 -53 -54 0
-38 -45 -46 -48 -53 -51 0
-38 -45 -46 -48 -53 -52 0
-38 -45 -46 -48 -54 -51 0
-38 -45 -46 -48 -54 -52 0
-38 -45 -46 -48 -51 -52 0
-38 -45 -46 -49 -50 -43 0
-38 -45 -46 -49 -50 -44 0
-38 -45 -46 -49 -50 -53 0
-38 -45 -46 -49 -50 -54 0
-38 -45 -46 -49 -50 -51 0
-38 -45 -46 -49 -50 -52 0
-38 -45 -46 -49 -43 -44 0
-38 -45 -46 -49 -43 -53 0
-38 -45 -46 -49 -43 -54 0
-38 -45 -46 -49 -43 -51 0
-38 -45 -46 -49 -43 -52 0
-38 -45 -46 -49 -44 -53 0
-38 -45 -46 -49 -44 -54 0
-38 -45 -46 -49 -44 -51 0
-38 -45 -46 -49 -44 -52 0
-38 -45 -46 -49 -53 -54 0
-38 -45 -46 -49 -53 -51 0
-38 -45 -46 -49 -53 -52 0
-38 -45 -46 -49 -54 -51 0
-38 -45 -46 -49 -54 -52 0
-38 -45 -46 -49 -51 -52 0
-38 -45 -46 -50 -43 -44 0
-38 -45 -46 -50 -43 -53 0
-38 -45 -46 -50 -43 -54 0
-38 -45 -46 -50 -43 -51 0
-38 -45 -46 -50 -43 -52 0
-38 -45 -46 -50 -44 -53 0
-38 -45 -46 -50 -44 -54 0
-38 -45 -46 -50 -44 -51 0
-38 -45 -46 -50 -44 -52 0
-38 -45 -46 -50 -53 -54 0
-38 -45 -46 -50 -53 -51 0
-38 -45 -46 -50 -53 -52 0
-38 -45 -46 -50 -54 -51 0
-38 -45 -46 -50 -54 -52 0
-38 -45 -46 -50 -51 -52 0
-38 -45 -46 -43 -44 -53 0
-38 -45 -46 -43 -44 -54 0
-38 -45 -46 -43 -44 -51 0
-38 -45 -46 -43 -44 -52 0
-38 -45 -46 -43 -53 -54 0
-38 -45 -46 -43 -53 -51 0
-38 -45 -46 -43 -53 -52 0
-38 -45 -46 -43 -54 -51 0
-38 -45 -46 -43 -54 -52 0
-38 -45 -46 -43 -51 -52 0
-38 -45 -46 -44 -53 -54 0
-38 -45 -46 -44 -53 -51 0
-38 -45 -46 -44 -53 -52 0
-38 -45 -46 -44 -54 -51 0
-38 -45 -46 -44 -54 -52 0
-38 -45 -46 -44 -51 -52 0
-38 -45 -46 -53 -54 -51 0
-38 -45 -46 -53 -54 -52 0
-38 -45 -46 -53 -51 -52 0
-38 -45 -46 -54 -51 -52 0
-38 -45 -47 -48 -49 -50 0
-38 -45 -47 -48 -49 -43 0
-38 -45 -47 -48 -49 -44 0
-38 -45 -47 -48 -49 -53 0
-38 -45 -47 -48 -49 -54 0
-38 -45 -47 -48 -49 -51 0
-38 -45 -47 -48 -49 -52 0
-38 -45 -47 -48 -50 -43 0
-38 -45 -47 -48 -50 -44 0
-38 -45 -47 -48 -50 -53 0
-38 -45 -47 -48 -50 -54 0
-38 -45 -47 -48 -50 -51 0
-38 -45 -47 -48 -50 -52 0
-38 -45 -47 -48 -43 -44 0
-38 -45 -47 -48 -43 -53 0
-38 -45 -47 -48 -43 -54 0
-38 -45 -47 -48 -43 -51 0
-38 -45 -47 -48 -43 -52 0
-38 -45 -47 -48 -44 -53 0
-38 -45 -47 -48 -44 -54 0
-38 -45 -47 -48 -44 -51 0
-38 -45 -47 -48 -44 -52 0
-38 -45 -47 -48 -53 -54 0
-38 -45 -47 -48 -53 -51 0
-38 -45 -47 -48 -53 -52 0
-38 -45 -47 -48 -54 -51 0
-38 -45 -47 -48 -54 -52 0
-38 -45 -47 -48 -51 -52 0
-38 -45 -47 -49 -50 -43 0
-38 -45 -47 -49 -50 -44 0
-38 -45 -47 -49 -50 -53 0
-38 -45 -47 -49 -50 -54 0
-38 -45 -47 -49 -50 -51 0
-38 -45 -47 -49 -50 -52 0
-38 -45 -47 -49 -43 -44 0
-38 -45 -47 -49 -43 -53 0
-38 -45 -47 -49 -43 -54 0
-38 -45 -47 -49 -43 -51 0
-38 -45 -47 -49 -43 -52 0
-38 -45 -47 -49 -44 -53 0
-38 -45 -47 -49 -44 -54 0
-38 -45 -47 -49 -44 -51 0
-38 -45 -47 -49 -44 -52 0
-38 -45 -47 -49 -53 -54 0
-38 -45 -47 -49 -53 -51 0
-38 -45 -47 -49 -53 -52 0
-38 -45 -47 -49 -54 -51 0
-38 -45 -47 -49 -54 -52 0
-38 -45 -47 -49 -51 -52 0
-38 -45 -47 -50 -43 -44 0
-38 -45 -47 -50 -43 -53 0
-38 -45 -47 -50 -43 -54 0
-38 -45 -47 -50 -43 -51 0
-38 -45 -47 -50 -43 -52 0
-38 -45 -47 -50 -44 -53 0
-38 -45 -47 -50 -44 -54 0
-38 -45 -47 -50 -44 -51 0
-38 -45 -47 -50 -44 -52 0
-38 -45 -47 -50 -53 -54 0
-38 -45 -47 -50 -53 -51 0
-38 -45 -47 -50 -53 -52 0
-38 -45 -47 -50 -54 -51 0
-38 -45 -47 -50 -54 -52 0
-38 -45 -47 -50 -51 -52 0
-38 -45 -47 -43 -44 -53 0
-38 -45 -47 -43 -44 -54 0
-38 -45 -47 -43 -44 -51 0
-38 -45 -47 -43 -44 -52 0
-38 -45 -47 -43 -53 -54 0
-38 -45 -47 -43 -53 -51 0
-38 -45 -47 -43 -53 -52 0
-38 -45 -47 -43 -54 -51 0
-38 -45 -47 -43 -54 -52 0
-38 -45 -47 -43 -51 -52 0
-38 -45 -47 -44 -53 -54 0
-38 -45 -47 -44 -53 -51 0
-38 -45 -47 -44 -53 -52 0
-38 -45 -47 -44 -54 -51 0
-38 -45 -47 -44 -54 -52 0
-38 -45 -47 -44 -51 -52 0
-38 -45 -47 -53 -54 -51 0
-38 -45 -47 -53 -54 -52 0
-38 -45 -47 -53 -51 -52 0
-38 -45 -47 -54 -51 -52 0
-38 -45 -48 -49 -50 -43 0
-38 -45 -48 -49 -50 -44 0
-38 -45 -48 -49 -50 -53 0
-38 -45 -48 -49 -50 -54 0
-38 -45 -48 -49 -50 -51 0
-38 -45 -48 -49 -50 -52 0
-38 -45 -48 -49 -43 -44 0
-38 -45 -48 -49 -43 -53 0
-38 -45 -48 -49 -43 -54 0
-38 -45 -48 -49 -43 -51 0
-38 -45 -48 -49 -43 -52 0
-38 -45 -48 -49 -44 -53 0
-38 -45 -48 -49 -44 -54 0
-38 -45 -48 -49 -44 -51 0
-38 -45 -48 -49 -44 -52 0
-38 -45 -48 -49 -53 -54 0
-38 -45 -48 -49 -53 -51 0
-38 -45 -48 -49 -53 -52 0
-38 -45 -48 -49 -54 -51 0
-38 -45 -48 -49 -54 -52 0
-38 -45 -48 -49 -51 -52 0
-38 -45 -48 -50 -43 -44 0
-38 -45 -48 -50 -43 -53 0
-38 -45 -48 -50 -43 -54 0
-38 -45 -48 -50 -43 -51 0
-38 -45 -48 -50 -43 -52 0
-38 -45 -48 -50 -44 -53 0
-38 -45 -48 -50 -44 -54 0
-38 -45 -48 -50 -44 -51 0
-38 -45 -48 -50 -44 -52 0
-38 -45 -48 -50 -53 -54 0
-38 -45 -48 -50 -53 -51 0
-38 -45 -48 -50 -53 -52 0
-38 -45 -48 -50 -54 -51 0
-38 -45 -48 -50 -54 -52 0
-38 -45 -48 -50 -51 -52 0
-38 -45 -48 -43 -44 -53 0
-38 -45 -48 -43 -44 -54 0
-38 -45 -48 -43 -44 -51 0
-38 -45 -48 -43 -44 -52 0
-38 -45 -48 -43 -53 -54 0
-38 -45 -48 -43 -53 -51 0
-38 -45 -48 -43 -53 -52 0
-38 -45 -48 -43 -54 -51 0
-38 -45 -48 -43 -54 -52 0
-38 -45 -48 -43 -51 -52 0
-38 -45 -48 -44 -53 -54 0
-38 -45 -48 -44 -53 -51 0
-38 -45 -48 -44 -53 -52 0
-38 -45 -48 -44 -54 -51 0
-38 -45 -48 -44 -54 -52 0
-38 -45 -48 -44 -51 -52 0
-38 -45 -48 -53 -54 -51 0
-38 -45 -48 -53 -54 -52 0
-38 -45 -48 -53 -51 -52 0
-38 -45 -48 -54 -51 -52 0
-38 -45 -49 -50 -43 -44 0
-38 -45 -49 -50 -43 -53 0
-38 -45 -49 -50 -43 -54 0
-38 -45 -49 -50 -43 -51 0
-38 -45 -49 -50 -43 -52 0
-38 -45 -49 -50 -44 -53 0
-38 -45 -49 -50 -44 -54 0
-38 -45 -49 -50 -44 -51 0
-38 -45 -49 -50 -44 -52 0
-38 -45 -49 -50 -53 -54 0
-38 -45 -49 -50 -53 -51 0
-38 -45 -49 -50 -53 -52 0
-38 -45 -49 -50 -54 -51 0
-38 -45 -49 -50 -54 -52 0
-38 -45 -49 -50 -51 -52 0
-38 -45 -49 -43 -44 -53 0
-38 -45 -49 -43 -44 -54 0
-38 -45 -49 -43 -44 -51 0
-38 -45 -49 -43 -44 -52 0
-38 -45 -49 -43 -53 -54 0
-38 -45 -49 -43 -53 -51 0
-38 -45 -49 -43 -53 -52 0
-38 -45 -49 -43 -54 -51 0
-38 -45 -49 -43 -54 -52 0
-38 -45 -49 -43 -51 -52 0
-38 -45 -49 -44 -53 -54 0
-38 -45 -49 -44 -53 -51 0
-38 -45 -49 -44 -53 -52 0
-38 -45 -49 -44 -54 -51 0
-38 -45 -49 -44 -54 -52 0
-38 -45 -49 -44 -51 -52 0
-38 -45 -49 -53 -54 -51 0
-38 -45 -49 -53 -54 -52 0
-38 -45 -49 -53 -51 -52 0
-38 -45 -49 -54 -51 -52 0
-38 -45 -50 -43 -44 -53 0
-38 -45 -50 -43 -44 -54 0
-38 -45 -50 -43 -44 -51 0
-38 -45 -50 -43 -44 -52 0
-38 -45 -50 -43 -53 -54 0
-38 -45 -50 -43 -53 -51 0
-38 -45 -50 -43 -53 -52 0
-38 -45 -50 -43 -54 -51 0
-38 -45 -50 -43 -54 -52 0
-38 -45 -50 -43 -51 -52 0
-38 -45 -50 -44 -53 -54 0
-38 -45 -50 -44 -53 -51 0
-38 -45 -50 -44 -53 -52 0
-38 -45 -50 -44 -54 -51 0
-38 -45 -50 -44 -54 -52 0
-38 -45 -50 -44 -51 -52 0
-38 -45 -50 -53 -54 -51 0
-38 -45 -50 -53 -54 -52 0
-38 -45 -50 -53 -51 -52 0
-38 -45 -50 -54 -51 -52 0
-38 -45 -43 -44 -53 -54 0
-38 -45 -43 -44 -53 -51 0
-38 -45 -43 -44 -53 -52 0
-38 -45 -43 -44 -54 -51 0
-38 -45 -43 -44 -54 -52 0
-38 -45 -43 -44 -51 -52 0
-38 -45 -43 -53 -54 -51 0
-38 -45 -43 -53 -54 -52 0
-38 -45 -43 -53 -51 -52 0
-38 -45 -43 -54 -51 -52 0
-38 -45 -44 -53 -54 -51 0
-38 -45 -44 -53 -54 -52 0
-38 -45 -44 -53 -51 -52 0
-38 -45 -44 -54 -51 -52 0
-38 -45 -53 -54 -51 -52 0
-38 -46 -47 -48 -49 -50 0
-38 -46 -47 -48 -49 -43 0
-38 -46 -47 -48 -49 -44 0
-38 -46 -47 -48 -49 -53 0
-38 -46 -47 -48 -49 -54 0
-38 -46 -47 -48 -49 -51 0
-38 -46 -47 -48 -49 -52 0
-38 -46 -47 -48 -50 -43 0
-38 -46 -47 -48 -50 -44 0
-38 -46 -47 -48 -50 -53 0
-38 -46 -47 -48 -50 -54 0
-38 -46 -47 -48 -50 -51 0
-38 -46 -47 -48 -50 -52 0
-38 -46 -47 -48 -43 -44 0
-38 -46 -47 -48 -43 -53 0
-38 -46 -47 -48 -43 -54 0
-38 -46 -47 -48 -43 -51 0
-38 -46 -47 -48 -43 -52 0
-38 -46 -47 -48 -44 -53 0
-38 -46 -47 -48 -44 -54 0
-38 -46 -47 -48 -44 -51 0
-38 -46 -47 -48 -44 -52 0
-38 -46 -47 -48 -53 -54 0
-38 -46 -47 -48 -53 -51 0
-38 -46 -47 -48 -53 -52 0
-38 -46 -47 -48 -54 -51 0
-38 -46 -47 -48 -54 -52 0
-38 -46 -47 -48 -51 -52 0
-38 -46 -47 -49 -50 -43 0
-38 -46 -47 -49 -50 -44 0
-38 -46 -47 -49 -50 -53 0
-38 -46 -47 -49 -50 -54 0
-38 -46 -47 -49 -50 -51 0
-38 -46 -47 -49 -50 -52 0
-38 -46 -47 -49 -43 -44 0
-38 -46 -47 -49 -43 -53 0
-38 -46 -47 -49 -43 -54 0
-38 -46 -47 -49 -43 -51 0
-38 -46 -47 -49 -43 -52 0
-38 -46 -47 -49 -44 -53 0
-38 -46 -47 -49 -44 -54 0
-38 -46 -47 -49 -44 -51 0
-38 -46 -47 -49 -44 -52 0
-38 -46 -47 -49 -53 -54 0
-38 -46 -47 -49 -53 -51 0
-38 -46 -47 -49 -53 -52 0
-38 -46 -47 -49 -54 -51 0
-38 -46 -47 -49 -54 -52 0
-38 -46 -47 -49 -51 -52 0
-38 -46 -47 -50 -43 -44 0
-38 -46 -47 -50 -43 -53 0
-38 -46 -47 -50 -43 -54 0
-38 -46 -47 -50 -43 -51 0
-38 -46 -47 -50 -43 -52 0
-38 -46 -47 -50 -44 -53 0
-38 -46 -47 -50 -44 -54 0
-38 -46 -47 -50 -44 -51 0
-38 -46 -47 -50 -44 -52 0
-38 -46 -47 -50 -53 -54 0
-38 -46 -47 -50 -53 -51 0
-38 -46 -47 -50 -53 -52 0
-38 -46 -47 -50 -54 -51 0
-38 -46 -47 -50 -54 -52 0
-38 -46 -47 -50 -51 -52 0
-38 -46 -47 -43 -44 -53 0
-38 -46 -47 -43 -44 -54 0
-38 -46 -47 -43 -44 -51 0
-38 -46 -47 -43 -44 -52 0
-38 -46 -47 -43 -53 -54 0
-38 -46 -47 -43 -53 -51 0
-38 -46 -47 -43 -53 -52 0
-38 -46 -47 -43 -54 -51 0
-38 -46 -47 -43 -54 -52 0
-38 -46 -47 -43 -51 -52 0
-38 -46 -47 -44 -53 -54 0
-38 -46 -47 -44 -53 -51 0
-38 -46 -47 -44 -53 -52 0
-38 -46 -47 -44 -54 -51 0
-38 -46 -47 -44 -54 -52 0
-38 -46 -47 -44 -51 -52 0
-38 -46 -47 -53 -54 -51 0
-38 -46 -47 -53 -54 -52 0
-38 -46 -47 -53 -51 -52 0
-38 -46 -47 -54 -51 -52 0
-38 -46 -48 -49 -50 -43 0
-38 -46 -48 -49 -50 -44 0
-38 -46 -48 -49 -50 -53 0
-38 -46 -48 -49 -50 -54 0
-38 -46 -48 -49 -50 -51 0
-38 -46 -48 -49 -50 -52 0
-38 -46 -48 -49 -43 -44 0
-38 -46 -48 -49 -43 -53 0
-38 -46 -48 -49 -43 -54 0
-38 -46 -48 -49 -43 -51 0
-38 -46 -48 -49 -43 -52 0
-38 -46 -48 -49 -44 -53 0
-38 -46 -48 -49 -44 -54 0
-38 -46 -48 -49 -44 -51 0
-38 -46 -48 -49 -44 -52 0
-38 -46 -48 -49 -53 -54 0
-38 -46 -48 -49 -53 -51 0
-38 -46 -48 -49 -53 -52 0
-38 -46 -48 -49 -54 -51 0
-38 -46 -48 -49 -54 -52 0
-38 -46 -48 -49 -51 -52 0
-38 -46 -48 -50 -43 -44 0
-38 -46 -48 -50 -43 -53 0
-38 -46 -48 -50 -43 -54 0
-38 -46 -48 -50 -43 -51 0
-38 -46 -48 -50 -43 -52 0
-38 -46 -48 -50 -44 -53 0
-38 -46 -48 -50 -44 -54 0
-38 -46 -48 -50 -44 -51 0
-38 -46 -48 -50 -44 -52 0
-38 -46 -48 -50 -53 -54 0
-38 -46 -48 -50 -53 -51 0
-38 -46 -48 -50 -53 -52 0
-38 -46 -48 -50 -54 -51 0
-38 -46 -48 -50 -54 -52 0
-38 -46 -48 -50 -51 -52 0
-38 -46 -48 -43 -44 -53 0
-38 -46 -48 -43 -44 -54 0
-38 -46 -48 -43 -44 -51 0
-38 -46 -48 -43 -44 -52 0
-38 -46 -48 -43 -53 -54 0
-38 -46 -48 -43 -53 -51 0
-38 -46 -48 -43 -53 -52 0
-38 -46 -48 -43 -54 -51 0
-38 -46 -48 -43 -54 -52 0
-38 -46 -48 -43 -51 -52 0
-38 -46 -48 -44 -53 -54 0
-38 -46 -48 -44 -53 -51 0
-38 -46 -48 -44 -53 -52 0
-38 -46 -48 -44 -54 -51 0
-38 -46 -48 -44 -54 -52 0
-38 -46 -48 -44 -51 -52 0
-38 -46 -48 -53 -54 -51 0
-38 -46 -48 -53 -54 -52 0
-38 -46 -48 -53 -51 -52 0
-38 -46 -48 -54 -51 -52 0
-38 -46 -49 -50 -43 -44 0
-38 -46 -49 -50 -43 -53 0
-38 -46 -49 -50 -43 -54 0
-38 -46 -49 -50 -43 -51 0
-38 -46 -49 -50 -43 -52 0
-38 -46 -49 -50 -44 -53 0
-38 -46 -49 -50 -44 -54 0
-38 -46 -49 -50 -44 -51 0
-38 -46 -49 -50 -44 -52 0
-38 -46 -49 -50 -53 -54 0
-38 -46 -49 -50 -53 -51 0
-38 -46 -49 -50 -53 -52 0
-38 -46 -49 -50 -54 -51 0
-38 -46 -49 -50 -54 -52 0
-38 -46 -49 -50 -51 -52 0
-38 -46 -49 -43 -44 -53 0
-38 -46 -49 -43 -44 -54 0
-38 -46 -49 -43 -44 -51 0
-38 -46 -49 -43 -44 -52 0
-38 -46 -49 -43 -53 -54 0
-38 -46 -49 -43 -53 -51 0
-38 -46 -49 -43 -53 -52 0
-38 -46 -49 -43 -54 -51 0
-38 -46 -49 -43 -54 -52 0
-38 -46 -49 -43 -51 -52 0
-38 -46 -49 -44 -53 -54 0
-38 -46 -49 -44 -53 -51 0
-38 -46 -49 -44 -53 -52 0
-38 -46 -49 -44 -54 -51 0
-38 -46 -49 -44 -54 -52 0
-38 -46 -49 -44 -51 -52 0
-38 -46 -49 -53 -54 -51 0
-38 -46 -49 -53 -54 -52 0
-38 -46 -49 -53 -51 -52 0
-38 -46 -49 -54 -51 -52 0
-38 -46 -50 -43 -44 -53 0
-38 -46 -50 -43 -44 -54 0
-38 -46 -50 -43 -44 -51 0
-38 -46 -50 -43 -44 -52 0
-38 -46 -50 -43 -53 -54 0
-38 -46 -50 -43 -53 -51 0
-38 -46 -50 -43 -53 -52 0
-38 -46 -50 -43 -54 -51 0
-38 -46 -50 -43 -54 -52 0
-38 -46 -50 -43 -51 -52 0
-38 -46 -50 -44 -53 -54 0
-38 -46 -50 -44 -53 -51 0
-38 -46 -50 -44 -53 -52 0
-38 -46 -50 -44 -54 -51 0
-38 -46 -50 -44 -54 -52 0
-38 -46 -50 -44 -51 -52 0
-38 -46 -50 -53 -54 -51 0
-38 -46 -50 -53 -54 -52 0
-38 -46 -50 -53 -51 -52 0
-38 -46 -50 -54 -51 -52 0
-38 -46 -43 -44 -53 -54 0
-38 -46 -43 -44 -53 -51 0
-38 -46 -43 -44 -53 -52 0
-38 -46 -43 -44 -54 -51 0
-38 -46 -43 -44 -54 -52 0
-38 -46 -43 -44 -51 -52 0
-38 -46 -43 -53 -54 -51 0
-38 -46 -43 -53 -54 -52 0
-38 -46 -43 -53 -51 -52 0
-38 -46 -43 -54 -51 -52 0
-38 -46 -44 -53 -54 -51 0
-38 -46 -44 -53 -54 -52 0
-38 -46 -44 -53 -51 -52 0
-38 -46 -44 -54 -51 -52 0
-38 -46 -53 -54 -51 -52 0
-38 -47 -48 -49 -50 -43 0
-38 -47 -48 -49 -50 -44 0
-38 -47 -48 -49 -50 -53 0
-38 -47 -48 -49 -50 -54 0
-38 -47 -48 -49 -50 -51 0
-38 -47 -48 -49 -50 -52 0
-38 -47 -48 -49 -43 -44 0
-38 -47 -48 -49 -43 -53 0
-38 -47 -48 -49 -43 -54 0
-38 -47 -48 -49 -43 -51 0
-38 -47 -48 -49 -43 -52 0
-38 -47 -48 -49 -44 -53 0
-38 -47 -48 -49 -44 -54 0
-38 -47 -48 -49 -44 -51 0
-38 -47 -48 -49 -44 -52 0
-38 -47 -48 -49 -53 -54 0
-38 -47 -48 -49 -53 -51 0
-38 -47 -48 -49 -53 -52 0
-38 -47 -48 -49 -54 -51 0
-38 -47 -48 -49 -54 -52 0
-38 -47 -48 -49 -51 -52 0
-38 -47 -48 -50 -43 -44 0
-38 -47 -48 -50 -43 -53 0
-38 -47 -48 -50 -43 -54 0
-38 -47 -48 -50 -43 -51 0
-38 -47 -48 -50 -43 -52 0
-38 -47 -48 -50 -44 -53 0
-38 -47 -48 -50 -44 -54 0
-38 -47 -48 -50 -44 -51 0
-38 -47 -48 -50 -44 -52 0
-38 -47 -48 -50 -53 -54 0
-38 -47 -48 -50 -53 -51 0
-38 -47 -48 -50 -53 -52 0
-38 -47 -48 -50 -54 -51 0
-38 -47 -48 -50 -54 -52 0
-38 -47 -48 -50 -51 -52 0
-38 -47 -48 -43 -44 -53 0
-38 -47 -48 -43 -44 -54 0
-38 -47 -48 -43 -44 -51 0
-38 -47 -48 -43 -44 -52 0
-38 -47 -48 -43 -53 -54 0
-38 -47 -48 -43 -53 -51 0
-38 -47 -48 -43 -53 -52 0
-38 -47 -48 -43 -54 -51 0
-38 -47 -48 -43 -54 -52 0
-38 -47 -48 -43 -51 -52 0
-38 -47 -48 -44 -53 -54 0
-38 -47 -48 -44 -53 -51 0
-38 -47 -48 -44 -53 -52 0
-38 -47 -48 -44 -54 -51 0
-38 -47 -48 -44 -54 -52 0
-38 -47 -48 -44 -51 -52 0
-38 -47 -48 -53 -54 -51 0
-38 -47 -48 -53 -54 -52 0
-38 -47 -48 -53 -51 -52 0
-38 -47 -48 -54 -51 -52 0
-38 -47 -49 -50 -43 -44 0
-38 -47 -49 -50 -43 -53 0
-38 -47 -49 -50 -43 -54 0
-38 -47 -49 -50 -43 -51 0
-38 -47 -49 -50 -43 -52 0
-38 -47 -49 -50 -44 -53 0
-38 -47 -49 -50 -44 -54 0
-38 -47 -49 -50 -44 -51 0
-38 -47 -49 -50 -44 -52 0
-38 -47 -49 -50 -53 -54 0
-38 -47 -49 -50 -53 -51 0
-38 -47 -49 -50 -53 -52 0
-38 -47 -49 -50 -54 -51 0
-38 -47 -49 -50 -54 -52 0
-38 -47 -49 -50 -51 -52 0
-38 -47 -49 -43 -44 -53 0
-38 -47 -49 -43 -44 -54 0
-38 -47 -49 -43 -44 -51 0
-38 -47 -49 -43 -44 -52 0
-38 -47 -49 -43 -53 -54 0
-38 -47 -49 -43 -53 -51 0
-38 -47 -49 -43 -53 -52 0
-38 -47 -49 -43 -54 -51 0
-38 -47 -49 -43 -54 -52 0
-38 -47 -49 -43 -51 -52 0
-38 -47 -49 -44 -53 -54 0
-38 -47 -49 -44 -53 -51 0
-38 -47 -49 -44 -53 -52 0
-38 -47 -49 -44 -54 -51 0
-38 -47 -49 -44 -54 -52 0
-38 -47 -49 -44 -51 -52 0
-38 -47 -49 -53 -54 -51 0
-38 -47 -49 -53 -54 -52 0
-38 -47 -49 -53 -51 -52 0
-38 -47 -49 -54 -51 -52 0
-38 -47 -50 -43 -44 -53 0
-38 -47 -50 -43 -44 -54 0
-38 -47 -50 -43 -44 -51 0
-38 -47 -50 -43 -44 -52 0
-38 -47 -50 -43 -53 -54 0
-38 -47 -50 -43 -53 -51 0
-38 -47 -50 -43 -53 -52 0
-38 -47 -50 -43 -54 -51 0
-38 -47 -50 -43 -54 -52 0
-38 -47 -50 -43 -51 -52 0
-38 -47 -50 -44 -53 -54 0
-38 -47 -50 -44 -53 -51 0
-38 -47 -50 -44 -53 -52 0
-38 -47 -50 -44 -54 -51 0
-38 -47 -50 -44 -54 -52 0
-38 -47 -50 -44 -51 -52 0
-38 -47 -50 -53 -54 -51 0
-38 -47 -50 -53 -54 -52 0
-38 -47 -50 -53 -51 -52 0
-38 -47 -50 -54 -51 -52 0
-38 -47 -43 -44 -53 -54 0
-38 -47 -43 -44 -53 -51 0
-38 -47 -43 -44 -53 -52 0
-38 -47 -43 -44 -54 -51 0
-38 -47 -43 -44 -54 -52 0
-38 -47 -43 -44 -51 -52 0
-38 -47 -43 -53 -54 -51 0
-38 -47 -43 -53 -54 -52 0
-38 -47 -43 -53 -51 -52 0
-38 -47 -43 -54 -51 -52 0
-38 -47 -44 -53 -54 -51 0
-38 -47 -44 -53 -54 -52 0
-38 -47 -44 -53 -51 -52 0
-38 -47 -44 -54 -51 -52 0
-38 -47 -53 -54 -51 -52 0
-38 -48 -49 -50 -43 -44 0
-38 -48 -49 -50 -43 -53 0
-38 -48 -49 -50 -43 -54 0
-38 -48 -49 -50 -43 -51 0
-38 -48 -49 -50 -43 -52 0
-38 -48 -49 -50 -44 -53 0
-38 -48 -49 -50 -44 -54 0
-38 -48 -49 -50 -44 -51 0
-38 -48 -49 -50 -44 -52 0
-38 -48 -49 -50 -53 -54 0
-38 -48 -49 -50 -53 -51 0
-38 -48 -49 -50 -53 -52 0
-38 -48 -49 -50 -54 -51 0
-38 -48 -49 -50 -54 -52 0
-38 -48 -49 -50 -51 -52 0
-38 -48 -49 -43 -44 -53 0
-38 -48 -49 -43 -44 -54 0
-38 -48 -49 -43 -44 -51 0
-38 -48 -49 -43 -44 -52 0
-38 -48 -49 -43 -53 -54 0
-38 -48 -49 -43 -53 -51 0
-38 -48 -49 -43 -53 -52 0
-38 -48 -49 -43 -54 -51 0
-38 -48 -49 -43 -54 -52 0
-38 -48 -49 -43 -51 -52 0
-38 -48 -49 -44 -53 -54 0
-38 -48 -49 -44 -53 -51 0
-38 -48 -49 -44 -53 -52 0
-38 -48 -49 -44 -54 -51 0
-38 -48 -49 -44 -54 -52 0
-38 -48 -49 -44 -51 -52 0
-38 -48 -49 -53 -54 -51 0
-38 -48 -49 -53 -54 -52 0
-38 -48 -49 -53 -51 -52 0
-38 -48 -49 -54 -51 -52 0
-38 -48 -50 -43 -44 -53 0
-38 -48 -50 -43 -44 -54 0
-38 -48 -50 -43 -44 -51 0
-38 -48 -50 -43 -44 -52 0
-38 -48 -50 -43 -53 -54 0
-38 -48 -50 -43 -53 -51 0
-38 -48 -50 -43 -53 -52 0
-38 -48 -50 -43 -54 -51 0
-38 -48 -50 -43 -54 -52 0
-38 -48 -50 -43 -51 -52 0
-38 -48 -50 -44 -53 -54 0
-38 -48 -50 -44 -53 -51 0
-38 -48 -50 -44 -53 -52 0
-38 -48 -50 -44 -54 -51 0
-38 -48 -50 -44 -54 -52 0
-38 -48 -50 -44 -51 -52 0
-38 -48 -50 -53 -54 -51 0
-38 -48 -50 -53 -54 -52 0
-38 -48 -50 -53 -51 -52 0
-38 -48 -50 -54 -51 -52 0
-38 -48 -43 -44 -53 -54 0
-38 -48 -43 -44 -53 -51 0
-38 -48 -43 -44 -53 -52 0
-38 -48 -43 -44 -54 -51 0
-38 -48 -43 -44 -54 -52 0
-38 -48 -43 -44 -51 -52 0
-38 -48 -43 -53 -54 -51 0
-38 -48 -43 -53 -54 -52 0
-38 -48 -43 -53 -51 -52 0
-38 -48 -43 -54 -51 -52 0
-38 -48 -44 -53 -54 -51 0
-38 -48 -44 -53 -54 -52 0
-38 -48 -44 -53 -51 -52 0
-38 -48 -44 -54 -51 -52 0
-38 -48 -53 -54 -51 -52 0
-38 -49 -50 -43 -44 -53 0
-38 -49 -50 -43 -44 -54 0
-38 -49 -50 -43 -44 -51 0
-38 -49 -50 -43 -44 -52 0
-38 -49 -50 -43 -53 -54 0
-38 -49 -50 -43 -53 -51 0
-38 -49 -50 -43 -53 -52 0
-38 -49 -50 -43 -54 -51 0
-38 -49 -50 -43 -54 -52 0
-38 -49 -50 -43 -51 -52 0
-38 -49 -50 -44 -53 -54 0
-38 -49 -50 -44 -53 -51 0
-38 -49 -50 -44 -53 -52 0
-38 -49 -50 -44 -54 -51 0
-38 -49 -50 -44 -54 -52 0
-38 -49 -50 -44 -51 -52 0
-38 -49 -50 -53 -54 -51 0
-38 -49 -50 -53 -54 -52 0
-38 -49 -50 -53 -51 -52 0
-38 -49 -50 -54 -51 -52 0
-38 -49 -43 -44 -53 -54 0
-38 -49 -43 -44 -53 -51 0
-38 -49 -43 -44 -53 -52 0
-38 -49 -43 -44 -54 -51 0
-38 -49 -43 -44 -54 -52 0
-38 -49 -43 -44 -51 -52 0
-38 -49 -43 -53 -54 -51 0
-38 -49 -43 -53 -54 -52 0
-38 -49 -43 -53 -51 -52 0
-38 -49 -43 -54 -51 -52 0
-38 -49 -44 -53 -54 -51 0
-38 -49 -44 -53 -54 -52 0
-38 -49 -44 -53 -51 -52 0
-38 -49 -44 -54 -51 -52 0
-38 -49 -53 -54 -51 -52 0
-38 -50 -43 -44 -53 -54 0
-38 -50 -43 -44 -53 -51 0
-38 -50 -43 -44 -53 -52 0
-38 -50 -43 -44 -54 -51 0
-38 -50 -43 -44 -54 -52 0
-38 -50 -43 -44 -51 -52 0
-38 -50 -43 -53 -54 -51 0
-38 -50 -43 -53 -54 -52 0
-38 -50 -43 -53 -51 -52 0
-38 -50 -43 -54 -51 -52 0
-38 -50 -44 -53 -54 -51 0
-38 -50 -44 -53 -54 -52 0
-38 -50 -44 -53 -51 -52 0
-38 -50 -44 -54 -51 -52 0
-38 -50 -53 -54 -51 -52 0
-38 -43 -44 -53 -54 -51 0
-38 -43 -44 -53 -54 -52 0
-38 -43 -44 -53 -51 -52 0
-38 -43 -44 -54 -51 -52 0
-38 -43 -53 -54 -51 -52 0
-38 -44 -53 -54 -51 -52 0
-39 -40 -41 -42 -45 -46 0
-39 -40 -41 -42 -45 -47 0
-39 -40 -41 -42 -45 -48 0
-39 -40 -41 -42 -45 -49 0
-39 -40 -41 -42 -45 -50 0
-39 -40 -41 -42 -45 -43 0
-39 -40 -41 -42 -45 -44 0
-39 -40 -41 -42 -45 -53 0
-39 -40 -41 -42 -45 -54 0
-39 -40 -41 -42 -45 -51 0
-39 -40 -41 -42 -45 -52 0
-39 -40 -41 -42 -46 -47 0
-39 -40 -41 -42 -46 -48 0
-39 -40 -41 -42 -46 -49 0
-39 -40 -41 -42 -46 -50 0
-39 -40 -41 -42 -46 -43 0
-39 -40 -41 -42 -46 -44 0
-39 -40 -41 -42 -46 -53 0
-39 -40 -41 -42 -46 -54 0
-39 -40 -41 -42 -46 -51 0
-39 -40 -41 -42 -46 -52 0
-39 -40 -41 -42 -47 -48 0
-39 -40 -41 -42 -47 -49 0
-39 -40 -41 -42 -47 -50 0
-39 -40 -41 -42 -47 -43 0
-39 -40 -41 -42 -47 -44 0
-39 -40 -41 -42 -47 -53 0
-39 -40 -41 -42 -47 -54 0
-39 -40 -41 -42 -47 -51 0
-39 -40 -41 -42 -47 -52 0
-39 -40 -41 -42 -48 -49 0
-39 -40 -41 -42 -48 -50 0
-39 -40 -41 -42 -48 -43 0
-39 -40 -41 -42 -48 -44 0
-39 -40 -41 -42 -48 -53 0
-39 -40 -41 -42 -48 -54 0
-39 -40 -41 -42 -48 -51 0
-39 -40 -41 -42 -48 -52 0
-39 -40 -41 -42 -49 -50 0
-39 -40 -41 -42 -49 -43 0
-39 -40 -41 -42 -49 -44 0
-39 -40 -41 -42 -49 -53 0
-39 -40 -41 -42 -49 -54 0
-39 -40 -41 -42 -49 -51 0
-39 -40 -41 -42 -49 -52 0
-39 -40 -41 -42 -50 -43 0
-39 -40 -41 -42 -50 -44 0
-39 -40 -41 -42 -50 -53 0
-39 -40 -41 -42 -50 -54 0
-39 -40 -41 -42 -50 -51 0
-39 -40 -41 -42 -50 -52 0
-39 -40 -41 -42 -43 -44 0
-39 -40 -41 -42 -43 -53 0
-39 -40 -41 -42 -43 -54 0
-39 -40 -41 -42 -43 -51 0
-39 -40 -41 -42 -43 -52 0
-39 -40 -41 -42 -44 -53 0
-39 -40 -41 -42 -44 -54 0
-39 -40 -41 -42 -44 -51 0
-39 -40 -41 -42 -44 -52 0
-39 -40 -41 -42 -53 -54 0
-39 -40 -41 -42 -53 -51 0
-39 -40 -41 -42 -53 -52 0
-39 -40 -41 -42 -54 -51 0
-39 -40 -41 -42 -54 -52 0
-39 -40 -41 -42 -51 -52 0
-39 -40 -41 -45 -46 -47 0
-39 -40 -41 -45 -46 -48 0
-39 -40 -41 -45 -46 -49 0
-39 -40 -41 -45 -46 -50 0
-39 -40 -41 -45 -46 -43 0
-39 -40 -41 -45 -46 -44 0
-39 -40 -41 -45 -46 -53 0
-39 -40 -41 -45 -46 -54 0
-39 -40 -41 -45 -46 -51 0
-39 -40 -41 -45 -46 -52 0
-39 -40 -41 -45 -47 -48 0
-39 -40 -41 -45 -47 -49 0
-39 -40 -41 -45 -47 -50 0
-39 -40 -41 -45 -47 -43 0
-39 -40 -41 -45 -47 -44 0
-39 -40 -41 -45 -47 -53 0
-39 -40 -41 -45 -47 -54 0
-39 -40 -41 -45 -47 -51 0
-39 -40 -41 -45 -47 -52 0
-39 -40 -41 -45 -48 -49 0
-39 -40 -41 -45 -48 -50 0
-39 -40 -41 -45 -48 -43 0
-39 -40 -41 -45 -48 -44 0
-39 -40 -41 -45 -48 -53 0
-39 -40 -41 -45 -48 -54 0
-39 -40 -41 -45 -48 -51 0
-39 -40 -41 -45 -48 -52 0
-39 -40 -41 -45 -49 -50 0
-39 -40 -41 -45 -49 -43 0
-39 -40 -41 -45 -49 -44 0
-39 -40 -41 -45 -49 -53 0
-39 -40 -41 -45 -49 -54 0
-39 -40 -41 -45 -49 -51 0
-39 -40 -41 -45 -49 -52 0
-39 -40 -41 -45 -50 -43 0
-39 -40 -41 -45 -50 -44 0
-39 -40 -41 -45 -50 -53 0
-39 -40 -41 -45 -50 -54 0
-39 -40 -41 -45 -50 -51 0
-39 -40 -41 -45 -50 -52 0
-39 -40 -41 -45 -43 -44 0
-39 -40 -41 -45 -43 -53 0
-39 -40 -41 -45 -43 -54 0
-39 -40 -41 -45 -43 -51 0
-39 -40 -41 -45 -43 -52 0
-39 -40 -41 -45 -44 -53 0
-39 -40 -41 -45 -44 -54 0
-39 -40 -41 -45 -44 -51 0
-39 -40 -41 -45 -44 -52 0
-39 -40 -41 -45 -53 -54 0
-39 -40 -41 -45 -53 -51 0
-39 -40 -41 -45 -53 -52 0
-39 -40 -41 -45 -54 -51 0
-39 -40 -41 -45 -54 -52 0
-39 -40 -41 -45 -51 -52 0
-39 -40 -41 -46 -47 -48 0
-39 -40 -41 -46 -47 -49 0
-39 -40 -41 -46 -47 -50 0
-39 -40 -41 -46 -47 -43 0
-39 -40 -41 -46 -47 -44 0
-39 -40 -41 -46 -47 -53 0
-39 -40 -41 -46 -47 -54 0
-39 -40 -41 -46 -47 -51 0
-39 -40 -41 -46 -47 -52 0
-39 -40 -41 -46 -48 -49 0
-39 -40 -41 -46 -48 -50 0
-39 -40 -41 -46 -48 -43 0
-39 -40 -41 -46 -48 -44 0
-39 -40 -41 -46 -48 -53 0
-39 -40 -41 -46 -48 -54 0
-39 -40 -41 -46 -48 -51 0
-39 -40 -41 -46 -48 -52 0
-39 -40 -41 -46 -49 -50 0
-39 -40 -41 -46 -49 -43 0
-39 -40 -41 -46 -49 -44 0
-39 -40 -41 -46 -49 -53 0
-39 -40 -41 -46 -49 -54 0
-39 -40 -41 -46 -49 -51 0
-39 -40 -41 -46 -49 -52 0
-39 -40 -41 -46 -50 -43 0
-39 -40 -41 -46 -50 -44 0
-39 -40 -41 -46 -50 -53 0
-39 -40 -41 -46 -50 -54 0
-39 -40 -41 -46 -50 -51 0
-39 -40 -41 -46 -50 -52 0
-39 -40 -41 -46 -43 -44 0
-39 -40 -41 -46 -43 -53 0
-39 -40 -41 -46 -43 -54 0
-39 -40 -41 -46 -43 -51 0
-39 -40 -41 -46 -43 -52 0
-39 -40 -41 -46 -44 -53 0
-39 -40 -41 -46 -44 -54 0
-39 -40 -41 -46 -44 -51 0
-39 -40 -41 -46 -44 -52 0
-39 -40 -41 -46 -53 -54 0
-39 -40 -41 -46 -53 -51 0
-39 -40 -41 -46 -53 -52 0
-39 -40 -41 -46 -54 -51 0
-39 -40 -41 -46 -54 -52 0
-39 -40 -41 -46 -51 -52 0
-39 -40 -41 -47 -48 -49 0
-39 -40 -41 -47 -48 -50 0
-39 -40 -41 -47 -48 -43 0
-39 -40 -41 -47 -48 -44 0
-39 -40 -41 -47 -48 -53 0
-39 -40 -41 -47 -48 -54 0
-39 -40 -41 -47 -48 -51 0
-39 -40 -41 -47 -48 -52 0
-39 -40 -41 -47 -49 -50 0
-39 -40 -41 -47 -49 -43 0
-39 -40 -41 -47 -49 -44 0
-39 -40 -41 -47 -49 -53 0
-39 -40 -41 -47 -49 -54 0
-39 -40 -41 -47 -49 -51 0
-39 -40 -41 -47 -49 -52 0
-39 -40 -41 -47 -50 -43 0
-39 -40 -41 -47 -50 -44 0
-39 -40 -41 -47 -50 -53 0
-39 -40 -41 -47 -50 -54 0
-39 -40 -41 -47 -50 -51 0
-39 -40 -41 -47 -50 -52 0
-39 -40 -41 -47 -43 -44 0
-39 -40 -41 -47 -43 -53 0
-39 -40 -41 -47 -43 -54 0
-39 -40 -41 -47 -43 -51 0
-39 -40 -41 -47 -43 -52 0
-39 -40 -41 -47 -44 -53 0
-39 -40 -41 -47 -44 -54 0
-39 -40 -41 -47 -44 -51 0
-39 -40 -41 -47 -44 -52 0
-39 -40 -41 -47 -53 -54 0
-39 -40 -41 -47 -53 -51 0
-39 -40 -41 -47 -53 -52 0
-39 -40 -41 -47 -54 -51 0
-39 -40 -41 -47 -54 -52 0
-39 -40 -41 -47 -51 -52 0
-39 -40 -41 -48 -49 -50 0
-39 -40 -41 -48 -49 -43 0
-39 -40 -41 -48 -49 -44 0
-39 -40 -41 -48 -49 -53 0
-39 -40 -41 -48 -49 -54 0
-39 -40 -41 -48 -49 -51 0
-39 -40 -41 -48 -49 -52 0
-39 -40 -41 -48 -50 -43 0
-39 -40 -41 -48 -50 -44 0
-39 -40 -41 -48 -50 -53 0
-39 -40 -41 -48 -50 -54 0
-39 -40 -41 -48 -50 -51 0
-39 -40 -41 -48 -50 -52 0
-39 -40 -41 -48 -43 -44 0
-39 -40 -41 -48 -43 -53 0
-39 -40 -41 -48 -43 -54 0
-39 -40 -41 -48 -43 -51 0
-39 -40 -41 -48 -43 -52 0
-39 -40 -41 -48 -44 -53 0
-39 -40 -41 -48 -44 -54 0
-39 -40 -41 -48 -44 -51 0
-39 -40 -41 -48 -44 -52 0
-39 -40 -41 -48 -53 -54 0
-39 -40 -41 -48 -53 -51 0
-39 -40 -41 -48 -53 -52 0
-39 -40 -41 -48 -54 -51 0
-39 -40 -41 -48 -54 -52 0
-39 -40 -41 -48 -51 -52 0
-39 -40 -41 -49 -50 -43 0
-39 -40 -41 -49 -50 -44 0
-39 -40 -41 -49 -50 -53 0
-39 -40 -41 -49 -50 -54 0
-39 -40 -41 -49 -50 -51 0
-39 -40 -41 -49 -50 -52 0
-39 -40 -41 -49 -43 -44 0
-39 -40 -41 -49 -43 -53 0
-39 -40 -41 -49 -43 -54 0
-39 -40 -41 -49 -43 -51 0
-39 -40 -41 -49 -43 -52 0
-39 -40 -41 -49 -44 -53 0
-39 -40 -41 -49 -44 -54 0
-39 -40 -41 -49 -44 -51 0
-39 -40 -41 -49 -44 -52 0
-39 -40 -41 -49 -53 -54 0
-39 -40 -41 -49 -53 -51 0
-39 -40 -41 -49 -53 -52 0
-39 -40 -41 -49 -54 -51 0
-39 -40 -41 -49 -54 -52 0
-39 -40 -41 -49 -51 -52 0
-39 -40 -41 -50 -43 -44 0
-39 -40 -41 -50 -43 -53 0
-39 -40 -41 -50 -43 -54 0
-39 -40 -41 -50 -43 -51 0
-39 -40 -41 -50 -43 -52 0
-39 -40 -41 -50 -44 -53 0
-39 -40 -41 -50 -44 -54 0
-39 -40 -41 -50 -44 -51 0
-39 -40 -41 -50 -44 -52 0
-39 -40 -41 -50 -53 -54 0
-39 -40 -41 -50 -53 -51 0
-39 -40 -41 -50 -53 -52 0
-39 -40 -41 -50 -54 -51 0
-39 -40 -41 -50 -54 -52 0
-39 -40 -41 -50 -51 -52 0
-39 -40 -41 -43 -44 -53 0
-39 -40 -41 -43 -44 -54 0
-39 -40 -41 -43 -44 -51 0
-39 -40 -41 -43 -44 -52 0
-39 -40 -41 -43 -53 -54 0
-39 -40 -41 -43 -53 -51 0
-39 -40 -41 -43 -53 -52 0
-39 -40 -41 -43 -54 -51 0
-39 -40 -41 -43 -54 -52 0
-39 -40 -41 -43 -51 -52 0
-39 -40 -41 -44 -53 -54 0
-39 -40 -41 -44 -53 -51 0
-39 -40 -41 -44 -53 -52 0
-39 -40 -41 -44 -54 -51 0
-39 -40 -41 -44 -54 -52 0
-39 -40 -41 -44 -51 -52 0
-39 -40 -41 -53 -54 -51 0
-39 -40 -41 -53 -54 -52 0
-39 -40 -41 -53 -51 -52 0
-39 -40 -41 -54 -51 -52 0
-39 -40 -42 -45 -46 -47 0
-39 -40 -42 -45 -46 -48 0
-39 -40 -42 -45 -46 -49 0
-39 -40 -42 -45 -46 -50 0
-39 -40 -42 -45 -46 -43 0
-39 -40 -42 -45 -46 -44 0
-39 -40 -42 -45 -46 -53 0
-39 -40 -42 -45 -46 -54 0
-39 -40 -42 -45 -46 -51 0
-39 -40 -42 -45 -46 -52 0
-39 -40 -42 -45 -47 -48 0
-39 -40 -42 -45 -47 -49 0
-39 -40 -42 -45 -47 -50 0
-39 -40 -42 -45 -47 -43 0
-39 -40 -42 -45 -47 -44 0
-39 -40 -42 -45 -47 -53 0
-39 -40 -42 -45 -47 -54 0
-39 -40 -42 -45 -47 -51 0
-39 -40 -42 -45 -47 -52 0
-39 -40 -42 -45 -48 -49 0
-39 -40 -42 -45 -48 -50 0
-39 -40 -42 -45 -48 -43 0
-39 -40 -42 -45 -48 -44 0
-39 -40 -42 -45 -48 -53 0
-39 -40 -42 -45 -48 -54 0
-39 -40 -42 -45 -48 -51 0
-39 -40 -42 -45 -48 -52 0
-39 -40 -42 -45 -49 -50 0
-39 -40 -42 -45 -49 -43 0
-39 -40 -42 -45 -49 -44 0
-39 -40 -42 -45 -49 -53 0
-39 -40 -42 -45 -49 -54 0
-39 -40 -42 -45 -49 -51 0
-39 -40 -42 -45 -49 -52 0
-39 -40 -42 -45 -50 -43 0
-39 -40 -42 -45 -50 -44 0
-39 -40 -42 -45 -50 -53 0
-39 -40 -42 -45 -50 -54 0
-39 -40 -42 -45 -50 -51 0
-39 -40 -42 -45 -50 -52 0
-39 -40 -42 -45 -43 -44 0
-39 -40 -42 -45 -43 -53 0
-39 -40 -42 -45 -43 -54 0
-39 -40 -42 -45 -43 -51 0
-39 -40 -42 -45 -43 -52 0
-39 -40 -42 -45 -44 -53 0
-39 -40 -42 -45 -44 -54 0
-39 -40 -42 -45 -44 -51 0
-39 -40 -42 -45 -44 -52 0
-39 -40 -42 -45 -53 -54 0
-39 -40 -42 -45 -53 -51 0
-39 -40 -42 -45 -53 -52 0
-39 -40 -42 -45 -54 -51 0
-39 -40 -42 -45 -54 -52 0
-39 -40 -42 -45 -51 -52 0
-39 -40 -42 -46 -47 -48 0
-39 -40 -42 -46 -47 -49 0
-39 -40 -42 -46 -47 -50 0
-39 -40 -42 -46 -47 -43 0
-39 -40 -42 -46 -47 -44 0
-39 -40 -42 -46 -47 -53 0
-39 -40 -42 -46 -47 -54 0
-39 -40 -42 -46 -47 -51 0
-39 -40 -42 -46 -47 -52 0
-39 -40 -42 -46 -48 -49 0
-39 -40 -42 -46 -48 -50 0
-39 -40 -42 -46 -48 -43 0
-39 -40 -42 -46 -48 -44 0
-39 -40 -42 -46 -48 -53 0
-39 -40 -42 -46 -48 -54 0
-39 -40 -42 -46 -48 -51 0
-39 -40 -42 -46 -48 -52 0
-39 -40 -42 -46 -49 -50 0
-39 -40 -42 -46 -49 -43 0
-39 -40 -42 -46 -49 -44 0
-39 -40 -42 -46 -49 -53 0
-39 -40 -42 -46 -49 -54 0
-39 -40 -42 -46 -49 -51 0
-39 -40 -42 -46 -49 -52 0
-39 -40 -42 -46 -50 -43 0
-39 -40 -42 -46 -50 -44 0
-39 -40 -42 -46 -50 -53 0
-39 -40 -42 -46 -50 -54 0
-39 -40 -42 -46 -50 -51 0
-39 -40 -42 -46 -50 -52 0
-39 -40 -42 -46 -43 -44 0
-39 -40 -42 -46 -43 -53 0
-39 -40 -42 -46 -43 -54 0
-39 -40 -42 -46 -43 -51 0
-39 -40 -42 -46 -43 -52 0
-39 -40 -42 -46 -44 -53 0
-39 -40 -42 -46 -44 -54 0
-39 -40 -42 -46 -44 -51 0
-39 -40 -42 -46 -44 -52 0
-39 -40 -42 -46 -53 -54 0
-39 -40 -42 -46 -53 -51 0
-39 -40 -42 -46 -53 -52 0
-39 -40 -42 -46 -54 -51 0
-39 -40 -42 -46 -54 -52 0
-39 -40 -42 -46 -51 -52 0
-39 -40 -42 -47 -48 -49 0
-39 -40 -42 -47 -48 -50 0
-39 -40 -42 -47 -48 -43 0
-39 -40 -42 -47 -48 -44 0
-39 -40 -42 -47 -48 -53 0
-39 -40 -42 -47 -48 -54 0
-39 -40 -42 -47 -48 -51 0
-39 -40 -42 -47 -48 -52 0
-39 -40 -42 -47 -49 -50 0
-39 -40 -42 -47 -49 -43 0
-39 -40 -42 -47 -49 -44 0
-39 -40 -42 -47 -49 -53 0
-39 -40 -42 -47 -49 -54 0
-39 -40 -42 -47 -49 -51 0
-39 -40 -42 -47 -49 -52 0
-39 -40 -42 -47 -50 -43 0
-39 -40 -42 -47 -50 -44 0
-39 -40 -42 -47 -50 -53 0
-39 -40 -42 -47 -50 -54 0
-39 -40 -42 -47 -50 -51 0
-39 -40 -42 -47 -50 -52 0
-39 -40 -42 -47 -43 -44 0
-39 -40 -42 -47 -43 -53 0
-39 -40 -42 -47 -43 -54 0
-39 -40 -42 -47 -43 -51 0
-39 -40 -42 -47 -43 -52 0
-39 -40 -42 -47 -44 -53 0
-39 -40 -42 -47 -44 -54 0
-39 -40 -42 -47 -44 -51 0
-39 -40 -42 -47 -44 -52 0
-39 -40 -42 -47 -53 -54 0
-39 -40 -42 -47 -53 -51 0
-39 -40 -42 -47 -53 -52 0
-39 -40 -42 -47 -54 -51 0
-39 -40 -42 -47 -54 -52 0
-39 -40 -42 -47 -51 -52 0
-39 -40 -42 -48 -49 -50 0
-39 -40 -42 -48 -49 -43 0
-39 -40 -42 -48 -49 -44 0
-39 -40 -42 -48 -49 -53 0
-39 -40 -42 -48 -49 -54 0
-39 -40 -42 -48 -49 -51 0
-39 -40 -42 -48 -49 -52 0
-39 -40 -42 -48 -50 -43 0
-39 -40 -42 -48 -50 -44 0
-39 -40 -42 -48 -50 -53 0
-39 -40 -42 -48 -50 -54 0
-39 -40 -42 -48 -50 -51 0
-39 -40 -42 -48 -50 -52 0
-39 -40 -42 -48 -43 -44 0
-39 -40 -42 -48 -43 -53 0
-39 -40 -42 -48 -43 -54 0
-39 -40 -42 -48 -43 -51 0
-39 -40 -42 -48 -43 -52 0
-39 -40 -42 -48 -44 -53 0
-39 -40 -42 -48 -44 -54 0
-39 -40 -42 -48 -44 -51 0
-39 -40 -42 -48 -44 -52 0
-39 -40 -42 -48 -53 -54 0
-39 -40 -42 -48 -53 -51 0
-39 -40 -42 -48 -53 -52 0
-39 -40 -42 -48 -54 -51 0
-39 -40 -42 -48 -54 -52 0
-39 -40 -42 -48 -51 -52 0
-39 -40 -42 -49 -50 -43 0
-39 -40 -42 -49 -50 -44 0
-39 -40 -42 -49 -50 -53 0
-39 -40 -42 -49 -50 -54 0
-39 -40 -42 -49 -50 -51 0
-39 -40 -42 -49 -50 -52 0
-39 -40 -42 -49 -43 -44 0
-39 -40 -42 -49 -43 -53 0
-39 -40 -42 -49 -43 -54 0
-39 -40 -42 -49 -43 -51 0
-39 -40 -42 -49 -43 -52 0
-39 -40 -42 -49 -44 -53 0
-39 -40 -42 -49 -44 -54 0
-39 -40 -42 -49 -44 -51 0
-39 -40 -42 -49 -44 -52 0
-39 -40 -42 -49 -53 -54 0
-39 -40 -42 -49 -53 -51 0
-39 -40 -42 -49 -53 -52 0
-39 -40 -42 -49 -54 -51 0
-39 -40 -42 -49 -54 -52 0
-39 -40 -42 -49 -51 -52 0
-39 -40 -42 -50 -43 -44 0
-39 -40 -42 -50 -43 -53 0
-39 -40 -42 -50 -43 -54 0
-39 -40 -42 -50 -43 -51 0
-39 -40 -42 -50 -43 -52 0
-39 -40 -42 -50 -44 -53 0
-39 -40 -42 -50 -44 -54 0
-39 -40 -42 -50 -44 -51 0
-39 -40 -42 -50 -44 -52 0
-39 -40 -42 -50 -53 -54 0
-39 -40 -42 -50 -53 -51 0
-39 -40 -42 -50 -53 -52 0
-39 -40 -42 -50 -54 -51 0
-39 -40 -42 -50 -54 -52 0
-39 -40 -42 -50 -51 -52 0
-39 -40 -42 -43 -44 -53 0
-39 -40 -42 -43 -44 -54 0
-39 -40 -42 -43 -44 -51 0
-39 -40 -42 -43 -44 -52 0
-39 -40 -42 -43 -53 -54 0
-39 -40 -42 -43 -53 -51 0
-39 -40 -42 -43 -53 -52 0
-39 -40 -42 -43 -54 -51 0
-39 -40 -42 -43 -54 -52 0
-39 -40 -42 -43 -51 -52 0
-39 -40 -42 -44 -53 -54 0
-39 -40 -42 -44 -53 -51 0
-39 -40 -42 -44 -53 -52 0
-39 -40 -42 -44 -54 -51 0
-39 -40 -42 -44 -54 -52 0
-39 -40 -42 -44 -51 -52 0
-39 -40 -42 -53 -54 -51 0
-39 -40 -42 -53 -54 -52 0
-39 -40 -42 -53 -51 -52 0
-39 -40 -42 -54 -51 -52 0
-39 -40 -45 -46 -47 -48 0
-39 -40 -45 -46 -47 -49 0
-39 -40 -45 -46 -47 -50 0
-39 -40 -45 -46 -47 -43 0
-39 -40 -45 -46 -47 -44 0
-39 -40 -45 -46 -47 -53 0
-39 -40 -45 -46 -47 -54 0
-39 -40 -45 -46 -47 -51 0
-39 -40 -45 -46 -47 -52 0
-39 -40 -45 -46 -48 -49 0
-39 -40 -45 -46 -48 -50 0
-39 -40 -45 -46 -48 -43 0
-39 -40 -45 -46 -48 -44 0
-39 -40 -45 -46 -48 -53 0
-39 -40 -45 -46 -48 -54 0
-39 -40 -45 -46 -48 -51 0
-39 -40 -45 -46 -48 -52 0
-39 -40 -45 -46 -49 -50 0
-39 -40 -45 -46 -49 -43 0
-39 -40 -45 -46 -49 -44 0
-39 -40 -45 -46 -49 -53 0
-39 -40 -45 -46 -49 -54 0
-39 -40 -45 -46 -49 -51 0
-39 -40 -45 -46 -49 -52 0
-39 -40 -45 -46 -50 -43 0
-39 -40 -45 -46 -50 -44 0
-39 -40 -45 -46 -50 -53 0
-39 -40 -45 -46 -50 -54 0
-39 -40 -45 -46 -50 -51 0
-39 -40 -45 -46 -50 -52 0
-39 -40 -45 -46 -43 -44 0
-39 -40 -45 -46 -43 -53 0
-39 -40 -45 -46 -43 -54 0
-39 -40 -45 -46 -43 -51 0
-39 -40 -45 -46 -43 -52 0
-39 -40 -45 -46 -44 -53 0
-39 -40 -45 -46 -44 -54 0
-39 -40 -45 -46 -44 -51 0
-39 -40 -45 -46 -44 -52 0
-39 -40 -45 -46 -53 -54 0
-39 -40 -45 -46 -53 -51 0
-39 -40 -45 -46 -53 -52 0
-39 -40 -45 -46 -54 -51 0
-39 -40 -45 -46 -54 -52 0
-39 -40 -45 -46 -51 -52 0
-39 -40 -45 -47 -48 -49 0
-39 -40 -45 -47 -48 -50 0
-39 -40 -45 -47 -48 -43 0
-39 -40 -45 -47 -48 -44 0
-39 -40 -45 -47 -48 -53 0
-39 -40 -45 -47 -48 -54 0
-39 -40 -45 -47 -48 -51 0
-39 -40 -45 -47 -48 -52 0
-39 -40 -45 -47 -49 -50 0
-39 -40 -45 -47 -49 -43 0
-39 -40 -45 -47 -49 -44 0
-39 -40 -45 -47 -49 -53 0
-39 -40 -45 -47 -49 -54 0
-39 -40 -45 -47 -49 -51 0
-39 -40 -45 -47 -49 -52 0
-39 -40 -45 -47 -50 -43 0
-39 -40 -45 -47 -50 -44 0
-39 -40 -45 -47 -50 -53 0
-39 -40 -45 -47 -50 -54 0
-39 -40 -45 -47 -50 -51 0
-39 -40 -45 -47 -50 -52 0
-39 -40 -45 -47 -43 -44 0
-39 -40 -45 -47 -43 -53 0
-39 -40 -45 -47 -43 -54 0
-39 -40 -45 -47 -43 -51 0
-39 -40 -45 -47 -43 -52 0
-39 -40 -45 -47 -44 -53 0
-39 -40 -45 -47 -44 -54 0
-39 -40 -45 -47 -44 -51 0
-39 -40 -45 -47 -44 -52 0
-39 -40 -45 -47 -53 -54 0
-39 -40 -45 -47 -53 -51 0
-39 -40 -45 -47 -53 -52 0
-39 -40 -45 -47 -54 -51 0
-39 -40 -45 -47 -54 -52 0
-39 -40 -45 -47 -51 -52 0
-39 -40 -45 -48 -49 -50 0
-39 -40 -45 -48 -49 -43 0
-39 -40 -45 -48 -49 -44 0
-39 -40 -45 -48 -49 -53 0
-39 -40 -45 -48 -49 -54 0
-39 -40 -45 -48 -49 -51 0
-39 -40 -45 -48 -49 -52 0
-39 -40 -45 -48 -50 -43 0
-39 -40 -45 -48 -50 -44 0
-39 -40 -45 -48 -50 -53 0
-39 -40 -45 -48 -50 -54 0
-39 -40 -45 -48 -50 -51 0
-39 -40 -45 -48 -50 -52 0
-39 -40 -45 -48 -43 -44 0
-39 -40 -45 -48 -43 -53 0
-39 -40 -45 -48 -43 -54 0
-39 -40 -45 -48 -43 -51 0
-39 -40 -45 -48 -43 -52 0
-39 -40 -45 -48 -44 -53 0
-39 -40 -45 -48 -44 -54 0
-39 -40 -45 -48 -44 -51 0
-39 -40 -45 -48 -44 -52 0
-39 -40 -45 -48 -53 -54 0
-39 -40 -45 -48 -53 -51 0
-39 -40 -45 -48 -53 -52 0
-39 -40 -45 -48 -54 -51 0
-39 -40 -45 -48 -54 -52 0
-39 -40 -45 -48 -51 -52 0
-39 -40 -45 -49 -50 -43 0
-39 -40 -45 -49 -50 -44 0
-39 -40 -45 -49 -50 -53 0
-39 -40 -45 -49 -50 -54 0
-39 -40 -45 -49 -50 -51 0
-39 -40 -45 -49 -50 -52 0
-39 -40 -45 -49 -43 -44 0
-39 -40 -45 -49 -43 -53 0
-39 -40 -45 -49 -43 -54 0
-39 -40 -45 -49 -43 -51 0
-39 -40 -45 -49 -43 -52 0
-39 -40 -45 -49 -44 -53 0
-39 -40 -45 -49 -44 -54 0
-39 -40 -45 -49 -44 -51 0
-39 -40 -45 -49 -44 -52 0
-39 -40 -45 -49 -53 -54 0
-39 -40 -45 -49 -53 -51 0
-39 -40 -45 -49 -53 -52 0
-39 -40 -45 -49 -54 -51 0
-39 -40 -45 -49 -54 -52 0
-39 -40 -45 -49 -51 -52 0
-39 -40 -45 -50 -43 -44 0
-39 -40 -45 -50 -43 -53 0
-39 -40 -45 -50 -43 -54 0
-39 -40 -45 -50 -43 -51 0
-39 -40 -45 -50 -43 -52 0
-39 -40 -45 -50 -44 -53 0
-39 -40 -45 -50 -44 -54 0
-39 -40 -45 -50 -44 -51 0
-39 -40 -45 -50 -44 -52 0
-39 -40 -45 -50 -53 -54 0
-39 -40 -45 -50 -53 -51 0
-39 -40 -45 -50 -53 -52 0
-39 -40 -45 -50 -54 -51 0
-39 -40 -45 -50 -54 -52 0
-39 -40 -45 -50 -51 -52 0
-39 -40 -45 -43 -44 -53 0
-39 -40 -45 -43 -44 -54 0
-39 -40 -45 -43 -44 -51 0
-39 -40 -45 -43 -44 -52 0
-39 -40 -45 -43 -53 -54 0
-39 -40 -45 -43 -53 -51 0
-39 -40 -45 -43 -53 -52 0
-39 -40 -45 -43 -54 -51 0
-39 -40 -45 -43 -54 -52 0
-39 -40 -45 -43 -51 -52 0
-39 -40 -45 -44 -53 -54 0
-39 -40 -45 -44 -53 -51 0
-39 -40 -45 -44 -53 -52 0
-39 -40 -45 -44 -54 -51 0
-39 -40 -45 -44 -54 -52 0
-39 -40 -45 -44 -51 -52 0
-39 -40 -45 -53 -54 -51 0
-39 -40 -45 -53 -54 -52 0
-39 -40 -45 -53 -51 -52 0
-39 -40 -45 -54 -51 -52 0
-39 -40 -46 -47 -48 -49 0
-39 -40 -46 -47 -48 -50 0
-39 -40 -46 -47 -48 -43 0
-39 -40 -46 -47 -48 -44 0
-39 -40 -46 -47 -48 -53 0
-39 -40 -46 -47 -48 -54 0
-39 -40 -46 -47 -48 -51 0
-39 -40 -46 -47 -48 -52 0
-39 -40 -46 -47 -49 -50 0
-39 -40 -46 -47 -49 -43 0
-39 -40 -46 -47 -49 -44 0
-39 -40 -46 -47 -49 -53 0
-39 -40 -46 -47 -49 -54 0
-39 -40 -46 -47 -49 -51 0
-39 -40 -46 -47 -49 -52 0
-39 -40 -46 -47 -50 -43 0
-39 -40 -46 -47 -50 -44 0
-39 -40 -46 -47 -50 -53 0
-39 -40 -46 -47 -50 -54 0
-39 -40 -46 -47 -50 -51 0
-39 -40 -46 -47 -50 -52 0
-39 -40 -46 -47 -43 -44 0
-39 -40 -46 -47 -43 -53 0
-39 -40 -46 -47 -43 -54 0
-39 -40 -46 -47 -43 -51 0
-39 -40 -46 -47 -43 -52 0
-39 -40 -46 -47 -44 -53 0
-39 -40 -46 -47 -44 -54 0
-39 -40 -46 -47 -44 -51 0
-39 -40 -46 -47 -44 -52 0
-39 -40 -46 -47 -53 -54 0
-39 -40 -46 -47 -53 -51 0
-39 -40 -46 -47 -53 -52 0
-39 -40 -46 -47 -54 -51 0
-39 -40 -46 -47 -54 -52 0
-39 -40 -46 -47 -51 -52 0
-39 -40 -46 -48 -49 -50 0
-39 -40 -46 -48 -49 -43 0
-39 -40 -46 -48 -49 -44 0
-39 -40 -46 -48 -49 -53 0
-39 -40 -46 -48 -49 -54 0
-39 -40 -46 -48 -49 -51 0
-39 -40 -46 -48 -49 -52 0
-39 -40 -46 -48 -50 -43 0
-39 -40 -46 -48 -50 -44 0
-39 -40 -46 -48 -50 -53 0
-39 -40 -46 -48 -50 -54 0
-39 -40 -46 -48 -50 -51 0
-39 -40 -46 -48 -50 -52 0
-39 -40 -46 -48 -43 -44 0
-39 -40 -46 -48 -43 -53 0
-39 -40 -46 -48 -43 -54 0
-39 -40 -46 -48 -43 -51 0
-39 -40 -46 -48 -43 -52 0
-39 -40 -46 -48 -44 -53 0
-39 -40 -46 -48 -44 -54 0
-39 -40 -46 -48 -44 -51 0
-39 -40 -46 -48 -44 -52 0
-39 -40 -46 -48 -53 -54 0
-39 -40 -46 -48 -53 -51 0
-39 -40 -46 -48 -53 -52 0
-39 -40 -46 -48 -54 -51 0
-39 -40 -46 -48 -54 -52 0
-39 -40 -46 -48 -51 -52 0
-39 -40 -46 -49 -50 -43 0
-39 -40 -46 -49 -50 -44 0
-39 -40 -46 -49 -50 -53 0
-39 -40 -46 -49 -50 -54 0
-39 -40 -46 -49 -50 -51 0
-39 -40 -46 -49 -50 -52 0
-39 -40 -46 -49 -43 -44 0
-39 -40 -46 -49 -43 -53 0
-39 -40 -46 -49 -43 -54 0
-39 -40 -46 -49 -43 -51 0
-39 -40 -46 -49 -43 -52 0
-39 -40 -46 -49 -44 -53 0
-39 -40 -46 -49 -44 -54 0
-39 -40 -46 -49 -44 -51 0
-39 -40 -46 -49 -44 -52 0
-39 -40 -46 -49 -53 -54 0
-39 -40 -46 -49 -53 -51 0
-39 -40 -46 -49 -53 -52 0
-39 -40 -46 -49 -54 -51 0
-39 -40 -46 -49 -54 -52 0
-39 -40 -46 -49 -51 -52 0
-39 -40 -46 -50 -43 -44 0
-39 -40 -46 -50 -43 -53 0
-39 -40 -46 -50 -43 -54 0
-39 -40 -46 -50 -43 -51 0
-39 -40 -46 -50 -43 -52 0
-39 -40 -46 -50 -44 -53 0
-39 -40 -46 -50 -44 -54 0
-39 -40 -46 -50 -44 -51 0
-39 -40 -46 -50 -44 -52 0
-39 -40 -46 -50 -53 -54 0
-39 -40 -46 -50 -53 -51 0
-39 -40 -46 -50 -53 -52 0
-39 -40 -46 -50 -54 -51 0
-39 -40 -46 -50 -54 -52 0
-39 -40 -46 -50 -51 -52 0
-39 -40 -46 -43 -44 -53 0
-39 -40 -46 -43 -44 -54 0
-39 -40 -46 -43 -44 -51 0
-39 -40 -46 -43 -44 -52 0
-39 -40 -46 -43 -53 -54 0
-39 -40 -46 -43 -53 -51 0
-39 -40 -46 -43 -53 -52 0
-39 -40 -46 -43 -54 -51 0
-39 -40 -46 -43 -54 -52 0
-39 -40 -46 -43 -51 -52 0
-39 -40 -46 -44 -53 -54 0
-39 -40 -46 -44 -53 -51 0
-39 -40 -46 -44 -53 -52 0
-39 -40 -46 -44 -54 -51 0
-39 -40 -46 -44 -54 -52 0
-39 -40 -46 -44 -51 -52 0
-39 -40 -46 -53 -54 -51 0
-39 -40 -46 -53 -54 -52 0
-39 -40 -46 -53 -51 -52 0
-39 -40 -46 -54 -51 -52 0
-39 -40 -47 -48 -49 -50 0
-39 -40 -47 -48 -49 -43 0
-39 -40 -47 -48 -49 -44 0
-39 -40 -47 -48 -49 -53 0
-39 -40 -47 -48 -49 -54 0
-39 -40 -47 -48 -49 -51 0
-39 -40 -47 -48 -49 -52 0
-39 -40 -47 -48 -50 -43 0
-39 -40 -47 -48 -50 -44 0
-39 -40 -47 -48 -50 -53 0
-39 -40 -47 -48 -50 -54 0
-39 -40 -47 -48 -50 -51 0
-39 -40 -47 -48 -50 -52 0
-39 -40 -47 -48 -43 -44 0
-39 -40 -47 -48 -43 -53 0
-39 -40 -47 -48 -43 -54 0
-39 -40 -47 -48 -43 -51 0
-39 -40 -47 -48 -43 -52 0
-39 -40 -47 -48 -44 -53 0
-39 -40 -47 -48 -44 -54 0
-39 -40 -47 -48 -44 -51 0
-39 -40 -47 -48 -44 -52 0
-39 -40 -47 -48 -53 -54 0
-39 -40 -47 -48 -53 -51 0
-39 -40 -47 -48 -53 -52 0
-39 -40 -47 -48 -54 -51 0
-39 -40 -47 -48 -54 -52 0
-39 -40 -47 -48 -51 -52 0
-39 -40 -47 -49 -50 -43 0
-39 -40 -47 -49 -50 -44 0
-39 -40 -47 -49 -50 -53 0
-39 -40 -47 -49 -50 -54 0
-39 -40 -47 -49 -50 -51 0
-39 -40 -47 -49 -50 -52 0
-39 -40 -47 -49 -43 -44 0
-39 -40 -47 -49 -43 -53 0
-39 -40 -47 -49 -43 -54 0
-39 -40 -47 -49 -43 -51 0
-39 -40 -47 -49 -43 -52 0
-39 -40 -47 -49 -44 -53 0
-39 -40 -47 -49 -44 -54 0
-39 -40 -47 -49 -44 -51 0
-39 -40 -47 -49 -44 -52 0
-39 -40 -47 -49 -53 -54 0
-39 -40 -47 -49 -53 -51 0
-39 -40 -47 -49 -53 -52 0
-39 -40 -47 -49 -54 -51 0
-39 -40 -47 -49 -54 -52 0
-39 -40 -47 -49 -51 -52 0
-39 -40 -47 -50 -43 -44 0
-39 -40 -47 -50 -43 -53 0
-39 -40 -47 -50 -43 -54 0
-39 -40 -47 -50 -43 -51 0
-39 -40 -47 -50 -43 -52 0
-39 -40 -47 -50 -44 -53 0
-39 -40 -47 -50 -44 -54 0
-39 -40 -47 -50 -44 -51 0
-39 -40 -47 -50 -44 -52 0
-39 -40 -47 -50 -53 -54 0
-39 -40 -47 -50 -53 -51 0
-39 -40 -47 -50 -53 -52 0
-39 -40 -47 -50 -54 -51 0
-39 -40 -47 -50 -54 -52 0
-39 -40 -47 -50 -51 -52 0
-39 -40 -47 -43 -44 -53 0
-39 -40 -47 -43 -44 -54 0
-39 -40 -47 -43 -44 -51 0
-39 -40 -47 -43 -44 -52 0
-39 -40 -47 -43 -53 -54 0
-39 -40 -47 -43 -53 -51 0
-39 -40 -47 -43 -53 -52 0
-39 -40 -47 -43 -54 -51 0
-39 -40 -47 -43 -54 -52 0
-39 -40 -47 -43 -51 -52 0
-39 -40 -47 -44 -53 -54 0
-39 -40 -47 -44 -53 -51 0
-39 -40 -47 -44 -53 -52 0
-39 -40 -47 -44 -54 -51 0
-39 -40 -47 -44 -54 -52 0
-39 -40 -47 -44 -51 -52 0
-39 -40 -47 -53 -54 -51 0
-39 -40 -47 -53 -54 -52 0
-39 -40 -47 -53 -51 -52 0
-39 -40 -47 -54 -51 -52 0
-39 -40 -48 -49 -50 -43 0
-39 -40 -48 -49 -50 -44 0
-39 -40 -48 -49 -50 -53 0
-39 -40 -48 -49 -50 -54 0
-39 -40 -48 -49 -50 -51 0
-39 -40 -48 -49 -50 -52 0
-39 -40 -48 -49 -43 -44 0
-39 -40 -48 -49 -43 -53 0
-39 -40 -48 -49 -43 -54 0
-39 -40 -48 -49 -43 -51 0
-39 -40 -48 -49 -43 -52 0
-39 -40 -48 -49 -44 -53 0
-39 -40 -48 -49 -44 -54 0
-39 -40 -48 -49 -44 -51 0
-39 -40 -48 -49 -44 -52 0
-39 -40 -48 -49 -53 -54 0
-39 -40 -48 -49 -53 -51 0
-39 -40 -48 -49 -53 -52 0
-39 -40 -48 -49 -54 -51 0
-39 -40 -48 -49 -54 -52 0
-39 -40 -48 -49 -51 -52 0
-39 -40 -48 -50 -43 -44 0
-39 -40 -48 -50 -43 -53 0
-39 -40 -48 -50 -43 -54 0
-39 -40 -48 -50 -43 -51 0
-39 -40 -48 -50 -43 -52 0
-39 -40 -48 -50 -44 -53 0
-39 -40 -48 -50 -44 -54 0
-39 -40 -48 -50 -44 -51 0
-39 -40 -48 -50 -44 -52 0
-39 -40 -48 -50 -53 -54 0
-39 -40 -48 -50 -53 -51 0
-39 -40 -48 -50 -53 -52 0
-39 -40 -48 -50 -54 -51 0
-39 -40 -48 -50 -54 -52 0
-39 -40 -48 -50 -51 -52 0
-39 -40 -48 -43 -44 -53 0
-39 -40 -48 -43 -44 -54 0
-39 -40 -48 -43 -44 -51 0
-39 -40 -48 -43 -44 -52 0
-39 -40 -48 -43 -53 -54 0
-39 -40 -48 -43 -53 -51 0
-39 -40 -48 -43 -53 -52 0
-39 -40 -48 -43 -54 -51 0
-39 -40 -48 -43 -54 -52 0
-39 -40 -48 -43 -51 -52 0
-39 -40 -48 -44 -53 -54 0
-39 -40 -48 -44 -53 -51 0
-39 -40 -48 -44 -53 -52 0
-39 -40 -48 -44 -54 -51 0
-39 -40 -48 -44 -54 -52 0
-39 -40 -48 -44 -51 -52 0
-39 -40 -48 -53 -54 -51 0
-39 -40 -48 -53 -54 -52 0
-39 -40 -48 -53 -51 -52 0
-39 -40 -48 -54 -51 -52 0
-39 -40 -49 -50 -43 -44 0
-39 -40 -49 -50 -43 -53 0
-39 -40 -49 -50 -43 -54 0
-39 -40 -49 -50 -43 -51 0
-39 -40 -49 -50 -43 -52 0
-39 -40 -49 -50 -44 -53 0
-39 -40 -49 -50 -44 -54 0
-39 -40 -49 -50 -44 -51 0
-39 -40 -49 -50 -44 -52 0
-39 -40 -49 -50 -53 -54 0
-39 -40 -49 -50 -53 -51 0
-39 -40 -49 -50 -53 -52 0
-39 -40 -49 -50 -54 -51 0
-39 -40 -49 -50 -54 -52 0
-39 -40 -49 -50 -51 -52 0
-39 -40 -49 -43 -44 -53 0
-39 -40 -49 -43 -44 -54 0
-39 -40 -49 -43 -44 -51 0
-39 -40 -49 -43 -44 -52 0
-39 -40 -49 -43 -53 -54 0
-39 -40 -49 -43 -53 -51 0
-39 -40 -49 -43 -53 -52 0
-39 -40 -49 -43 -54 -51 0
-39 -40 -49 -43 -54 -52 0
-39 -40 -49 -43 -51 -52 0
-39 -40 -49 -44 -53 -54 0
-39 -40 -49 -44 -53 -51 0
-39 -40 -49 -44 -53 -52 0
-39 -40 -49 -44 -54 -51 0
-39 -40 -49 -44 -54 -52 0
-39 -40 -49 -44 -51 -52 0
-39 -40 -49 -53 -54 -51 0
-39 -40 -49 -53 -54 -52 0
-39 -40 -49 -53 -51 -52 0
-39 -40 -49 -54 -51 -52 0
-39 -40 -50 -43 -44 -53 0
-39 -40 -50 -43 -44 -54 0
-39 -40 -50 -43 -44 -51 0
-39 -40 -50 -43 -44 -52 0
-39 -40 -50 -43 -53 -54 0
-39 -40 -50 -43 -53 -51 0
-39 -40 -50 -43 -53 -52 0
-39 -40 -50 -43 -54 -51 0
-39 -40 -50 -43 -54 -52 0
-39 -40 -50 -43 -51 -52 0
-39 -40 -50 -44 -53 -54 0
-39 -40 -50 -44 -53 -51 0
-39 -40 -50 -44 -53 -52 0
-39 -40 -50 -44 -54 -51 0
-39 -40 -50 -44 -54 -52 0
-39 -40 -50 -44 -51 -52 0
-39 -40 -50 -53 -54 -51 0
-39 -40 -50 -53 -54 -52 0
-39 -40 -50 -53 -51 -52 0
-39 -40 -50 -54 -51 -52 0
-39 -40 -43 -44 -53 -54 0
-39 -40 -43 -44 -53 -51 0
-39 -40 -43 -44 -53 -52 0
-39 -40 -43 -44 -54 -51 0
-39 -40 -43 -44 -54 -52 0
-39 -40 -43 -44 -51 -52 0
-39 -40 -43 -53 -54 -51 0
-39 -40 -43 -53 -54 -52 0
-39 -40 -43 -53 -51 -52 0
-39 -40 -43 -54 -51 -52 0
-39 -40 -44 -53 -54 -51 0
-39 -40 -44 -53 -54 -52 0
-39 -40 -44 -53 -51 -52 0
-39 -40 -44 -54 -51 -52 0
-39 -40 -53 -54 -51 -52 0
-39 -41 -42 -45 -46 -47 0
-39 -41 -42 -45 -46 -48 0
-39 -41 -42 -45 -46 -49 0
-39 -41 -42 -45 -46 -50 0
-39 -41 -42 -45 -46 -43 0
-39 -41 -42 -45 -46 -44 0
-39 -41 -42 -45 -46 -53 0
-39 -41 -42 -45 -46 -54 0
-39 -41 -42 -45 -46 -51 0
-39 -41 -42 -45 -46 -52 0
-39 -41 -42 -45 -47 -48 0
-39 -41 -42 -45 -47 -49 0
-39 -41 -42 -45 -47 -50 0
-39 -41 -42 -45 -47 -43 0
-39 -41 -42 -45 -47 -44 0
-39 -41 -42 -45 -47 -53 0
-39 -41 -42 -45 -47 -54 0
-39 -41 -42 -45 -47 -51 0
-39 -41 -42 -45 -47 -52 0
-39 -41 -42 -45 -48 -49 0
-39 -41 -42 -45 -48 -50 0
-39 -41 -42 -45 -48 -43 0
-39 -41 -42 -45 -48 -44 0
-39 -41 -42 -45 -48 -53 0
-39 -41 -42 -45 -48 -54 0
-39 -41 -42 -45 -48 -51 0
-39 -41 -42 -45 -48 -52 0
-39 -41 -42 -45 -49 -50 0
-39 -41 -42 -45 -49 -43 0
-39 -41 -42 -45 -49 -44 0
-39 -41 -42 -45 -49 -53 0
-39 -41 -42 -45 -49 -54 0
-39 -41 -42 -45 -49 -51 0
-39 -41 -42 -45 -49 -52 0
-39 -41 -42 -45 -50 -43 0
-39 -41 -42 -45 -50 -44 0
-39 -41 -42 -45 -50 -53 0
-39 -41 -42 -45 -50 -54 0
-39 -41 -42 -45 -50 -51 0
-39 -41 -42 -45 -50 -52 0
-39 -41 -42 -45 -43 -44 0
-39 -41 -42 -45 -43 -53 0
-39 -41 -42 -45 -43 -54 0
-39 -41 -42 -45 -43 -51 0
-39 -41 -42 -45 -43 -52 0
-39 -41 -42 -45 -44 -53 0
-39 -41 -42 -45 -44 -54 0
-39 -41 -42 -45 -44 -51 0
-39 -41 -42 -45 -44 -52 0
-39 -41 -42 -45 -53 -54 0
-39 -41 -42 -45 -53 -51 0
-39 -41 -42 -45 -53 -52 0
-39 -41 -42 -45 -54 -51 0
-39 -41 -42 -45 -54 -52 0
-39 -41 -42 -45 -51 -52 0
-39 -41 -42 -46 -47 -48 0
-39 -41 -42 -46 -47 -49 0
-39 -41 -42 -46 -47 -50 0
-39 -41 -42 -46 -47 -43 0
-39 -41 -42 -46 -47 -44 0
-39 -41 -42 -46 -47 -53 0
-39 -41 -42 -46 -47 -54 0
-39 -41 -42 -46 -47 -51 0
-39 -41 -42 -46 -47 -52 0
-39 -41 -42 -46 -48 -49 0
-39 -41 -42 -46 -48 -50 0
-39 -41 -42 -46 -48 -43 0
-39 -41 -42 -46 -48 -44 0
-39 -41 -42 -46 -48 -53 0
-39 -41 -42 -46 -48 -54 0
-39 -41 -42 -46 -48 -51 0
-39 -41 -42 -46 -48 -52 0
-39 -41 -42 -46 -49 -50 0
-39 -41 -42 -46 -49 -43 0
-39 -41 -42 -46 -49 -44 0
-39 -41 -42 -46 -49 -53 0
-39 -41 -42 -46 -49 -54 0
-39 -41 -42 -46 -49 -51 0
-39 -41 -42 -46 -49 -52 0
-39 -41 -42 -46 -50 -43 0
-39 -41 -42 -46 -50 -44 0
-39 -41 -42 -46 -50 -53 0
-39 -41 -42 -46 -50 -54 0
-39 -41 -42 -46 -50 -51 0
-39 -41 -42 -46 -50 -52 0
-39 -41 -42 -46 -43 -44 0
-39 -41 -42 -46 -43 -53 0
-39 -41 -42 -46 -43 -54 0
-39 -41 -42 -46 -43 -51 0
-39 -41 -42 -46 -43 -52 0
-39 -41 -42 -46 -44 -53 0
-39 -41 -42 -46 -44 -54 0
-39 -41 -42 -46 -44 -51 0
-39 -41 -42 -46 -44 -52 0
-39 -41 -42 -46 -53 -54 0
-39 -41 -42 -46 -53 -51 0
-39 -41 -42 -46 -53 -52 0
-39 -41 -42 -46 -54 -51 0
-39 -41 -42 -46 -54 -52 0
-39 -41 -42 -46 -51 -52 0
-39 -41 -42 -47 -48 -49 0
-39 -41 -42 -47 -48 -50 0
-39 -41 -42 -47 -48 -43 0
-39 -41 -42 -47 -48 -44 0
-39 -41 -42 -47 -48 -53 0
-39 -41 -42 -47 -48 -54 0
-39 -41 -42 -47 -48 -51 0
-39 -41 -42 -47 -48 -52 0
-39 -41 -42 -47 -49 -50 0
-39 -41 -42 -47 -49 -43 0
-39 -41 -42 -47 -49 -44 0
-39 -41 -42 -47 -49 -53 0
-39 -41 -42 -47 -49 -54 0
-39 -41 -42 -47 -49 -51 0
-39 -41 -42 -47 -49 -52 0
-39 -41 -42 -47 -50 -43 0
-39 -41 -42 -47 -50 -44 0
-39 -41 -42 -47 -50 -53 0
-39 -41 -42 -47 -50 -54 0
-39 -41 -42 -47 -50 -51 0
-39 -41 -42 -47 -50 -52 0
-39 -41 -42 -47 -43 -44 0
-39 -41 -42 -47 -43 -53 0
-39 -41 -42 -47 -43 -54 0
-39 -41 -42 -47 -43 -51 0
-39 -41 -42 -47 -43 -52 0
-39 -41 -42 -47 -44 -53 0
-39 -41 -42 -47 -44 -54 0
-39 -41 -42 -47 -44 -51 0
-39 -41 -42 -47 -44 -52 0
-39 -41 -42 -47 -53 -54 0
-39 -41 -42 -47 -53 -51 0
-39 -41 -42 -47 -53 -52 0
-39 -41 -42 -47 -54 -51 0
-39 -41 -42 -47 -54 -52 0
-39 -41 -42 -47 -51 -52 0
-39 -41 -42 -48 -49 -50 0
-39 -41 -42 -48 -49 -43 0
-39 -41 -42 -48 -49 -44 0
-39 -41 -42 -48 -49 -53 0
-39 -41 -42 -48 -49 -54 0
-39 -41 -42 -48 -49 -51 0
-39 -41 -42 -48 -49 -52 0
-39 -41 -42 -48 -50 -43 0
-39 -41 -42 -48 -50 -44 0
-39 -41 -42 -48 -50 -53 0
-39 -41 -42 -48 -50 -54 0
-39 -41 -42 -48 -50 -51 0
-39 -41 -42 -48 -50 -52 0
-39 -41 -42 -48 -43 -44 0
-39 -41 -42 -48 -43 -53 0
-39 -41 -42 -48 -43 -54 0
-39 -41 -42 -48 -43 -51 0
-39 -41 -42 -48 -43 -52 0
-39 -41 -42 -48 -44 -53 0
-39 -41 -42 -48 -44 -54 0
-39 -41 -42 -48 -44 -51 0
-39 -41 -42 -48 -44 -52 0
-39 -41 -42 -48 -53 -54 0
-39 -41 -42 -48 -53 -51 0
-39 -41 -42 -48 -53 -52 0
-39 -41 -42 -48 -54 -51 0
-39 -41 -42 -48 -54 -52 0
-39 -41 -42 -48 -51 -52 0
-39 -41 -42 -49 -50 -43 0
-39 -41 -42 -49 -50 -44 0
-39 -41 -42 -49 -50 -53 0
-39 -41 -42 -49 -50 -54 0
-39 -41 -42 -49 -50 -51 0
-39 -41 -42 -49 -50 -52 0
-39 -41 -42 -49 -43 -44 0
-39 -41 -42 -49 -43 -53 0
-39 -41 -42 -49 -43 -54 0
-39 -41 -42 -49 -43 -51 0
-39 -41 -42 -49 -43 -52 0
-39 -41 -42 -49 -44 -53 0
-39 -41 -42 -49 -44 -54 0
-39 -41 -42 -49 -44 -51 0
-39 -41 -42 -49 -44 -52 0
-39 -41 -42 -49 -53 -54 0
-39 -41 -42 -49 -53 -51 0
-39 -41 -42 -49 -53 -52 0
-39 -41 -42 -49 -54 -51 0
-39 -41 -42 -49 -54 -52 0
-39 -41 -42 -49 -51 -52 0
-39 -41 -42 -50 -43 -44 0
-39 -41 -42 -50 -43 -53 0
-39 -41 -42 -50 -43 -54 0
-39 -41 -42 -50 -43 -51 0
-39 -41 -42 -50 -43 -52 0
-39 -41 -42 -50 -44 -53 0
-39 -41 -42 -50 -44 -54 0
-39 -41 -42 -50 -44 -51 0
-39 -41 -42 -50 -44 -52 0
-39 -41 -42 -50 -53 -54 0
-39 -41 -42 -50 -53 -51 0
-39 -41 -42 -50 -53 -52 0
-39 -41 -42 -50 -54 -51 0
-39 -41 -42 -50 -54 -52 0
-39 -41 -42 -50 -51 -52 0
-39 -41 -42 -43 -44 -53 0
-39 -41 -42 -43 -44 -54 0
-39 -41 -42 -43 -44 -51 0
-39 -41 -42 -43 -44 -52 0
-39 -41 -42 -43 -53 -54 0
-39 -41 -42 -43 -53 -51 0
-39 -41 -42 -43 -53 -52 0
-39 -41 -42 -43 -54 -51 0
-39 -41 -42 -43 -54 -52 0
-39 -41 -42 -43 -51 -52 0
-39 -41 -42 -44 -53 -54 0
-39 -41 -42 -44 -53 -51 0
-39 -41 -42 -44 -53 -52 0
-39 -41 -42 -44 -54 -51 0
-39 -41 -42 -44 -54 -52 0
-39 -41 -42 -44 -51 -52 0
-39 -41 -42 -53 -54 -51 0
-39 -41 -42 -53 -54 -52 0
-39 -41 -42 -53 -51 -52 0
-39 -41 -42 -54 -51 -52 0
-39 -41 -45 -46 -47 -48 0
-39 -41 -45 -46 -47 -49 0
-39 -41 -45 -46 -47 -50 0
-39 -41 -45 -46 -47 -43 0
-39 -41 -45 -46 -47 -44 0
-39 -41 -45 -46 -47 -53 0
-39 -41 -45 -46 -47 -54 0
-39 -41 -45 -46 -47 -51 0
-39 -41 -45 -46 -47 -52 0
-39 -41 -45 -46 -48 -49 0
-39 -41 -45 -46 -48 -50 0
-39 -41 -45 -46 -48 -43 0
-39 -41 -45 -46 -48 -44 0
-39 -41 -45 -46 -48 -53 0
-39 -41 -45 -46 -48 -54 0
-39 -41 -45 -46 -48 -51 0
-39 -41 -45 -46 -48 -52 0
-39 -41 -45 -46 -49 -50 0
-39 -41 -45 -46 -49 -43 0
-39 -41 -45 -46 -49 -44 0
-39 -41 -45 -46 -49 -53 0
-39 -41 -45 -46 -49 -54 0
-39 -41 -45 -46 -49 -51 0
-39 -41 -45 -46 -49 -52 0
-39 -41 -45 -46 -50 -43 0
-39 -41 -45 -46 -50 -44 0
-39 -41 -45 -46 -50 -53 0
-39 -41 -45 -46 -50 -54 0
-39 -41 -45 -46 -50 -51 0
-39 -41 -45 -46 -50 -52 0
-39 -41 -45 -46 -43 -44 0
-39 -41 -45 -46 -43 -53 0
-39 -41 -45 -46 -43 -54 0
-39 -41 -45 -46 -43 -51 0
-39 -41 -45 -46 -43 -52 0
-39 -41 -45 -46 -44 -53 0
-39 -41 -45 -46 -44 -54 0
-39 -41 -45 -46 -44 -51 0
-39 -41 -45 -46 -44 -52 0
-39 -41 -45 -46 -53 -54 0
-39 -41 -45 -46 -53 -51 0
-39 -41 -45 -46 -53 -52 0
-39 -41 -45 -46 -54 -51 0
-39 -41 -45 -46 -54 -52 0
-39 -41 -45 -46 -51 -52 0
-39 -41 -45 -47 -48 -49 0
-39 -41 -45 -47 -48 -50 0
-39 -41 -45 -47 -48 -43 0
-39 -41 -45 -47 -48 -44 0
-39 -41 -45 -47 -48 -53 0
-39 -41 -45 -47 -48 -54 0
-39 -41 -45 -47 -48 -51 0
-39 -41 -45 -47 -48 -52 0
-39 -41 -45 -47 -49 -50 0
-39 -41 -45 -47 -49 -43 0
-39 -41 -45 -47 -49 -44 0
-39 -41 -45 -47 -49 -53 0
-39 -41 -45 -47 -49 -54 0
-39 -41 -45 -47 -49 -51 0
-39 -41 -45 -47 -49 -52 0
-39 -41 -45 -47 -50 -43 0
-39 -41 -45 -47 -50 -44 0
-39 -41 -45 -47 -50 -53 0
-39 -41 -45 -47 -50 -54 0
-39 -41 -45 -47 -50 -51 0
-39 -41 -45 -47 -50 -52 0
-39 -41 -45 -47 -43 -44 0
-39 -41 -45 -47 -43 -53 0
-39 -41 -45 -47 -43 -54 0
-39 -41 -45 -47 -43 -51 0
-39 -41 -45 -47 -43 -52 0
-39 -41 -45 -47 -44 -53 0
-39 -41 -45 -47 -44 -54 0
-39 -41 -45 -47 -44 -51 0
-39 -41 -45 -47 -44 -52 0
-39 -41 -45 -47 -53 -54 0
-39 -41 -45 -47 -53 -51 0
-39 -41 -45 -47 -53 -52 0
-39 -41 -45 -47 -54 -51 0
-39 -41 -45 -47 -54 -52 0
-39 -41 -45 -47 -51 -52 0
-39 -41 -45 -48 -49 -50 0
-39 -41 -45 -48 -49 -43 0
-39 -41 -45 -48 -49 -44 0
-39 -41 -45 -48 -49 -53 0
-39 -41 -45 -48 -49 -54 0
-39 -41 -45 -48 -49 -51 0
-39 -41 -45 -48 -49 -52 0
-39 -41 -45 -48 -50 -43 0
-39 -41 -45 -48 -50 -44 0
-39 -41 -45 -48 -50 -53 0
-39 -41 -45 -48 -50 -54 0
-39 -41 -45 -48 -50 -51 0
-39 -41 -45 -48 -50 -52 0
-39 -41 -45 -48 -43 -44 0
-39 -41 -45 -48 -43 -53 0
-39 -41 -45 -48 -43 -54 0
-39 -41 -45 -48 -43 -51 0
-39 -41 -45 -48 -43 -52 0
-39 -41 -45 -48 -44 -53 0
-39 -41 -45 -48 -44 -54 0
-39 -41 -45 -48 -44 -51 0
-39 -41 -45 -48 -44 -52 0
-39 -41 -45 -48 -53 -54 0
-39 -41 -45 -48 -53 -51 0
-39 -41 -45 -48 -53 -52 0
-39 -41 -45 -48 -54 -51 0
-39 -41 -45 -48 -54 -52 0
-39 -41 -45 -48 -51 -52 0
-39 -41 -45 -49 -50 -43 0
-39 -41 -45 -49 -50 -44 0
-39 -41 -45 -49 -50 -53 0
-39 -41 -45 -49 -50 -54 0
-39 -41 -45 -49 -50 -51 0
-39 -41 -45 -49 -50 -52 0
-39 -41 -45 -49 -43 -44 0
-39 -41 -45 -49 -43 -53 0
-39 -41 -45 -49 -43 -54 0
-39 -41 -45 -49 -43 -51 0
-39 -41 -45 -49 -43 -52 0
-39 -41 -45 -49 -44 -53 0
-39 -41 -45 -49 -44 -54 0
-39 -41 -45 -49 -44 -51 0
-39 -41 -45 -49 -44 -52 0
-39 -41 -45 -49 -53 -54 0
-39 -41 -45 -49 -53 -51 0
-39 -41 -45 -49 -53 -52 0
-39 -41 -45 -49 -54 -51 0
-39 -41 -45 -49 -54 -52 0
-39 -41 -45 -49 -51 -52 0
-39 -41 -45 -50 -43 -44 0
-39 -41 -45 -50 -43 -53 0
-39 -41 -45 -50 -43 -54 0
-39 -41 -45 -50 -43 -51 0
-39 -41 -45 -50 -43 -52 0
-39 -41 -45 -50 -44 -53 0
-39 -41 -45 -50 -44 -54 0
-39 -41 -45 -50 -44 -51 0
-39 -41 -45 -50 -44 -52 0
-39 -41 -45 -50 -53 -54 0
-39 -41 -45 -50 -53 -51 0
-39 -41 -45 -50 -53 -52 0
-39 -41 -45 -50 -54 -51 0
-39 -41 -45 -50 -54 -52 0
-39 -41 -45 -50 -51 -52 0
-39 -41 -45 -43 -44 -53 0
-39 -41 -45 -43 -44 -54 0
-39 -41 -45 -43 -44 -51 0
-39 -41 -45 -43 -44 -52 0
-39 -41 -45 -43 -53 -54 0
-39 -41 -45 -43 -53 -51 0
-39 -41 -45 -43 -53 -52 0
-39 -41 -45 -43 -54 -51 0
-39 -41 -45 -43 -54 -52 0
-39 -41 -45 -43 -51 -52 0
-39 -41 -45 -44 -53 -54 0
-39 -41 -45 -44 -53 -51 0
-39 -41 -45 -44 -53 -52 0
-39 -41 -45 -44 -54 -51 0
-39 -41 -45 -44 -54 -52 0
-39 -41 -45 -44 -51 -52 0
-39 -41 -45 -53 -54 -51 0
-39 -41 -45 -53 -54 -52 0
-39 -41 -45 -53 -51 -52 0
-39 -41 -45 -54 -51 -52 0
-39 -41 -46 -47 -48 -49 0
-39 -41 -46 -47 -48 -50 0
-39 -41 -46 -47 -48 -43 0
-39 -41 -46 -47 -48 -44 0
-39 -41 -46 -47 -48 -53 0
-39 -41 -46 -47 -48 -54 0
-39 -41 -46 -47 -48 -51 0
-39 -41 -46 -47 -48 -52 0
-39 -41 -46 -47 -49 -50 0
-39 -41 -46 -47 -49 -43 0
-39 -41 -46 -47 -49 -44 0
-39 -41 -46 -47 -49 -53 0
-39 -41 -46 -47 -49 -54 0
-39 -41 -46 -47 -49 -51 0
-39 -41 -46 -47 -49 -52 0
-39 -41 -46 -47 -50 -43 0
-39 -41 -46 -47 -50 -44 0
-39 -41 -46 -47 -50 -53 0
-39 -41 -46 -47 -50 -54 0
-39 -41 -46 -47 -50 -51 0
-39 -41 -46 -47 -50 -52 0
-39 -41 -46 -47 -43 -44 0
-39 -41 -46 -47 -43 -53 0
-39 -41 -46 -47 -43 -54 0
-39 -41 -46 -47 -43 -51 0
-39 -41 -46 -47 -43 -52 0
-39 -41 -46 -47 -44 -53 0
-39 -41 -46 -47 -44 -54 0
-39 -41 -46 -47 -44 -51 0
-39 -41 -46 -47 -44 -52 0
-39 -41 -46 -47 -53 -54 0
-39 -41 -46 -47 -53 -51 0
-39 -41 -46 -47 -53 -52 0
-39 -41 -46 -47 -54 -51 0
-39 -41 -46 -47 -54 -52 0
-39 -41 -46 -47 -51 -52 0
-39 -41 -46 -48 -49 -50 0
-39 -41 -46 -48 -49 -43 0
-39 -41 -46 -48 -49 -44 0
-39 -41 -46 -48 -49 -53 0
-39 -41 -46 -48 -49 -54 0
-39 -41 -46 -48 -49 -51 0
-39 -41 -46 -48 -49 -52 0
-39 -41 -46 -48 -50 -43 0
-39 -41 -46 -48 -50 -44 0
-39 -41 -46 -48 -50 -53 0
-39 -41 -46 -48 -50 -54 0
-39 -41 -46 -48 -50 -51 0
-39 -41 -46 -48 -50 -52 0
-39 -41 -46 -48 -43 -44 0
-39 -41 -46 -48 -43 -53 0
-39 -41 -46 -48 -43 -54 0
-39 -41 -46 -48 -43 -51 0
-39 -41 -46 -48 -43 -52 0
-39 -41 -46 -48 -44 -53 0
-39 -41 -46 -48 -44 -54 0
-39 -41 -46 -48 -44 -51 0
-39 -41 -46 -48 -44 -52 0
-39 -41 -46 -48 -53 -54 0
-39 -41 -46 -48 -53 -51 0
-39 -41 -46 -48 -53 -52 0
-39 -41 -46 -48 -54 -51 0
-39 -41 -46 -48 -54 -52 0
-39 -41 -46 -48 -51 -52 0
-39 -41 -46 -49 -50 -43 0
-39 -41 -46 -49 -50 -44 0
-39 -41 -46 -49 -50 -53 0
-39 -41 -46 -49 -50 -54 0
-39 -41 -46 -49 -50 -51 0
-39 -41 -46 -49 -50 -52 0
-39 -41 -46 -49 -43 -44 0
-39 -41 -46 -49 -43 -53 0
-39 -41 -46 -49 -43 -54 0
-39 -41 -46 -49 -43 -51 0
-39 -41 -46 -49 -43 -52 0
-39 -41 -46 -49 -44 -53 0
-39 -41 -46 -49 -44 -54 0
-39 -41 -46 -49 -44 -51 0
-39 -41 -46 -49 -44 -52 0
-39 -41 -46 -49 -53 -54 0
-39 -41 -46 -49 -53 -51 0
-39 -41 -46 -49 -53 -52 0
-39 -41 -46 -49 -54 -51 0
-39 -41 -46 -49 -54 -52 0
-39 -41 -46 -49 -51 -52 0
-39 -41 -46 -50 -43 -44 0
-39 -41 -46 -50 -43 -53 0
-39 -41 -46 -50 -43 -54 0
-39 -41 -46 -50 -43 -51 0
-39 -41 -46 -50 -43 -52 0
-39 -41 -46 -50 -44 -53 0
-39 -41 -46 -50 -44 -54 0
-39 -41 -46 -50 -44 -51 0
-39 -41 -46 -50 -44 -52 0
-39 -41 -46 -50 -53 -54 0
-39 -41 -46 -50 -53 -51 0
-39 -41 -46 -50 -53 -52 0
-39 -41 -46 -50 -54 -51 0
-39 -41 -46 -50 -54 -52 0
-39 -41 -46 -50 -51 -52 0
-39 -41 -46 -43 -44 -53 0
-39 -41 -46 -43 -44 -54 0
-39 -41 -46 -43 -44 -51 0
-39 -41 -46 -43 -44 -52 0
-39 -41 -46 -43 -53 -54 0
-39 -41 -46 -43 -53 -51 0
-39 -41 -46 -43 -53 -52 0
-39 -41 -46 -43 -54 -51 0
-39 -41 -46 -43 -54 -52 0
-39 -41 -46 -43 -51 -52 0
-39 -41 -46 -44 -53 -54 0
-39 -41 -46 -44 -53 -51 0
-39 -41 -46 -44 -53 -52 0
-39 -41 -46 -44 -54 -51 0
-39 -41 -46 -44 -54 -52 0
-39 -41 -46 -44 -51 -52 0
-39 -41 -46 -53 -54 -51 0
-39 -41 -46 -53 -54 -52 0
-39 -41 -46 -53 -51 -52 0
-39 -41 -46 -54 -51 -52 0
-39 -41 -47 -48 -49 -50 0
-39 -41 -47 -48 -49 -43 0
-39 -41 -47 -48 -49 -44 0
-39 -41 -47 -48 -49 -53 0
-39 -41 -47 -48 -49 -54 0
-39 -41 -47 -48 -49 -51 0
-39 -41 -47 -48 -49 -52 0
-39 -41 -47 -48 -50 -43 0
-39 -41 -47 -48 -50 -44 0
-39 -41 -47 -48 -50 -53 0
-39 -41 -47 -48 -50 -54 0
-39 -41 -47 -48 -50 -51 0
-39 -41 -47 -48 -50 -52 0
-39 -41 -47 -48 -43 -44 0
-39 -41 -47 -48 -43 -53 0
-39 -41 -47 -48 -43 -54 0
-39 -41 -47 -48 -43 -51 0
-39 -41 -47 -48 -43 -52 0
-39 -41 -47 -48 -44 -53 0
-39 -41 -47 -48 -44 -54 0
-39 -41 -47 -48 -44 -51 0
-39 -41 -47 -48 -44 -52 0
-39 -41 -47 -48 -53 -54 0
-39 -41 -47 -48 -53 -51 0
-39 -41 -47 -48 -53 -52 0
-39 -41 -47 -48 -54 -51 0
-39 -41 -47 -48 -54 -52 0
-39 -41 -47 -48 -51 -52 0
-39 -41 -47 -49 -50 -43 0
-39 -41 -47 -49 -50 -44 0
-39 -41 -47 -49 -50 -53 0
-39 -41 -47 -49 -50 -54 0
-39 -41 -47 -49 -50 -51 0
-39 -41 -47 -49 -50 -52 0
-39 -41 -47 -49 -43 -44 0
-39 -41 -47 -49 -43 -53 0
-39 -41 -47 -49 -43 -54 0
-39 -41 -47 -49 -43 -51 0
-39 -41 -47 -49 -43 -52 0
-39 -41 -47 -49 -44 -53 0
-39 -41 -47 -49 -44 -54 0
-39 -41 -47 -49 -44 -51 0
-39 -41 -47 -49 -44 -52 0
-39 -41 -47 -49 -53 -54 0
-39 -41 -47 -49 -53 -51 0
-39 -41 -47 -49 -53 -52 0
-39 -41 -47 -49 -54 -51 0
-39 -41 -47 -49 -54 -52 0
-39 -41 -47 -49 -51 -52 0
-39 -41 -47 -50 -43 -44 0
-39 -41 -47 -50 -43 -53 0
-39 -41 -47 -50 -43 -54 0
-39 -41 -47 -50 -43 -51 0
-39 -41 -47 -50 -43 -52 0
-39 -41 -47 -50 -44 -53 0
-39 -41 -47 -50 -44 -54 0
-39 -41 -47 -50 -44 -51 0
-39 -41 -47 -50 -44 -52 0
-39 -41 -47 -50 -53 -54 0
-39 -41 -47 -50 -53 -51 0
-39 -41 -47 -50 -53 -52 0
-39 -41 -47 -50 -54 -51 0
-39 -41 -47 -50 -54 -52 0
-39 -41 -47 -50 -51 -52 0
-39 -41 -47 -43 -44 -53 0
-39 -41 -47 -43 -44 -54 0
-39 -41 -47 -43 -44 -51 0
-39 -41 -47 -43 -44 -52 0
-39 -41 -47 -43 -53 -54 0
-39 -41 -47 -43 -53 -51 0
-39 -41 -47 -43 -53 -52 0
-39 -41 -47 -43 -54 -51 0
-39 -41 -47 -43 -54 -52 0
-39 -41 -47 -43 -51 -52 0
-39 -41 -47 -44 -53 -54 0
-39 -41 -47 -44 -53 -51 0
-39 -41 -47 -44 -53 -52 0
-39 -41 -47 -44 -54 -51 0
-39 -41 -47 -44 -54 -52 0
-39 -41 -47 -44 -51 -52 0
-39 -41 -47 -53 -54 -51 0
-39 -41 -47 -53 -54 -52 0
-39 -41 -47 -53 -51 -52 0
-39 -41 -47 -54 -51 -52 0
-39 -41 -48 -49 -50 -43 0
-39 -41 -48 -49 -50 -44 0
-39 -41 -48 -49 -50 -53 0
-39 -41 -48 -49 -50 -54 0
-39 -41 -48 -49 -50 -51 0
-39 -41 -48 -49 -50 -52 0
-39 -41 -48 -49 -43 -44 0
-39 -41 -48 -49 -43 -53 0
-39 -41 -48 -49 -43 -54 0
-39 -41 -48 -49 -43 -51 0
-39 -41 -48 -49 -43 -52 0
-39 -41 -48 -49 -44 -53 0
-39 -41 -48 -49 -44 -54 0
-39 -41 -48 -49 -44 -51 0
-39 -41 -48 -49 -44 -52 0
-39 -41 -48 -49 -53 -54 0
-39 -41 -48 -49 -53 -51 0
-39 -41 -48 -49 -53 -52 0
-39 -41 -48 -49 -54 -51 0
-39 -41 -48 -49 -54 -52 0
-39 -41 -48 -49 -51 -52 0
-39 -41 -48 -50 -43 -44 0
-39 -41 -48 -50 -43 -53 0
-39 -41 -48 -50 -43 -54 0
-39 -41 -48 -50 -43 -51 0
-39 -41 -48 -50 -43 -52 0
-39 -41 -48 -50 -44 -53 0
-39 -41 -48 -50 -44 -54 0
-39 -41 -48 -50 -44 -51 0
-39 -41 -48 -50 -44 -52 0
-39 -41 -48 -50 -53 -54 0
-39 -41 -48 -50 -53 -51 0
-39 -41 -48 -50 -53 -52 0
-39 -41 -48 -50 -54 -51 0
-39 -41 -48 -50 -54 -52 0
-39 -41 -48 -50 -51 -52 0
-39 -41 -48 -43 -44 -53 0
-39 -41 -48 -43 -44 -54 0
-39 -41 -48 -43 -44 -51 0
-39 -41 -48 -43 -44 -52 0
-39 -41 -48 -43 -53 -54 0
-39 -41 -48 -43 -53 -51 0
-39 -41 -48 -43 -53 -52 0
-39 -41 -48 -43 -54 -51 0
-39 -41 -48 -43 -54 -52 0
-39 -41 -48 -43 -51 -52 0
-39 -41 -48 -44 -53 -54 0
-39 -41 -48 -44 -53 -51 0
-39 -41 -48 -44 -53 -52 0
-39 -41 -48 -44 -54 -51 0
-39 -41 -48 -44 -54 -52 0
-39 -41 -48 -44 -51 -52 0
-39 -41 -48 -53 -54 -51 0
-39 -41 -48 -53 -54 -52 0
-39 -41 -48 -53 -51 -52 0
-39 -41 -48 -54 -51 -52 0
-39 -41 -49 -50 -43 -44 0
-39 -41 -49 -50 -43 -53 0
-39 -41 -49 -50 -43 -54 0
-39 -41 -49 -50 -43 -51 0
-39 -41 -49 -50 -43 -52 0
-39 -41 -49 -50 -44 -53 0
-39 -41 -49 -50 -44 -54 0
-39 -41 -49 -50 -44 -51 0
-39 -41 -49 -50 -44 -52 0
-39 -41 -49 -50 -53 -54 0
-39 -41 -49 -50 -53 -51 0
-39 -41 -49 -50 -53 -52 0
-39 -41 -49 -50 -54 -51 0
-39 -41 -49 -50 -54 -52 0
-39 -41 -49 -50 -51 -52 0
-39 -41 -49 -43 -44 -53 0
-39 -41 -49 -43 -44 -54 0
-39 -41 -49 -43 -44 -51 0
-39 -41 -49 -43 -44 -52 0
-39 -41 -49 -43 -53 -54 0
-39 -41 -49 -43 -53 -51 0
-39 -41 -49 -43 -53 -52 0
-39 -41 -49 -43 -54 -51 0
-39 -41 -49 -43 -54 -52 0
-39 -41 -49 -43 -51 -52 0
-39 -41 -49 -44 -53 -54 0
-39 -41 -49 -44 -53 -51 0
-39 -41 -49 -44 -53 -52 0
-39 -41 -49 -44 -54 -51 0
-39 -41 -49 -44 -54 -52 0
-39 -41 -49 -44 -51 -52 0
-39 -41 -49 -53 -54 -51 0
-39 -41 -49 -53 -54 -52 0
-39 -41 -49 -53 -51 -52 0
-39 -41 -49 -54 -51 -52 0
-39 -41 -50 -43 -44 -53 0
-39 -41 -50 -43 -44 -54 0
-39 -41 -50 -43 -44 -51 0
-39 -41 -50 -43 -44 -52 0
-39 -41 -50 -43 -53 -54 0
-39 -41 -50 -43 -53 -51 0
-39 -41 -50 -43 -53 -52 0
-39 -41 -50 -43 -54 -51 0
-39 -41 -50 -43 -54 -52 0
-39 -41 -50 -43 -51 -52 0
-39 -41 -50 -44 -53 -54 0
-39 -41 -50 -44 -53 -51 0
-39 -41 -50 -44 -53 -52 0
-39 -41 -50 -44 -54 -51 0
-39 -41 -50 -44 -54 -52 0
-39 -41 -50 -44 -51 -52 0
-39 -41 -50 -53 -54 -51 0
-39 -41 -50 -53 -54 -52 0
-39 -41 -50 -53 -51 -52 0
-39 -41 -50 -54 -51 -52 0
-39 -41 -43 -44 -53 -54 0
-39 -41 -43 -44 -53 -51 0
-39 -41 -43 -44 -53 -52 0
-39 -41 -43 -44 -54 -51 0
-39 -41 -43 -44 -54 -52 0
-39 -41 -43 -44 -51 -52 0
-39 -41 -43 -53 -54 -51 0
-39 -41 -43 -53 -54 -52 0
-39 -41 -43 -53 -51 -52 0
-39 -41 -43 -54 -51 -52 0
-39 -41 -44 -53 -54 -51 0
-39 -41 -44 -53 -54 -52 0
-39 -41 -44 -53 -51 -52 0
-39 -41 -44 -54 -51 -52 0
-39 -41 -53 -54 -51 -52 0
-39 -42 -45 -46 -47 -48 0
-39 -42 -45 -46 -47 -49 0
-39 -42 -45 -46 -47 -50 0
-39 -42 -45 -46 -47 -43 0
-39 -42 -45 -46 -47 -44 0
-39 -42 -45 -46 -47 -53 0
-39 -42 -45 -46 -47 -54 0
-39 -42 -45 -46 -47 -51 0
-39 -42 -45 -46 -47 -52 0
-39 -42 -45 -46 -48 -49 0
-39 -42 -45 -46 -48 -50 0
-39 -42 -45 -46 -48 -43 0
-39 -42 -45 -46 -48 -44 0
-39 -42 -45 -46 -48 -53 0
-39 -42 -45 -46 -48 -54 0
-39 -42 -45 -46 -48 -51 0
-39 -42 -45 -46 -48 -52 0
-39 -42 -45 -46 -49 -50 0
-39 -42 -45 -46 -49 -43 0
-39 -42 -45 -46 -49 -44 0
-39 -42 -45 -46 -49 -53 0
-39 -42 -45 -46 -49 -54 0
-39 -42 -45 -46 -49 -51 0
-39 -42 -45 -46 -49 -52 0
-39 -42 -45 -46 -50 -43 0
-39 -42 -45 -46 -50 -44 0
-39 -42 -45 -46 -50 -53 0
-39 -42 -45 -46 -50 -54 0
-39 -42 -45 -46 -50 -51 0
-39 -42 -45 -46 -50 -52 0
-39 -42 -45 -46 -43 -44 0
-39 -42 -45 -46 -43 -53 0
-39 -42 -45 -46 -43 -54 0
-39 -42 -45 -46 -43 -51 0
-39 -42 -45 -46 -43 -52 0
-39 -42 -45 -46 -44 -53 0
-39 -42 -45 -46 -44 -54 0
-39 -42 -45 -46 -44 -51 0
-39 -42 -45 -46 -44 -52 0
-39 -42 -45 -46 -53 -54 0
-39 -42 -45 -46 -53 -51 0
-39 -42 -45 -46 -53 -52 0
-39 -42 -45 -46 -54 -51 0
-39 -42 -45 -46 -54 -52 0
-39 -42 -45 -46 -51 -52 0
-39 -42 -45 -47 -48 -49 0
-39 -42 -45 -47 -48 -50 0
-39 -42 -45 -47 -48 -43 0
-39 -42 -45 -47 -48 -44 0
-39 -42 -45 -47 -48 -53 0
-39 -42 -45 -47 -48 -54 0
-39 -42 -45 -47 -48 -51 0
-39 -42 -45 -47 -48 -52 0
-39 -42 -45 -47 -49 -50 0
-39 -42 -45 -47 -49 -43 0
-39 -42 -45 -47 -49 -44 0
-39 -42 -45 -47 -49 -53 0
-39 -42 -45 -47 -49 -54 0
-39 -42 -45 -47 -49 -51 0
-39 -42 -45 -47 -49 -52 0
-39 -42 -45 -47 -50 -43 0
-39 -42 -45 -47 -50 -44 0
-39 -42 -45 -47 -50 -53 0
-39 -42 -45 -47 -50 -54 0
-39 -42 -45 -47 -50 -51 0
-39 -42 -45 -47 -50 -52 0
-39 -42 -45 -47 -43 -44 0
-39 -42 -45 -47 -43 -53 0
-39 -42 -45 -47 -43 -54 0
-39 -42 -45 -47 -43 -51 0
-39 -42 -45 -47 -43 -52 0
-39 -42 -45 -47 -44 -53 0
-39 -42 -45 -47 -44 -54 0
-39 -42 -45 -47 -44 -51 0
-39 -42 -45 -47 -44 -52 0
-39 -42 -45 -47 -53 -54 0
-39 -42 -45 -47 -53 -51 0
-39 -42 -45 -47 -53 -52 0
-39 -42 -45 -47 -54 -51 0
-39 -42 -45 -47 -54 -52 0
-39 -42 -45 -47 -51 -52 0
-39 -42 -45 -48 -49 -50 0
-39 -42 -45 -48 -49 -43 0
-39 -42 -45 -48 -49 -44 0
-39 -42 -45 -48 -49 -53 0
-39 -42 -45 -48 -49 -54 0
-39 -42 -45 -48 -49 -51 0
-39 -42 -45 -48 -49 -52 0
-39 -42 -45 -48 -50 -43 0
-39 -42 -45 -48 -50 -44 0
-39 -42 -45 -48 -50 -53 0
-39 -42 -45 -48 -50 -54 0
-39 -42 -45 -48 -50 -51 0
-39 -42 -45 -48 -50 -52 0
-39 -42 -45 -48 -43 -44 0
-39 -42 -45 -48 -43 -53 0
-39 -42 -45 -48 -43 -54 0
-39 -42 -45 -48 -43 -51 0
-39 -42 -45 -48 -43 -52 0
-39 -42 -45 -48 -44 -53 0
-39 -42 -45 -48 -44 -54 0
-39 -42 -45 -48 -44 -51 0
-39 -42 -45 -48 -44 -52 0
-39 -42 -45 -48 -53 -54 0
-39 -42 -45 -48 -53 -51 0
-39 -42 -45 -48 -53 -52 0
-39 -42 -45 -48 -54 -51 0
-39 -42 -45 -48 -54 -52 0
-39 -42 -45 -48 -51 -52 0
-39 -42 -45 -49 -50 -43 0
-39 -42 -45 -49 -50 -44 0
-39 -42 -45 -49 -50 -53 0
-39 -42 -45 -49 -50 -54 0
-39 -42 -45 -49 -50 -51 0
-39 -42 -45 -49 -50 -52 0
-39 -42 -45 -49 -43 -44 0
-39 -42 -45 -49 -43 -53 0
-39 -42 -45 -49 -43 -54 0
-39 -42 -45 -49 -43 -51 0
-39 -42 -45 -49 -43 -52 0
-39 -42 -45 -49 -44 -53 0
-39 -42 -45 -49 -44 -54 0
-39 -42 -45 -49 -44 -51 0
-39 -42 -45 -49 -44 -52 0
-39 -42 -45 -49 -53 -54 0
-39 -42 -45 -49 -53 -51 0
-39 -42 -45 -49 -53 -52 0
-39 -42 -45 -49 -54 -51 0
-39 -42 -45 -49 -54 -52 0
-39 -42 -45 -49 -51 -52 0
-39 -42 -45 -50 -43 -44 0
-39 -42 -45 -50 -43 -53 0
-39 -42 -45 -50 -43 -54 0
-39 -42 -45 -50 -43 -51 0
-39 -42 -45 -50 -43 -52 0
-39 -42 -45 -50 -44 -53 0
-39 -42 -45 -50 -44 -54 0
-39 -42 -45 -50 -44 -51 0
-39 -42 -45 -50 -44 -52 0
-39 -42 -45 -50 -53 -54 0
-39 -42 -45 -50 -53 -51 0
-39 -42 -45 -50 -53 -52 0
-39 -42 -45 -50 -54 -51 0
-39 -42 -45 -50 -54 -52 0
-39 -42 -45 -50 -51 -52 0
-39 -42 -45 -43 -44 -53 0
-39 -42 -45 -43 -44 -54 0
-39 -42 -45 -43 -44 -51 0
-39 -42 -45 -43 -44 -52 0
-39 -42 -45 -43 -53 -54 0
-39 -42 -45 -43 -53 -51 0
-39 -42 -45 -43 -53 -52 0
-39 -42 -45 -43 -54 -51 0
-39 -42 -45 -43 -54 -52 0
-39 -42 -45 -43 -51 -52 0
-39 -42 -45 -44 -53 -54 0
-39 -42 -45 -44 -53 -51 0
-39 -42 -45 -44 -53 -52 0
-39 -42 -45 -44 -54 -51 0
-39 -42 -45 -44 -54 -52 0
-39 -42 -45 -44 -51 -52 0
-39 -42 -45 -53 -54 -51 0
-39 -42 -45 -53 -54 -52 0
-39 -42 -45 -53 -51 -52 0
-39 -42 -45 -54 -51 -52 0
-39 -42 -46 -47 -48 -49 0
-39 -42 -46 -47 -48 -50 0
-39 -42 -46 -47 -48 -43 0
-39 -42 -46 -47 -48 -44 0
-39 -42 -46 -47 -48 -53 0
-39 -42 -46 -47 -48 -54 0
-39 -42 -46 -47 -48 -51 0
-39 -42 -46 -47 -48 -52 0
-39 -42 -46 -47 -49 -50 0
-39 -42 -46 -47 -49 -43 0
-39 -42 -46 -47 -49 -44 0
-39 -42 -46 -47 -49 -53 0
-39 -42 -46 -47 -49 -54 0
-39 -42 -46 -47 -49 -51 0
-39 -42 -46 -47 -49 -52 0
-39 -42 -46 -47 -50 -43 0
-39 -42 -46 -47 -50 -44 0
-39 -42 -46 -47 -50 -53 0
-39 -42 -46 -47 -50 -54 0
-39 -42 -46 -47 -50 -51 0
-39 -42 -46 -47 -50 -52 0
-39 -42 -46 -47 -43 -44 0
-39 -42 -46 -47 -43 -53 0
-39 -42 -46 -47 -43 -54 0
-39 -42 -46 -47 -43 -51 0
-39 -42 -46 -47 -43 -52 0
-39 -42 -46 -47 -44 -53 0
-39 -42 -46 -47 -44 -54 0
-39 -42 -46 -47 -44 -51 0
-39 -42 -46 -47 -44 -52 0
-39 -42 -46 -47 -53 -54 0
-39 -42 -46 -47 -53 -51 0
-39 -42 -46 -47 -53 -52 0
-39 -42 -46 -47 -54 -51 0
-39 -42 -46 -47 -54 -52 0
-39 -42 -46 -47 -51 -52 0
-39 -42 -46 -48 -49 -50 0
-39 -42 -46 -48 -49 -43 0
-39 -42 -46 -48 -49 -44 0
-39 -42 -46 -48 -49 -53 0
-39 -42 -46 -48 -49 -54 0
-39 -42 -46 -48 -49 -51 0
-39 -42 -46 -48 -49 -52 0
-39 -42 -46 -48 -50 -43 0
-39 -42 -46 -48 -50 -44 0
-39 -42 -46 -48 -50 -53 0
-39 -42 -46 -48 -50 -54 0
-39 -42 -46 -48 -50 -51 0
-39 -42 -46 -48 -50 -52 0
-39 -42 -46 -48 -43 -44 0
-39 -42 -46 -48 -43 -53 0
-39 -42 -46 -48 -43 -54 0
-39 -42 -46 -48 -43 -51 0
-39 -42 -46 -48 -43 -52 0
-39 -42 -46 -48 -44 -53 0
-39 -42 -46 -48 -44 -54 0
-39 -42 -46 -48 -44 -51 0
-39 -42 -46 -48 -44 -52 0
-39 -42 -46 -48 -53 -54 0
-39 -42 -46 -48 -53 -51 0
-39 -42 -46 -48 -53 -52 0
-39 -42 -46 -48 -54 -51 0
-39 -42 -46 -48 -54 -52 0
-39 -42 -46 -48 -51 -52 0
-39 -42 -46 -49 -50 -43 0
-39 -42 -46 -49 -50 -44 0
-39 -42 -46 -49 -50 -53 0
-39 -42 -46 -49 -50 -54 0
-39 -42 -46 -49 -50 -51 0
-39 -42 -46 -49 -50 -52 0
-39 -42 -46 -49 -43 -44 0
-39 -42 -46 -49 -43 -53 0
-39 -42 -46 -49 -43 -54 0
-39 -42 -46 -49 -43 -51 0
-39 -42 -46 -49 -43 -52 0
-39 -42 -46 -49 -44 -53 0
-39 -42 -46 -49 -44 -54 0
-39 -42 -46 -49 -44 -51 0
-39 -42 -46 -49 -44 -52 0
-39 -42 -46 -49 -53 -54 0
-39 -42 -46 -49 -53 -51 0
-39 -42 -46 -49 -53 -52 0
-39 -42 -46 -49 -54 -51 0
-39 -42 -46 -49 -54 -52 0
-39 -42 -46 -49 -51 -52 0
-39 -42 -46 -50 -43 -44 0
-39 -42 -46 -50 -43 -53 0
-39 -42 -46 -50 -43 -54 0
-39 -42 -46 -50 -43 -51 0
-39 -42 -46 -50 -43 -52 0
-39 -42 -46 -50 -44 -53 0
-39 -42 -46 -50 -44 -54 0
-39 -42 -46 -50 -44 -51 0
-39 -42 -46 -50 -44 -52 0
-39 -42 -46 -50 -53 -54 0
-39 -42 -46 -50 -53 -51 0
-39 -42 -46 -50 -53 -52 0
-39 -42 -46 -50 -54 -51 0
-39 -42 -46 -50 -54 -52 0
-39 -42 -46 -50 -51 -52 0
-39 -42 -46 -43 -44 -53 0
-39 -42 -46 -43 -44 -54 0
-39 -42 -46 -43 -44 -51 0
-39 -42 -46 -43 -44 -52 0
-39 -42 -46 -43 -53 -54 0
-39 -42 -46 -43 -53 -51 0
-39 -42 -46 -43 -53 -52 0
-39 -42 -46 -43 -54 -51 0
-39 -42 -46 -43 -54 -52 0
-39 -42 -46 -43 -51 -52 0
-39 -42 -46 -44 -53 -54 0
-39 -42 -46 -44 -53 -51 0
-39 -42 -46 -44 -53 -52 0
-39 -42 -46 -44 -54 -51 0
-39 -42 -46 -44 -54 -52 0
-39 -42 -46 -44 -51 -52 0
-39 -42 -46 -53 -54 -51 0
-39 -42 -46 -53 -54 -52 0
-39 -42 -46 -53 -51 -52 0
-39 -42 -46 -54 -51 -52 0
-39 -42 -47 -48 -49 -50 0
-39 -42 -47 -48 -49 -43 0
-39 -42 -47 -48 -49 -44 0
-39 -42 -47 -48 -49 -53 0
-39 -42 -47 -48 -49 -54 0
-39 -42 -47 -48 -49 -51 0
-39 -42 -47 -48 -49 -52 0
-39 -42 -47 -48 -50 -43 0
-39 -42 -47 -48 -50 -44 0
-39 -42 -47 -48 -50 -53 0
-39 -42 -47 -48 -50 -54 0
-39 -42 -47 -48 -50 -51 0
-39 -42 -47 -48 -50 -52 0
-39 -42 -47 -48 -43 -44 0
-39 -42 -47 -48 -43 -53 0
-39 -42 -47 -48 -43 -54 0
-39 -42 -47 -48 -43 -51 0
-39 -42 -47 -48 -43 -52 0
-39 -42 -47 -48 -44 -53 0
-39 -42 -47 -48 -44 -54 0
-39 -42 -47 -48 -44 -51 0
-39 -42 -47 -48 -44 -52 0
-39 -42 -47 -48 -53 -54 0
-39 -42 -47 -48 -53 -51 0
-39 -42 -47 -48 -53 -52 0
-39 -42 -47 -48 -54 -51 0
-39 -42 -47 -48 -54 -52 0
-39 -42 -47 -48 -51 -52 0
-39 -42 -47 -49 -50 -43 0
-39 -42 -47 -49 -50 -44 0
-39 -42 -47 -49 -50 -53 0
-39 -42 -47 -49 -50 -54 0
-39 -42 -47 -49 -50 -51 0
-39 -42 -47 -49 -50 -52 0
-39 -42 -47 -49 -43 -44 0
-39 -42 -47 -49 -43 -53 0
-39 -42 -47 -49 -43 -54 0
-39 -42 -47 -49 -43 -51 0
-39 -42 -47 -49 -43 -52 0
-39 -42 -47 -49 -44 -53 0
-39 -42 -47 -49 -44 -54 0
-39 -42 -47 -49 -44 -51 0
-39 -42 -47 -49 -44 -52 0
-39 -42 -47 -49 -53 -54 0
-39 -42 -47 -49 -53 -51 0
-39 -42 -47 -49 -53 -52 0
-39 -42 -47 -49 -54 -51 0
-39 -42 -47 -49 -54 -52 0
-39 -42 -47 -49 -51 -52 0
-39 -42 -47 -50 -43 -44 0
-39 -42 -47 -50 -43 -53 0
-39 -42 -47 -50 -43 -54 0
-39 -42 -47 -50 -43 -51 0
-39 -42 -47 -50 -43 -52 0
-39 -42 -47 -50 -44 -53 0
-39 -42 -47 -50 -44 -54 0
-39 -42 -47 -50 -44 -51 0
-39 -42 -47 -50 -44 -52 0
-39 -42 -47 -50 -53 -54 0
-39 -42 -47 -50 -53 -51 0
-39 -42 -47 -50 -53 -52 0
-39 -42 -47 -50 -54 -51 0
-39 -42 -47 -50 -54 -52 0
-39 -42 -47 -50 -51 -52 0
-39 -42 -47 -43 -44 -53 0
-39 -42 -47 -43 -44 -54 0
-39 -42 -47 -43 -44 -51 0
-39 -42 -47 -43 -44 -52 0
-39 -42 -47 -43 -53 -54 0
-39 -42 -47 -43 -53 -51 0
-39 -42 -47 -43 -53 -52 0
-39 -42 -47 -43 -54 -51 0
-39 -42 -47 -43 -54 -52 0
-39 -42 -47 -43 -51 -52 0
-39 -42 -47 -44 -53 -54 0
-39 -42 -47 -44 -53 -51 0
-39 -42 -47 -44 -53 -52 0
-39 -42 -47 -44 -54 -51 0
-39 -42 -47 -44 -54 -52 0
-39 -42 -47 -44 -51 -52 0
-39 -42 -47 -53 -54 -51 0
-39 -42 -47 -53 -54 -52 0
-39 -42 -47 -53 -51 -52 0
-39 -42 -47 -54 -51 -52 0
-39 -42 -48 -49 -50 -43 0
-39 -42 -48 -49 -50 -44 0
-39 -42 -48 -49 -50 -53 0
-39 -42 -48 -49 -50 -54 0
-39 -42 -48 -49 -50 -51 0
-39 -42 -48 -49 -50 -52 0
-39 -42 -48 -49 -43 -44 0
-39 -42 -48 -49 -43 -53 0
-39 -42 -48 -49 -43 -54 0
-39 -42 -48 -49 -43 -51 0
-39 -42 -48 -49 -43 -52 0
-39 -42 -48 -49 -44 -53 0
-39 -42 -48 -49 -44 -54 0
-39 -42 -48 -49 -44 -51 0
-39 -42 -48 -49 -44 -52 0
-39 -42 -48 -49 -53 -54 0
-39 -42 -48 -49 -53 -51 0
-39 -42 -48 -49 -53 -52 0
-39 -42 -48 -49 -54 -51 0
-39 -42 -48 -49 -54 -52 0
-39 -42 -48 -49 -51 -52 0
-39 -42 -48 -50 -43 -44 0
-39 -42 -48 -50 -43 -53 0
-39 -42 -48 -50 -43 -54 0
-39 -42 -48 -50 -43 -51 0
-39 -42 -48 -50 -43 -52 0
-39 -42 -48 -50 -44 -53 0
-39 -42 -48 -50 -44 -54 0
-39 -42 -48 -50 -44 -51 0
-39 -42 -48 -50 -44 -52 0
-39 -42 -48 -50 -53 -54 0
-39 -42 -48 -50 -53 -51 0
-39 -42 -48 -50 -53 -52 0
-39 -42 -48 -50 -54 -51 0
-39 -42 -48 -50 -54 -52 0
-39 -42 -48 -50 -51 -52 0
-39 -42 -48 -43 -44 -53 0
-39 -42 -48 -43 -44 -54 0
-39 -42 -48 -43 -44 -51 0
-39 -42 -48 -43 -44 -52 0
-39 -42 -48 -43 -53 -54 0
-39 -42 -48 -43 -53 -51 0
-39 -42 -48 -43 -53 -52 0
-39 -42 -48 -43 -54 -51 0
-39 -42 -48 -43 -54 -52 0
-39 -42 -48 -43 -51 -52 0
-39 -42 -48 -44 -53 -54 0
-39 -42 -48 -44 -53 -51 0
-39 -42 -48 -44 -53 -52 0
-39 -42 -48 -44 -54 -51 0
-39 -42 -48 -44 -54 -52 0
-39 -42 -48 -44 -51 -52 0
-39 -42 -48 -53 -54 -51 0
-39 -42 -48 -53 -54 -52 0
-39 -42 -48 -53 -51 -52 0
-39 -42 -48 -54 -51 -52 0
-39 -42 -49 -50 -43 -44 0
-39 -42 -49 -50 -43 -53 0
-39 -42 -49 -50 -43 -54 0
-39 -42 -49 -50 -43 -51 0
-39 -42 -49 -50 -43 -52 0
-39 -42 -49 -50 -44 -53 0
-39 -42 -49 -50 -44 -54 0
-39 -42 -49 -50 -44 -51 0
-39 -42 -49 -50 -44 -52 0
-39 -42 -49 -50 -53 -54 0
-39 -42 -49 -50 -53 -51 0
-39 -42 -49 -50 -53 -52 0
-39 -42 -49 -50 -54 -51 0
-39 -42 -49 -50 -54 -52 0
-39 -42 -49 -50 -51 -52 0
-39 -42 -49 -43 -44 -53 0
-39 -42 -49 -43 -44 -54 0
-39 -42 -49 -43 -44 -51 0
-39 -42 -49 -43 -44 -52 0
-39 -42 -49 -43 -53 -54 0
-39 -42 -49 -43 -53 -51 0
-39 -42 -49 -43 -53 -52 0
-39 -42 -49 -43 -54 -51 0
-39 -42 -49 -43 -54 -52 0
-39 -42 -49 -43 -51 -52 0
-39 -42 -49 -44 -53 -54 0
-39 -42 -49 -44 -53 -51 0
-39 -42 -49 -44 -53 -52 0
-39 -42 -49 -44 -54 -51 0
-39 -42 -49 -44 -54 -52 0
-39 -42 -49 -44 -51 -52 0
-39 -42 -49 -53 -54 -51 0
-39 -42 -49 -53 -54 -52 0
-39 -42 -49 -53 -51 -52 0
-39 -42 -49 -54 -51 -52 0
-39 -42 -50 -43 -44 -53 0
-39 -42 -50 -43 -44 -54 0
-39 -42 -50 -43 -44 -51 0
-39 -42 -50 -43 -44 -52 0
-39 -42 -50 -43 -53 -54 0
-39 -42 -50 -43 -53 -51 0
-39 -42 -50 -43 -53 -52 0
-39 -42 -50 -43 -54 -51 0
-39 -42 -50 -43 -54 -52 0
-39 -42 -50 -43 -51 -52 0
-39 -42 -50 -44 -53 -54 0
-39 -42 -50 -44 -53 -51 0
-39 -42 -50 -44 -53 -52 0
-39 -42 -50 -44 -54 -51 0
-39 -42 -50 -44 -54 -52 0
-39 -42 -50 -44 -51 -52 0
-39 -42 -50 -53 -54 -51 0
-39 -42 -50 -53 -54 -52 0
-39 -42 -50 -53 -51 -52 0
-39 -42 -50 -54 -51 -52 0
-39 -42 -43 -44 -53 -54 0
-39 -42 -43 -44 -53 -51 0
-39 -42 -43 -44 -53 -52 0
-39 -42 -43 -44 -54 -51 0
-39 -42 -43 -44 -54 -52 0
-39 -42 -43 -44 -51 -52 0
-39 -42 -43 -53 -54 -51 0
-39 -42 -43 -53 -54 -52 0
-39 -42 -43 -53 -51 -52 0
-39 -42 -43 -54 -51 -52 0
-39 -42 -44 -53 -54 -51 0
-39 -42 -44 -53 -54 -52 0
-39 -42 -44 -53 -51 -52 0
-39 -42 -44 -54 -51 -52 0
-39 -42 -53 -54 -51 -52 0
-39 -45 -46 -47 -48 -49 0
-39 -45 -46 -47 -48 -50 0
-39 -45 -46 -47 -48 -43 0
-39 -45 -46 -47 -48 -44 0
-39 -45 -46 -47 -48 -53 0
-39 -45 -46 -47 -48 -54 0
-39 -45 -46 -47 -48 -51 0
-39 -45 -46 -47 -48 -52 0
-39 -45 -46 -47 -49 -50 0
-39 -45 -46 -47 -49 -43 0
-39 -45 -46 -47 -49 -44 0
-39 -45 -46 -47 -49 -53 0
-39 -45 -46 -47 -49 -54 0
-39 -45 -46 -47 -49 -51 0
-39 -45 -46 -47 -49 -52 0
-39 -45 -46 -47 -50 -43 0
-39 -45 -46 -47 -50 -44 0
-39 -45 -46 -47 -50 -53 0
-39 -45 -46 -47 -50 -54 0
-39 -45 -46 -47 -50 -51 0
-39 -45 -46 -47 -50 -52 0
-39 -45 -46 -47 -43 -44 0
-39 -45 -46 -47 -43 -53 0
-39 -45 -46 -47 -43 -54 0
-39 -45 -46 -47 -43 -51 0
-39 -45 -46 -47 -43 -52 0
-39 -45 -46 -47 -44 -53 0
-39 -45 -46 -47 -44 -54 0
-39 -45 -46 -47 -44 -51 0
-39 -45 -46 -47 -44 -52 0
-39 -45 -46 -47 -53 -54 0
-39 -45 -46 -47 -53 -51 0
-39 -45 -46 -47 -53 -52 0
-39 -45 -46 -47 -54 -51 0
-39 -45 -46 -47 -54 -52 0
-39 -45 -46 -47 -51 -52 0
-39 -45 -46 -48 -49 -50 0
-39 -45 -46 -48 -49 -43 0
-39 -45 -46 -48 -49 -44 0
-39 -45 -46 -48 -49 -53 0
-39 -45 -46 -48 -49 -54 0
-39 -45 -46 -48 -49 -51 0
-39 -45 -46 -48 -49 -52 0
-39 -45 -46 -48 -50 -43 0
-39 -45 -46 -48 -50 -44 0
-39 -45 -46 -48 -50 -53 0
-39 -45 -46 -48 -50 -54 0
-39 -45 -46 -48 -50 -51 0
-39 -45 -46 -48 -50 -52 0
-39 -45 -46 -48 -43 -44 0
-39 -45 -46 -48 -43 -53 0
-39 -45 -46 -48 -43 -54 0
-39 -45 -46 -48 -43 -51 0
-39 -45 -46 -48 -43 -52 0
-39 -45 -46 -48 -44 -53 0
-39 -45 -46 -48 -44 -54 0
-39 -45 -46 -48 -44 -51 0
-39 -45 -46 -48 -44 -52 0
-39 -45 -46 -48 -53 -54 0
-39 -45 -46 -48 -53 -51 0
-39 -45 -46 -48 -53 -52 0
-39 -45 -46 -48 -54 -51 0
-39 -45 -46 -48 -54 -52 0
-39 -45 -46 -48 -51 -52 0
-39 -45 -46 -49 -50 -43 0
-39 -45 -46 -49 -50 -44 0
-39 -45 -46 -49 -50 -53 0
-39 -45 -46 -49 -50 -54 0
-39 -45 -46 -49 -50 -51 0
-39 -45 -46 -49 -50 -52 0
-39 -45 -46 -49 -43 -44 0
-39 -45 -46 -49 -43 -53 0
-39 -45 -46 -49 -43 -54 0
-39 -45 -46 -49 -43 -51 0
-39 -45 -46 -49 -43 -52 0
-39 -45 -46 -49 -44 -53 0
-39 -45 -46 -49 -44 -54 0
-39 -45 -46 -49 -44 -51 0
-39 -45 -46 -49 -44 -52 0
-39 -45 -46 -49 -53 -54 0
-39 -45 -46 -49 -53 -51 0
-39 -45 -46 -49 -53 -52 0
-39 -45 -46 -49 -54 -51 0
-39 -45 -46 -49 -54 -52 0
-39 -45 -46 -49 -51 -52 0
-39 -45 -46 -50 -43 -44 0
-39 -45 -46 -50 -43 -53 0
-39 -45 -46 -50 -43 -54 0
-39 -45 -46 -50 -43 -51 0
-39 -45 -46 -50 -43 -52 0
-39 -45 -46 -50 -44 -53 0
-39 -45 -46 -50 -44 -54 0
-39 -45 -46 -50 -44 -51 0
-39 -45 -46 -50 -44 -52 0
-39 -45 -46 -50 -53 -54 0
-39 -45 -46 -50 -53 -51 0
-39 -45 -46 -50 -53 -52 0
-39 -45 -46 -50 -54 -51 0
-39 -45 -46 -50 -54 -52 0
-39 -45 -46 -50 -51 -52 0
-39 -45 -46 -43 -44 -53 0
-39 -45 -46 -43 -44 -54 0
-39 -45 -46 -43 -44 -51 0
-39 -45 -46 -43 -44 -52 0
-39 -45 -46 -43 -53 -54 0
-39 -45 -46 -43 -53 -51 0
-39 -45 -46 -43 -53 -52 0
-39 -45 -46 -43 -54 -51 0
-39 -45 -46 -43 -54 -52 0
-39 -45 -46 -43 -51 -52 0
-39 -45 -46 -44 -53 -54 0
-39 -45 -46 -44 -53 -51 0
-39 -45 -46 -44 -53 -52 0
-39 -45 -46 -44 -54 -51 0
-39 -45 -46 -44 -54 -52 0
-39 -45 -46 -44 -51 -52 0
-39 -45 -46 -53 -54 -51 0
-39 -45 -46 -53 -54 -52 0
-39 -45 -46 -53 -51 -52 0
-39 -45 -46 -54 -51 -52 0
-39 -45 -47 -48 -49 -50 0
-39 -45 -47 -48 -49 -43 0
-39 -45 -47 -48 -49 -44 0
-39 -45 -47 -48 -49 -53 0
-39 -45 -47 -48 -49 -54 0
-39 -45 -47 -48 -49 -51 0
-39 -45 -47 -48 -49 -52 0
-39 -45 -47 -48 -50 -43 0
-39 -45 -47 -48 -50 -44 0
-39 -45 -47 -48 -50 -53 0
-39 -45 -47 -48 -50 -54 0
-39 -45 -47 -48 -50 -51 0
-39 -45 -47 -48 -50 -52 0
-39 -45 -47 -48 -43 -44 0
-39 -45 -47 -48 -43 -53 0
-39 -45 -47 -48 -43 -54 0
-39 -45 -47 -48 -43 -51 0
-39 -45 -47 -48 -43 -52 0
-39 -45 -47 -48 -44 -53 0
-39 -45 -47 -48 -44 -54 0
-39 -45 -47 -48 -44 -51 0
-39 -45 -47 -48 -44 -52 0
-39 -45 -47 -48 -53 -54 0
-39 -45 -47 -48 -53 -51 0
-39 -45 -47 -48 -53 -52 0
-39 -45 -47 -48 -54 -51 0
-39 -45 -47 -48 -54 -52 0
-39 -45 -47 -48 -51 -52 0
-39 -45 -47 -49 -50 -43 0
-39 -45 -47 -49 -50 -44 0
-39 -45 -47 -49 -50 -53 0
-39 -45 -47 -49 -50 -54 0
-39 -45 -47 -49 -50 -51 0
-39 -45 -47 -49 -50 -52 0
-39 -45 -47 -49 -43 -44 0
-39 -45 -47 -49 -43 -53 0
-39 -45 -47 -49 -43 -54 0
-39 -45 -47 -49 -43 -51 0
-39 -45 -47 -49 -43 -52 0
-39 -45 -47 -49 -44 -53 0
-39 -45 -47 -49 -44 -54 0
-39 -45 -47 -49 -44 -51 0
-39 -45 -47 -49 -44 -52 0
-39 -45 -47 -49 -53 -54 0
-39 -45 -47 -49 -53 -51 0
-39 -45 -47 -49 -53 -52 0
-39 -45 -47 -49 -54 -51 0
-39 -45 -47 -49 -54 -52 0
-39 -45 -47 -49 -51 -52 0
-39 -45 -47 -50 -43 -44 0
-39 -45 -47 -50 -43 -53 0
-39 -45 -47 -50 -43 -54 0
-39 -45 -47 -50 -43 -51 0
-39 -45 -47 -50 -43 -52 0
-39 -45 -47 -50 -44 -53 0
-39 -45 -47 -50 -44 -54 0
-39 -45 -47 -50 -44 -51 0
-39 -45 -47 -50 -44 -52 0
-39 -45 -47 -50 -53 -54 0
-39 -45 -47 -50 -53 -51 0
-39 -45 -47 -50 -53 -52 0
-39 -45 -47 -50 -54 -51 0
-39 -45 -47 -50 -54 -52 0
-39 -45 -47 -50 -51 -52 0
-39 -45 -47 -43 -44 -53 0
-39 -45 -47 -43 -44 -54 0
-39 -45 -47 -43 -44 -51 0
-39 -45 -47 -43 -44 -52 0
-39 -45 -47 -43 -53 -54 0
-39 -45 -47 -43 -53 -51 0
-39 -45 -47 -43 -53 -52 0
-39 -45 -47 -43 -54 -51 0
-39 -45 -47 -43 -54 -52 0
-39 -45 -47 -43 -51 -52 0
-39 -45 -47 -44 -53 -54 0
-39 -45 -47 -44 -53 -51 0
-39 -45 -47 -44 -53 -52 0
-39 -45 -47 -44 -54 -51 0
-39 -45 -47 -44 -54 -52 0
-39 -45 -47 -44 -51 -52 0
-39 -45 -47 -53 -54 -51 0
-39 -45 -47 -53 -54 -52 0
-39 -45 -47 -53 -51 -52 0
-39 -45 -47 -54 -51 -52 0
-39 -45 -48 -49 -50 -43 0
-39 -45 -48 -49 -50 -44 0
-39 -45 -48 -49 -50 -53 0
-39 -45 -48 -49 -50 -54 0
-39 -45 -48 -49 -50 -51 0
-39 -45 -48 -49 -50 -52 0
-39 -45 -48 -49 -43 -44 0
-39 -45 -48 -49 -43 -53 0
-39 -45 -48 -49 -43 -54 0
-39 -45 -48 -49 -43 -51 0
-39 -45 -48 -49 -43 -52 0
-39 -45 -48 -49 -44 -53 0
-39 -45 -48 -49 -44 -54 0
-39 -45 -48 -49 -44 -51 0
-39 -45 -48 -49 -44 -52 0
-39 -45 -48 -49 -53 -54 0
-39 -45 -48 -49 -53 -51 0
-39 -45 -48 -49 -53 -52 0
-39 -45 -48 -49 -54 -51 0
-39 -45 -48 -49 -54 -52 0
-39 -45 -48 -49 -51 -52 0
-39 -45 -48 -50 -43 -44 0
-39 -45 -48 -50 -43 -53 0
-39 -45 -48 -50 -43 -54 0
-39 -45 -48 -50 -43 -51 0
-39 -45 -48 -50 -43 -52 0
-39 -45 -48 -50 -44 -53 0
-39 -45 -48 -50 -44 -54 0
-39 -45 -48 -50 -44 -51 0
-39 -45 -48 -50 -44 -52 0
-39 -45 -48 -50 -53 -54 0
-39 -45 -48 -50 -53 -51 0
-39 -45 -48 -50 -53 -52 0
-39 -45 -48 -50 -54 -51 0
-39 -45 -48 -50 -54 -52 0
-39 -45 -48 -50 -51 -52 0
-39 -45 -48 -43 -44 -53 0
-39 -45 -48 -43 -44 -54 0
-39 -45 -48 -43 -44 -51 0
-39 -45 -48 -43 -44 -52 0
-39 -45 -48 -43 -53 -54 0
-39 -45 -48 -43 -53 -51 0
-39 -45 -48 -43 -53 -52 0
-39 -45 -48 -43 -54 -51 0
-39 -45 -48 -43 -54 -52 0
-39 -45 -48 -43 -51 -52 0
-39 -45 -48 -44 -53 -54 0
-39 -45 -48 -44 -53 -51 0
-39 -45 -48 -44 -53 -52 0
-39 -45 -48 -44 -54 -51 0
-39 -45 -48 -44 -54 -52 0
-39 -45 -48 -44 -51 -52 0
-39 -45 -48 -53 -54 -51 0
-39 -45 -48 -53 -54 -52 0
-39 -45 -48 -53 -51 -52 0
-39 -45 -48 -54 -51 -52 0
-39 -45 -49 -50 -43 -44 0
-39 -45 -49 -50 -43 -53 0
-39 -45 -49 -50 -43 -54 0
-39 -45 -49 -50 -43 -51 0
-39 -45 -49 -50 -43 -52 0
-39 -45 -49 -50 -44 -53 0
-39 -45 -49 -50 -44 -54 0
-39 -45 -49 -50 -44 -51 0
-39 -45 -49 -50 -44 -52 0
-39 -45 -49 -50 -53 -54 0
-39 -45 -49 -50 -53 -51 0
-39 -45 -49 -50 -53 -52 0
-39 -45 -49 -50 -54 -51 0
-39 -45 -49 -50 -54 -52 0
-39 -45 -49 -50 -51 -52 0
-39 -45 -49 -43 -44 -53 0
-39 -45 -49 -43 -44 -54 0
-39 -45 -49 -43 -44 -51 0
-39 -45 -49 -43 -44 -52 0
-39 -45 -49 -43 -53 -54 0
-39 -45 -49 -43 -53 -51 0
-39 -45 -49 -43 -53 -52 0
-39 -45 -49 -43 -54 -51 0
-39 -45 -49 -43 -54 -52 0
-39 -45 -49 -43 -51 -52 0
-39 -45 -49 -44 -53 -54 0
-39 -45 -49 -44 -53 -51 0
-39 -45 -49 -44 -53 -52 0
-39 -45 -49 -44 -54 -51 0
-39 -45 -49 -44 -54 -52 0
-39 -45 -49 -44 -51 -52 0
-39 -45 -49 -53 -54 -51 0
-39 -45 -49 -53 -54 -52 0
-39 -45 -49 -53 -51 -52 0
-39 -45 -49 -54 -51 -52 0
-39 -45 -50 -43 -44 -53 0
-39 -45 -50 -43 -44 -54 0
-39 -45 -50 -43 -44 -51 0
-39 -45 -50 -43 -44 -52 0
-39 -45 -50 -43 -53 -54 0
-39 -45 -50 -43 -53 -51 0
-39 -45 -50 -43 -53 -52 0
-39 -45 -50 -43 -54 -51 0
-39 -45 -50 -43 -54 -52 0
-39 -45 -50 -43 -51 -52 0
-39 -45 -50 -44 -53 -54 0
-39 -45 -50 -44 -53 -51 0
-39 -45 -50 -44 -53 -52 0
-39 -45 -50 -44 -54 -51 0
-39 -45 -50 -44 -54 -52 0
-39 -45 -50 -44 -51 -52 0
-39 -45 -50 -53 -54 -51 0
-39 -45 -50 -53 -54 -52 0
-39 -45 -50 -53 -51 -52 0
-39 -45 -50 -54 -51 -52 0
-39 -45 -43 -44 -53 -54 0
-39 -45 -43 -44 -53 -51 0
-39 -45 -43 -44 -53 -52 0
-39 -45 -43 -44 -54 -51 0
-39 -45 -43 -44 -54 -52 0
-39 -45 -43 -44 -51 -52 0
-39 -45 -43 -53 -54 -51 0
-39 -45 -43 -53 -54 -52 0
-39 -45 -43 -53 -51 -52 0
-39 -45 -43 -54 -51 -52 0
-39 -45 -44 -53 -54 -51 0
-39 -45 -44 -53 -54 -52 0
-39 -45 -44 -53 -51 -52 0
-39 -45 -44 -54 -51 -52 0
-39 -45 -53 -54 -51 -52 0
-39 -46 -47 -48 -49 -50 0
-39 -46 -47 -48 -49 -43 0
-39 -46 -47 -48 -49 -44 0
-39 -46 -47 -48 -49 -53 0
-39 -46 -47 -48 -49 -54 0
-39 -46 -47 -48 -49 -51 0
-39 -46 -47 -48 -49 -52 0
-39 -46 -47 -48 -50 -43 0
-39 -46 -47 -48 -50 -44 0
-39 -46 -47 -48 -50 -53 0
-39 -46 -47 -48 -50 -54 0
-39 -46 -47 -48 -50 -51 0
-39 -46 -47 -48 -50 -52 0
-39 -46 -47 -48 -43 -44 0
-39 -46 -47 -48 -43 -53 0
-39 -46 -47 -48 -43 -54 0
-39 -46 -47 -48 -43 -51 0
-39 -46 -47 -48 -43 -52 0
-39 -46 -47 -48 -44 -53 0
-39 -46 -47 -48 -44 -54 0
-39 -46 -47 -48 -44 -51 0
-39 -46 -47 -48 -44 -52 0
-39 -46 -47 -48 -53 -54 0
-39 -46 -47 -48 -53 -51 0
-39 -46 -47 -48 -53 -52 0
-39 -46 -47 -48 -54 -51 0
-39 -46 -47 -48 -54 -52 0
-39 -46 -47 -48 -51 -52 0
-39 -46 -47 -49 -50 -43 0
-39 -46 -47 -49 -50 -44 0
-39 -46 -47 -49 -50 -53 0
-39 -46 -47 -49 -50 -54 0
-39 -46 -47 -49 -50 -51 0
-39 -46 -47 -49 -50 -52 0
-39 -46 -47 -49 -43 -44 0
-39 -46 -47 -49 -43 -53 0
-39 -46 -47 -49 -43 -54 0
-39 -46 -47 -49 -43 -51 0
-39 -46 -47 -49 -43 -52 0
-39 -46 -47 -49 -44 -53 0
-39 -46 -47 -49 -44 -54 0
-39 -46 -47 -49 -44 -51 0
-39 -46 -47 -49 -44 -52 0
-39 -46 -47 -49 -53 -54 0
-39 -46 -47 -49 -53 -51 0
-39 -46 -47 -49 -53 -52 0
-39 -46 -47 -49 -54 -51 0
-39 -46 -47 -49 -54 -52 0
-39 -46 -47 -49 -51 -52 0
-39 -46 -47 -50 -43 -44 0
-39 -46 -47 -50 -43 -53 0
-39 -46 -47 -50 -43 -54 0
-39 -46 -47 -50 -43 -51 0
-39 -46 -47 -50 -43 -52 0
-39 -46 -47 -50 -44 -53 0
-39 -46 -47 -50 -44 -54 0
-39 -46 -47 -50 -44 -51 0
-39 -46 -47 -50 -44 -52 0
-39 -46 -47 -50 -53 -54 0
-39 -46 -47 -50 -53 -51 0
-39 -46 -47 -50 -53 -52 0
-39 -46 -47 -50 -54 -51 0
-39 -46 -47 -50 -54 -52 0
-39 -46 -47 -50 -51 -52 0
-39 -46 -47 -43 -44 -53 0
-39 -46 -47 -43 -44 -54 0
-39 -46 -47 -43 -44 -51 0
-39 -46 -47 -43 -44 -52 0
-39 -46 -47 -43 -53 -54 0
-39 -46 -47 -43 -53 -51 0
-39 -46 -47 -43 -53 -52 0
-39 -46 -47 -43 -54 -51 0
-39 -46 -47 -43 -54 -52 0
-39 -46 -47 -43 -51 -52 0
-39 -46 -47 -44 -53 -54 0
-39 -46 -47 -44 -53 -51 0
-39 -46 -47 -44 -53 -52 0
-39 -46 -47 -44 -54 -51 0
-39 -46 -47 -44 -54 -52 0
-39 -46 -47 -44 -51 -52 0
-39 -46 -47 -53 -54 -51 0
-39 -46 -47 -53 -54 -52 0
-39 -46 -47 -53 -51 -52 0
-39 -46 -47 -54 -51 -52 0
-39 -46 -48 -49 -50 -43 0
-39 -46 -48 -49 -50 -44 0
-39 -46 -48 -49 -50 -53 0
-39 -46 -48 -49 -50 -54 0
-39 -46 -48 -49 -50 -51 0
-39 -46 -48 -49 -50 -52 0
-39 -46 -48 -49 -43 -44 0
-39 -46 -48 -49 -43 -53 0
-39 -46 -48 -49 -43 -54 0
-39 -46 -48 -49 -43 -51 0
-39 -46 -48 -49 -43 -52 0
-39 -46 -48 -49 -44 -53 0
-39 -46 -48 -49 -44 -54 0
-39 -46 -48 -49 -44 -51 0
-39 -46 -48 -49 -44 -52 0
-39 -46 -48 -49 -53 -54 0
-39 -46 -48 -49 -53 -51 0
-39 -46 -48 -49 -53 -52 0
-39 -46 -48 -49 -54 -51 0
-39 -46 -48 -49 -54 -52 0
-39 -46 -48 -49 -51 -52 0
-39 -46 -48 -50 -43 -44 0
-39 -46 -48 -50 -43 -53 0
-39 -46 -48 -50 -43 -54 0
-39 -46 -48 -50 -43 -51 0
-39 -46 -48 -50 -43 -52 0
-39 -46 -48 -50 -44 -53 0
-39 -46 -48 -50 -44 -54 0
-39 -46 -48 -50 -44 -51 0
-39 -46 -48 -50 -44 -52 0
-39 -46 -48 -50 -53 -54 0
-39 -46 -48 -50 -53 -51 0
-39 -46 -48 -50 -53 -52 0
-39 -46 -48 -50 -54 -51 0
-39 -46 -48 -50 -54 -52 0
-39 -46 -48 -50 -51 -52 0
-39 -46 -48 -43 -44 -53 0
-39 -46 -48 -43 -44 -54 0
-39 -46 -48 -43 -44 -51 0
-39 -46 -48 -43 -44 -52 0
-39 -46 -48 -43 -53 -54 0
-39 -46 -48 -43 -53 -51 0
-39 -46 -48 -43 -53 -52 0
-39 -46 -48 -43 -54 -51 0
-39 -46 -48 -43 -54 -52 0
-39 -46 -48 -43 -51 -52 0
-39 -46 -48 -44 -53 -54 0
-39 -46 -48 -44 -53 -51 0
-39 -46 -48 -44 -53 -52 0
-39 -46 -48 -44 -54 -51 0
-39 -46 -48 -44 -54 -52 0
-39 -46 -48 -44 -51 -52 0
-39 -46 -48 -53 -54 -51 0
-39 -46 -48 -53 -54 -52 0
-39 -46 -48 -53 -51 -52 0
-39 -46 -48 -54 -51 -52 0
-39 -46 -49 -50 -43 -44 0
-39 -46 -49 -50 -43 -53 0
-39 -46 -49 -50 -43 -54 0
-39 -46 -49 -50 -43 -51 0
-39 -46 -49 -50 -43 -52 0
-39 -46 -49 -50 -44 -53 0
-39 -46 -49 -50 -44 -54 0
-39 -46 -49 -50 -44 -51 0
-39 -46 -49 -50 -44 -52 0
-39 -46 -49 -50 -53 -54 0
-39 -46 -49 -50 -53 -51 0
-39 -46 -49 -50 -53 -52 0
-39 -46 -49 -50 -54 -51 0
-39 -46 -49 -50 -54 -52 0
-39 -46 -49 -50 -51 -52 0
-39 -46 -49 -43 -44 -53 0
-39 -46 -49 -43 -44 -54 0
-39 -46 -49 -43 -44 -51 0
-39 -46 -49 -43 -44 -52 0
-39 -46 -49 -43 -53 -54 0
-39 -46 -49 -43 -53 -51 0
-39 -46 -49 -43 -53 -52 0
-39 -46 -49 -43 -54 -51 0
-39 -46 -49 -43 -54 -52 0
-39 -46 -49 -43 -51 -52 0
-39 -46 -49 -44 -53 -54 0
-39 -46 -49 -44 -53 -51 0
-39 -46 -49 -44 -53 -52 0
-39 -46 -49 -44 -54 -51 0
-39 -46 -49 -44 -54 -52 0
-39 -46 -49 -44 -51 -52 0
-39 -46 -49 -53 -54 -51 0
-39 -46 -49 -53 -54 -52 0
-39 -46 -49 -53 -51 -52 0
-39 -46 -49 -54 -51 -52 0
-39 -46 -50 -43 -44 -53 0
-39 -46 -50 -43 -44 -54 0
-39 -46 -50 -43 -44 -51 0
-39 -46 -50 -43 -44 -52 0
-39 -46 -50 -43 -53 -54 0
-39 -46 -50 -43 -53 -51 0
-39 -46 -50 -43 -53 -52 0
-39 -46 -50 -43 -54 -51 0
-39 -46 -50 -43 -54 -52 0
-39 -46 -50 -43 -51 -52 0
-39 -46 -50 -44 -53 -54 0
-39 -46 -50 -44 -53 -51 0
-39 -46 -50 -44 -53 -52 0
-39 -46 -50 -44 -54 -51 0
-39 -46 -50 -44 -54 -52 0
-39 -46 -50 -44 -51 -52 0
-39 -46 -50 -53 -54 -51 0
-39 -46 -50 -53 -54 -52 0
-39 -46 -50 -53 -51 -52 0
-39 -46 -50 -54 -51 -52 0
-39 -46 -43 -44 -53 -54 0
-39 -46 -43 -44 -53 -51 0
-39 -46 -43 -44 -53 -52 0
-39 -46 -43 -44 -54 -51 0
-39 -46 -43 -44 -54 -52 0
-39 -46 -43 -44 -51 -52 0
-39 -46 -43 -53 -54 -51 0
-39 -46 -43 -53 -54 -52 0
-39 -46 -43 -53 -51 -52 0
-39 -46 -43 -54 -51 -52 0
-39 -46 -44 -53 -54 -51 0
-39 -46 -44 -53 -54 -52 0
-39 -46 -44 -53 -51 -52 0
-39 -46 -44 -54 -51 -52 0
-39 -46 -53 -54 -51 -52 0
-39 -47 -48 -49 -50 -43 0
-39 -47 -48 -49 -50 -44 0
-39 -47 -48 -49 -50 -53 0
-39 -47 -48 -49 -50 -54 0
-39 -47 -48 -49 -50 -51 0
-39 -47 -48 -49 -50 -52 0
-39 -47 -48 -49 -43 -44 0
-39 -47 -48 -49 -43 -53 0
-39 -47 -48 -49 -43 -54 0
-39 -47 -48 -49 -43 -51 0
-39 -47 -48 -49 -43 -52 0
-39 -47 -48 -49 -44 -53 0
-39 -47 -48 -49 -44 -54 0
-39 -47 -48 -49 -44 -51 0
-39 -47 -48 -49 -44 -52 0
-39 -47 -48 -49 -53 -54 0
-39 -47 -48 -49 -53 -51 0
-39 -47 -48 -49 -53 -52 0
-39 -47 -48 -49 -54 -51 0
-39 -47 -48 -49 -54 -52 0
-39 -47 -48 -49 -51 -52 0
-39 -47 -48 -50 -43 -44 0
-39 -47 -48 -50 -43 -53 0
-39 -47 -48 -50 -43 -54 0
-39 -47 -48 -50 -43 -51 0
-39 -47 -48 -50 -43 -52 0
-39 -47 -48 -50 -44 -53 0
-39 -47 -48 -50 -44 -54 0
-39 -47 -48 -50 -44 -51 0
-39 -47 -48 -50 -44 -52 0
-39 -47 -48 -50 -53 -54 0
-39 -47 -48 -50 -53 -51 0
-39 -47 -48 -50 -53 -52 0
-39 -47 -48 -50 -54 -51 0
-39 -47 -48 -50 -54 -52 0
-39 -47 -48 -50 -51 -52 0
-39 -47 -48 -43 -44 -53 0
-39 -47 -48 -43 -44 -54 0
-39 -47 -48 -43 -44 -51 0
-39 -47 -48 -43 -44 -52 0
-39 -47 -48 -43 -53 -54 0
-39 -47 -48 -43 -53 -51 0
-39 -47 -48 -43 -53 -52 0
-39 -47 -48 -43 -54 -51 0
-39 -47 -48 -43 -54 -52 0
-39 -47 -48 -43 -51 -52 0
-39 -47 -48 -44 -53 -54 0
-39 -47 -48 -44 -53 -51 0
-39 -47 -48 -44 -53 -52 0
-39 -47 -48 -44 -54 -51 0
-39 -47 -48 -44 -54 -52 0
-39 -47 -48 -44 -51 -52 0
-39 -47 -48 -53 -54 -51 0
-39 -47 -48 -53 -54 -52 0
-39 -47 -48 -53 -51 -52 0
-39 -47 -48 -54 -51 -52 0
-39 -47 -49 -50 -43 -44 0
-39 -47 -49 -50 -43 -53 0
-39 -47 -49 -50 -43 -54 0
-39 -47 -49 -50 -43 -51 0
-39 -47 -49 -50 -43 -52 0
-39 -47 -49 -50 -44 -53 0
-39 -47 -49 -50 -44 -54 0
-39 -47 -49 -50 -44 -51 0
-39 -47 -49 -50 -44 -52 0
-39 -47 -49 -50 -53 -54 0
-39 -47 -49 -50 -53 -51 0
-39 -47 -49 -50 -53 -52 0
-39 -47 -49 -50 -54 -51 0
-39 -47 -49 -50 -54 -52 0
-39 -47 -49 -50 -51 -52 0
-39 -47 -49 -43 -44 -53 0
-39 -47 -49 -43 -44 -54 0
-39 -47 -49 -43 -44 -51 0
-39 -47 -49 -43 -44 -52 0
-39 -47 -49 -43 -53 -54 0
-39 -47 -49 -43 -53 -51 0
-39 -47 -49 -43 -53 -52 0
-39 -47 -49 -43 -54 -51 0
-39 -47 -49 -43 -54 -52 0
-39 -47 -49 -43 -51 -52 0
-39 -47 -49 -44 -53 -54 0
-39 -47 -49 -44 -53 -51 0
-39 -47 -49 -44 -53 -52 0
-39 -47 -49 -44 -54 -51 0
-39 -47 -49 -44 -54 -52 0
-39 -47 -49 -44 -51 -52 0
-39 -47 -49 -53 -54 -51 0
-39 -47 -49 -53 -54 -52 0
-39 -47 -49 -53 -51 -52 0
-39 -47 -49 -54 -51 -52 0
-39 -47 -50 -43 -44 -53 0
-39 -47 -50 -43 -44 -54 0
-39 -47 -50 -43 -44 -51 0
-39 -47 -50 -43 -44 -52 0
-39 -47 -50 -43 -53 -54 0
-39 -47 -50 -43 -53 -51 0
-39 -47 -50 -43 -53 -52 0
-39 -47 -50 -43 -54 -51 0
-39 -47 -50 -43 -54 -52 0
-39 -47 -50 -43 -51 -52 0
-39 -47 -50 -44 -53 -54 0
-39 -47 -50 -44 -53 -51 0
-39 -47 -50 -44 -53 -52 0
-39 -47 -50 -44 -54 -51 0
-39 -47 -50 -44 -54 -52 0
-39 -47 -50 -44 -51 -52 0
-39 -47 -50 -53 -54 -51 0
-39 -47 -50 -53 -54 -52 0
-39 -47 -50 -53 -51 -52 0
-39 -47 -50 -54 -51 -52 0
-39 -47 -43 -44 -53 -54 0
-39 -47 -43 -44 -53 -51 0
-39 -47 -43 -44 -53 -52 0
-39 -47 -43 -44 -54 -51 0
-39 -47 -43 -44 -54 -52 0
-39 -47 -43 -44 -51 -52 0
-39 -47 -43 -53 -54 -51 0
-39 -47 -43 -53 -54 -52 0
-39 -47 -43 -53 -51 -52 0
-39 -47 -43 -54 -51 -52 0
-39 -47 -44 -53 -54 -51 0
-39 -47 -44 -53 -54 -52 0
-39 -47 -44 -53 -51 -52 0
-39 -47 -44 -54 -51 -52 0
-39 -47 -53 -54 -51 -52 0
-39 -48 -49 -50 -43 -44 0
-39 -48 -49 -50 -43 -53 0
-39 -48 -49 -50 -43 -54 0
-39 -48 -49 -50 -43 -51 0
-39 -48 -49 -50 -43 -52 0
-39 -48 -49 -50 -44 -53 0
-39 -48 -49 -50 -44 -54 0
-39 -48 -49 -50 -44 -51 0
-39 -48 -49 -50 -44 -52 0
-39 -48 -49 -50 -53 -54 0
-39 -48 -49 -50 -53 -51 0
-39 -48 -49 -50 -53 -52 0
-39 -48 -49 -50 -54 -51 0
-39 -48 -49 -50 -54 -52 0
-39 -48 -49 -50 -51 -52 0
-39 -48 -49 -43 -44 -53 0
-39 -48 -49 -43 -44 -54 0
-39 -48 -49 -43 -44 -51 0
-39 -48 -49 -43 -44 -52 0
-39 -48 -49 -43 -53 -54 0
-39 -48 -49 -43 -53 -51 0
-39 -48 -49 -43 -53 -52 0
-39 -48 -49 -43 -54 -51 0
-39 -48 -49 -43 -54 -52 0
-39 -48 -49 -43 -51 -52 0
-39 -48 -49 -44 -53 -54 0
-39 -48 -49 -44 -53 -51 0
-39 -48 -49 -44 -53 -52 0
-39 -48 -49 -44 -54 -51 0
-39 -48 -49 -44 -54 -52 0
-39 -48 -49 -44 -51 -52 0
-39 -48 -49 -53 -54 -51 0
-39 -48 -49 -53 -54 -52 0
-39 -48 -49 -53 -51 -52 0
-39 -48 -49 -54 -51 -52 0
-39 -48 -50 -43 -44 -53 0
-39 -48 -50 -43 -44 -54 0
-39 -48 -50 -43 -44 -51 0
-39 -48 -50 -43 -44 -52 0
-39 -48 -50 -43 -53 -54 0
-39 -48 -50 -43 -53 -51 0
-39 -48 -50 -43 -53 -52 0
-39 -48 -50 -43 -54 -51 0
-39 -48 -50 -43 -54 -52 0
-39 -48 -50 -43 -51 -52 0
-39 -48 -50 -44 -53 -54 0
-39 -48 -50 -44 -53 -51 0
-39 -48 -50 -44 -53 -52 0
-39 -48 -50 -44 -54 -51 0
-39 -48 -50 -44 -54 -52 0
-39 -48 -50 -44 -51 -52 0
-39 -48 -50 -53 -54 -51 0
-39 -48 -50 -53 -54 -52 0
-39 -48 -50 -53 -51 -52 0
-39 -48 -50 -54 -51 -52 0
-39 -48 -43 -44 -53 -54 0
-39 -48 -43 -44 -53 -51 0
-39 -48 -43 -44 -53 -52 0
-39 -48 -43 -44 -54 -51 0
-39 -48 -43 -44 -54 -52 0
-39 -48 -43 -44 -51 -52 0
-39 -48 -43 -53 -54 -51 0
-39 -48 -43 -53 -54 -52 0
-39 -48 -43 -53 -51 -52 0
-39 -48 -43 -54 -51 -52 0
-39 -48 -44 -53 -54 -51 0
-39 -48 -44 -53 -54 -52 0
-39 -48 -44 -53 -51 -52 0
-39 -48 -44 -54 -51 -52 0
-39 -48 -53 -54 -51 -52 0
-39 -49 -50 -43 -44 -53 0
-39 -49 -50 -43 -44 -54 0
-39 -49 -50 -43 -44 -51 0
-39 -49 -50 -43 -44 -52 0
-39 -49 -50 -43 -53 -54 0
-39 -49 -50 -43 -53 -51 0
-39 -49 -50 -43 -53 -52 0
-39 -49 -50 -43 -54 -51 0
-39 -49 -50 -43 -54 -52 0
-39 -49 -50 -43 -51 -52 0
-39 -49 -50 -44 -53 -54 0
-39 -49 -50 -44 -53 -51 0
-39 -49 -50 -44 -53 -52 0
-39 -49 -50 -44 -54 -51 0
-39 -49 -50 -44 -54 -52 0
-39 -49 -50 -44 -51 -52 0
-39 -49 -50 -53 -54 -51 0
-39 -49 -50 -53 -54 -52 0
-39 -49 -50 -53 -51 -52 0
-39 -49 -50 -54 -51 -52 0
-39 -49 -43 -44 -53 -54 0
-39 -49 -43 -44 -53 -51 0
-39 -49 -43 -44 -53 -52 0
-39 -49 -43 -44 -54 -51 0
-39 -49 -43 -44 -54 -52 0
-39 -49 -43 -44 -51 -52 0
-39 -49 -43 -53 -54 -51 0
-39 -49 -43 -53 -54 -52 0
-39 -49 -43 -53 -51 -52 0
-39 -49 -43 -54 -51 -52 0
-39 -49 -44 -53 -54 -51 0
-39 -49 -44 -53 -54 -52 0
-39 -49 -44 -53 -51 -52 0
-39 -49 -44 -54 -51 -52 0
-39 -49 -53 -54 -51 -52 0
-39 -50 -43 -44 -53 -54 0
-39 -50 -43 -44 -53 -51 0
-39 -50 -43 -44 -53 -52 0
-39 -50 -43 -44 -54 -51 0
-39 -50 -43 -44 -54 -52 0
-39 -50 -43 -44 -51 -52 0
-39 -50 -43 -53 -54 -51 0
-39 -50 -43 -53 -54 -52 0
-39 -50 -43 -53 -51 -52 0
-39 -50 -43 -54 -51 -52 0
-39 -50 -44 -53 -54 -51 0
-39 -50 -44 -53 -54 -52 0
-39 -50 -44 -53 -51 -52 0
-39 -50 -44 -54 -51 -52 0
-39 -50 -53 -54 -51 -52 0
-39 -43 -44 -53 -54 -51 0
-39 -43 -44 -53 -54 -52 0
-39 -43 -44 -53 -51 -52 0
-39 -43 -44 -54 -51 -52 0
-39 -43 -53 -54 -51 -52 0
-39 -44 -53 -54 -51 -52 0
-40 -41 -42 -45 -46 -47 0
-40 -41 -42 -45 -46 -48 0
-40 -41 -42 -45 -46 -49 0
-40 -41 -42 -45 -46 -50 0
-40 -41 -42 -45 -46 -43 0
-40 -41 -42 -45 -46 -44 0
-40 -41 -42 -45 -46 -53 0
-40 -41 -42 -45 -46 -54 0
-40 -41 -42 -45 -46 -51 0
-40 -41 -42 -45 -46 -52 0
-40 -41 -42 -45 -47 -48 0
-40 -41 -42 -45 -47 -49 0
-40 -41 -42 -45 -47 -50 0
-40 -41 -42 -45 -47 -43 0
-40 -41 -42 -45 -47 -44 0
-40 -41 -42 -45 -47 -53 0
-40 -41 -42 -45 -47 -54 0
-40 -41 -42 -45 -47 -51 0
-40 -41 -42 -45 -47 -52 0
-40 -41 -42 -45 -48 -49 0
-40 -41 -42 -45 -48 -50 0
-40 -41 -42 -45 -48 -43 0
-40 -41 -42 -45 -48 -44 0
-40 -41 -42 -45 -48 -53 0
-40 -41 -42 -45 -48 -54 0
-40 -41 -42 -45 -48 -51 0
-40 -41 -42 -45 -48 -52 0
-40 -41 -42 -45 -49 -50 0
-40 -41 -42 -45 -49 -43 0
-40 -41 -42 -45 -49 -44 0
-40 -41 -42 -45 -49 -53 0
-40 -41 -42 -45 -49 -54 0
-40 -41 -42 -45 -49 -51 0
-40 -41 -42 -45 -49 -52 0
-40 -41 -42 -45 -50 -43 0
-40 -41 -42 -45 -50 -44 0
-40 -41 -42 -45 -50 -53 0
-40 -41 -42 -45 -50 -54 0
-40 -41 -42 -45 -50 -51 0
-40 -41 -42 -45 -50 -52 0
-40 -41 -42 -45 -43 -44 0
-40 -41 -42 -45 -43 -53 0
-40 -41 -42 -45 -43 -54 0
-40 -41 -42 -45 -43 -51 0
-40 -41 -42 -45 -43 -52 0
-40 -41 -42 -45 -44 -53 0
-40 -41 -42 -45 -44 -54 0
-40 -41 -42 -45 -44 -51 0
-40 -41 -42 -45 -44 -52 0
-40 -41 -42 -45 -53 -54 0
-40 -41 -42 -45 -53 -51 0
-40 -41 -42 -45 -53 -52 0
-40 -41 -42 -45 -54 -51 0
-40 -41 -42 -45 -54 -52 0
-40 -41 -42 -45 -51 -52 0
-40 -41 -42 -46 -47 -48 0
-40 -41 -42 -46 -47 -49 0
-40 -41 -42 -46 -47 -50 0
-40 -41 -42 -46 -47 -43 0
-40 -41 -42 -46 -47 -44 0
-40 -41 -42 -46 -47 -53 0
-40 -41 -42 -46 -47 -54 0
-40 -41 -42 -46 -47 -51 0
-40 -41 -42 -46 -47 -52 0
-40 -41 -42 -46 -48 -49 0
-40 -41 -42 -46 -48 -50 0
-40 -41 -42 -46 -48 -43 0
-40 -41 -42 -46 -48 -44 0
-40 -41 -42 -46 -48 -53 0
-40 -41 -42 -46 -48 -54 0
-40 -41 -42 -46 -48 -51 0
-40 -41 -42 -46 -48 -52 0
-40 -41 -42 -46 -49 -50 0
-40 -41 -42 -46 -49 -43 0
-40 -41 -42 -46 -49 -44 0
-40 -41 -42 -46 -49 -53 0
-40 -41 -42 -46 -49 -54 0
-40 -41 -42 -46 -49 -51 0
-40 -41 -42 -46 -49 -52 0
-40 -41 -42 -46 -50 -43 0
-40 -41 -42 -46 -50 -44 0
-40 -41 -42 -46 -50 -53 0
-40 -41 -42 -46 -50 -54 0
-40 -41 -42 -46 -50 -51 0
-40 -41 -42 -46 -50 -52 0
-40 -41 -42 -46 -43 -44 0
-40 -41 -42 -46 -43 -53 0
-40 -41 -42 -46 -43 -54 0
-40 -41 -42 -46 -43 -51 0
-40 -41 -42 -46 -43 -52 0
-40 -41 -42 -46 -44 -53 0
-40 -41 -42 -46 -44 -54 0
-40 -41 -42 -46 -44 -51 0
-40 -41 -42 -46 -44 -52 0
-40 -41 -42 -46 -53 -54 0
-40 -41 -42 -46 -53 -51 0
-40 -41 -42 -46 -53 -52 0
-40 -41 -42 -46 -54 -51 0
-40 -41 -42 -46 -54 -52 0
-40 -41 -42 -46 -51 -52 0
-40 -41 -42 -47 -48 -49 0
-40 -41 -42 -47 -48 -50 0
-40 -41 -42 -47 -48 -43 0
-40 -41 -42 -47 -48 -44 0
-40 -41 -42 -47 -48 -53 0
-40 -41 -42 -47 -48 -54 0
-40 -41 -42 -47 -48 -51 0
-40 -41 -42 -47 -48 -52 0
-40 -41 -42 -47 -49 -50 0
-40 -41 -42 -47 -49 -43 0
-40 -41 -42 -47 -49 -44 0
-40 -41 -42 -47 -49 -53 0
-40 -41 -42 -47 -49 -54 0
-40 -41 -42 -47 -49 -51 0
-40 -41 -42 -47 -49 -52 0
-40 -41 -42 -47 -50 -43 0
-40 -41 -42 -47 -50 -44 0
-40 -41 -42 -47 -50 -53 0
-40 -41 -42 -47 -50 -54 0
-40 -41 -42 -47 -50 -51 0
-40 -41 -42 -47 -50 -52 0
-40 -41 -42 -47 -43 -44 0
-40 -41 -42 -47 -43 -53 0
-40 -41 -42 -47 -43 -54 0
-40 -41 -42 -47 -43 -51 0
-40 -41 -42 -47 -43 -52 0
-40 -41 -42 -47 -44 -53 0
-40 -41 -42 -47 -44 -54 0
-40 -41 -42 -47 -44 -51 0
-40 -41 -42 -47 -44 -52 0
-40 -41 -42 -47 -53 -54 0
-40 -41 -42 -47 -53 -51 0
-40 -41 -42 -47 -53 -52 0
-40 -41 -42 -47 -54 -51 0
-40 -41 -42 -47 -54 -52 0
-40 -41 -42 -47 -51 -52 0
-40 -41 -42 -48 -49 -50 0
-40 -41 -42 -48 -49 -43 0
-40 -41 -42 -48 -49 -44 0
-40 -41 -42 -48 -49 -53 0
-40 -41 -42 -48 -49 -54 0
-40 -41 -42 -48 -49 -51 0
-40 -41 -42 -48 -49 -52 0
-40 -41 -42 -48 -50 -43 0
-40 -41 -42 -48 -50 -44 0
-40 -41 -42 -48 -50 -53 0
-40 -41 -42 -48 -50 -54 0
-40 -41 -42 -48 -50 -51 0
-40 -41 -42 -48 -50 -52 0
-40 -41 -42 -48 -43 -44 0
-40 -41 -42 -48 -43 -53 0
-40 -41 -42 -48 -43 -54 0
-40 -41 -42 -48 -43 -51 0
-40 -41 -42 -48 -43 -52 0
-40 -41 -42 -48 -44 -53 0
-40 -41 -42 -48 -44 -54 0
-40 -41 -42 -48 -44 -51 0
-40 -41 -42 -48 -44 -52 0
-40 -41 -42 -48 -53 -54 0
-40 -41 -42 -48 -53 -51 0
-40 -41 -42 -48 -53 -52 0
-40 -41 -42 -48 -54 -51 0
-40 -41 -42 -48 -54 -52 0
-40 -41 -42 -48 -51 -52 0
-40 -41 -42 -49 -50 -43 0
-40 -41 -42 -49 -50 -44 0
-40 -41 -42 -49 -50 -53 0
-40 -41 -42 -49 -50 -54 0
-40 -41 -42 -49 -50 -51 0
-40 -41 -42 -49 -50 -52 0
-40 -41 -42 -49 -43 -44 0
-40 -41 -42 -49 -43 -53 0
-40 -41 -42 -49 -43 -54 0
-40 -41 -42 -49 -43 -51 0
-40 -41 -42 -49 -43 -52 0
-40 -41 -42 -49 -44 -53 0
-40 -41 -42 -49 -44 -54 0
-40 -41 -42 -49 -44 -51 0
-40 -41 -42 -49 -44 -52 0
-40 -41 -42 -49 -53 -54 0
-40 -41 -42 -49 -53 -51 0
-40 -41 -42 -49 -53 -52 0
-40 -41 -42 -49 -54 -51 0
-40 -41 -42 -49 -54 -52 0
-40 -41 -42 -49 -51 -52 0
-40 -41 -42 -50 -43 -44 0
-40 -41 -42 -50 -43 -53 0
-40 -41 -42 -50 -43 -54 0
-40 -41 -42 -50 -43 -51 0
-40 -41 -42 -50 -43 -52 0
-40 -41 -42 -50 -44 -53 0
-40 -41 -42 -50 -44 -54 0
-40 -41 -42 -50 -44 -51 0
-40 -41 -42 -50 -44 -52 0
-40 -41 -42 -50 -53 -54 0
-40 -41 -42 -50 -53 -51 0
-40 -41 -42 -50 -53 -52 0
-40 -41 -42 -50 -54 -51 0
-40 -41 -42 -50 -54 -52 0
-40 -41 -42 -50 -51 -52 0
-40 -41 -42 -43 -44 -53 0
-40 -41 -42 -43 -44 -54 0
-40 -41 -42 -43 -44 -51 0
-40 -41 -42 -43 -44 -52 0
-40 -41 -42 -43 -53 -54 0
-40 -41 -42 -43 -53 -51 0
-40 -41 -42 -43 -53 -52 0
-40 -41 -42 -43 -54 -51 0
-40 -41 -42 -43 -54 -52 0
-40 -41 -42 -43 -51 -52 0
-40 -41 -42 -44 -53 -54 0
-40 -41 -42 -44 -53 -51 0
-40 -41 -42 -44 -53 -52 0
-40 -41 -42 -44 -54 -51 0
-40 -41 -42 -44 -54 -52 0
-40 -41 -42 -44 -51 -52 0
-40 -41 -42 -53 -54 -51 0
-40 -41 -42 -53 -54 -52 0
-40 -41 -42 -53 -51 -52 0
-40 -41 -42 -54 -51 -52 0
-40 -41 -45 -46 -47 -48 0
-40 -41 -45 -46 -47 -49 0
-40 -41 -45 -46 -47 -50 0
-40 -41 -45 -46 -47 -43 0
-40 -41 -45 -46 -47 -44 0
-40 -41 -45 -46 -47 -53 0
-40 -41 -45 -46 -47 -54 0
-40 -41 -45 -46 -47 -51 0
-40 -41 -45 -46 -47 -52 0
-40 -41 -45 -46 -48 -49 0
-40 -41 -45 -46 -48 -50 0
-40 -41 -45 -46 -48 -43 0
-40 -41 -45 -46 -48 -44 0
-40 -41 -45 -46 -48 -53 0
-40 -41 -45 -46 -48 -54 0
-40 -41 -45 -46 -48 -51 0
-40 -41 -45 -46 -48 -52 0
-40 -41 -45 -46 -49 -50 0
-40 -41 -45 -46 -49 -43 0
-40 -41 -45 -46 -49 -44 0
-40 -41 -45 -46 -49 -53 0
-40 -41 -45 -46 -49 -54 0
-40 -41 -45 -46 -49 -51 0
-40 -41 -45 -46 -49 -52 0
-40 -41 -45 -46 -50 -43 0
-40 -41 -45 -46 -50 -44 0
-40 -41 -45 -46 -50 -53 0
-40 -41 -45 -46 -50 -54 0
-40 -41 -45 -46 -50 -51 0
-40 -41 -45 -46 -50 -52 0
-40 -41 -45 -46 -43 -44 0
-40 -41 -45 -46 -43 -53 0
-40 -41 -45 -46 -43 -54 0
-40 -41 -45 -46 -43 -51 0
-40 -41 -45 -46 -43 -52 0
-40 -41 -45 -46 -44 -53 0
-40 -41 -45 -46 -44 -54 0
-40 -41 -45 -46 -44 -51 0
-40 -41 -45 -46 -44 -52 0
-40 -41 -45 -46 -53 -54 0
-40 -41 -45 -46 -53 -51 0
-40 -41 -45 -46 -53 -52 0
-40 -41 -45 -46 -54 -51 0
-40 -41 -45 -46 -54 -52 0
-40 -41 -45 -46 -51 -52 0
-40 -41 -45 -47 -48 -49 0
-40 -41 -45 -47 -48 -50 0
-40 -41 -45 -47 -48 -43 0
-40 -41 -45 -47 -48 -44 0
-40 -41 -45 -47 -48 -53 0
-40 -41 -45 -47 -48 -54 0
-40 -41 -45 -47 -48 -51 0
-40 -41 -45 -47 -48 -52 0
-40 -41 -45 -47 -49 -50 0
-40 -41 -45 -47 -49 -43 0
-40 -41 -45 -47 -49 -44 0
-40 -41 -45 -47 -49 -53 0
-40 -41 -45 -47 -49 -54 0
-40 -41 -45 -47 -49 -51 0
-40 -41 -45 -47 -49 -52 0
-40 -41 -45 -47 -50 -43 0
-40 -41 -45 -47 -50 -44 0
-40 -41 -45 -47 -50 -53 0
-40 -41 -45 -47 -50 -54 0
-40 -41 -45 -47 -50 -51 0
-40 -41 -45 -47 -50 -52 0
-40 -41 -45 -47 -43 -44 0
-40 -41 -45 -47 -43 -53 0
-40 -41 -45 -47 -43 -54 0
-40 -41 -45 -47 -43 -51 0
-40 -41 -45 -47 -43 -52 0
-40 -41 -45 -47 -44 -53 0
-40 -41 -45 -47 -44 -54 0
-40 -41 -45 -47 -44 -51 0
-40 -41 -45 -47 -44 -52 0
-40 -41 -45 -47 -53 -54 0
-40 -41 -45 -47 -53 -51 0
-40 -41 -45 -47 -53 -52 0
-40 -41 -45 -47 -54 -51 0
-40 -41 -45 -47 -54 -52 0
-40 -41 -45 -47 -51 -52 0
-40 -41 -45 -48 -49 -50 0
-40 -41 -45 -48 -49 -43 0
-40 -41 -45 -48 -49 -44 0
-40 -41 -45 -48 -49 -53 0
-40 -41 -45 -48 -49 -54 0
-40 -41 -45 -48 -49 -51 0
-40 -41 -45 -48 -49 -52 0
-40 -41 -45 -48 -50 -43 0
-40 -41 -45 -48 -50 -44 0
-40 -41 -45 -48 -50 -53 0
-40 -41 -45 -48 -50 -54 0
-40 -41 -45 -48 -50 -51 0
-40 -41 -45 -48 -50 -52 0
-40 -41 -45 -48 -43 -44 0
-40 -41 -45 -48 -43 -53 0
-40 -41 -45 -48 -43 -54 0
-40 -41 -45 -48 -43 -51 0
-40 -41 -45 -48 -43 -52 0
-40 -41 -45 -48 -44 -53 0
-40 -41 -45 -48 -44 -54 0
-40 -41 -45 -48 -44 -51 0
-40 -41 -45 -48 -44 -52 0
-40 -41 -45 -48 -53 -54 0
-40 -41 -45 -48 -53 -51 0
-40 -41 -45 -48 -53 -52 0
-40 -41 -45 -48 -54 -51 0
-40 -41 -45 -48 -54 -52 0
-40 -41 -45 -48 -51 -52 0
-40 -41 -45 -49 -50 -43 0
-40 -41 -45 -49 -50 -44 0
-40 -41 -45 -49 -50 -53 0
-40 -41 -45 -49 -50 -54 0
-40 -41 -45 -49 -50 -51 0
-40 -41 -45 -49 -50 -52 0
-40 -41 -45 -49 -43 -44 0
-40 -41 -45 -49 -43 -53 0
-40 -41 -45 -49 -43 -54 0
-40 -41 -45 -49 -43 -51 0
-40 -41 -45 -49 -43 -52 0
-40 -41 -45 -49 -44 -53 0
-40 -41 -45 -49 -44 -54 0
-40 -41 -45 -49 -44 -51 0
-40 -41 -45 -49 -44 -52 0
-40 -41 -45 -49 -53 -54 0
-40 -41 -45 -49 -53 -51 0
-40 -41 -45 -49 -53 -52 0
-40 -41 -45 -49 -54 -51 0
-40 -41 -45 -49 -54 -52 0
-40 -41 -45 -49 -51 -52 0
-40 -41 -45 -50 -43 -44 0
-40 -41 -45 -50 -43 -53 0
-40 -41 -45 -50 -43 -54 0
-40 -41 -45 -50 -43 -51 0
-40 -41 -45 -50 -43 -52 0
-40 -41 -45 -50 -44 -53 0
-40 -41 -45 -50 -44 -54 0
-40 -41 -45 -50 -44 -51 0
-40 -41 -45 -50 -44 -52 0
-40 -41 -45 -50 -53 -54 0
-40 -41 -45 -50 -53 -51 0
-40 -41 -45 -50 -53 -52 0
-40 -41 -45 -50 -54 -51 0
-40 -41 -45 -50 -54 -52 0
-40 -41 -45 -50 -51 -52 0
-40 -41 -45 -43 -44 -53 0
-40 -41 -45 -43 -44 -54 0
-40 -41 -45 -43 -44 -51 0
-40 -41 -45 -43 -44 -52 0
-40 -41 -45 -43 -53 -54 0
-40 -41 -45 -43 -53 -51 0
-40 -41 -45 -43 -53 -52 0
-40 -41 -45 -43 -54 -51 0
-40 -41 -45 -43 -54 -52 0
-40 -41 -45 -43 -51 -52 0
-40 -41 -45 -44 -53 -54 0
-40 -41 -45 -44 -53 -51 0
-40 -41 -45 -44 -53 -52 0
-40 -41 -45 -44 -54 -51 0
-40 -41 -45 -44 -54 -52 0
-40 -41 -45 -44 -51 -52 0
-40 -41 -45 -53 -54 -51 0
-40 -41 -45 -53 -54 -52 0
-40 -41 -45 -53 -51 -52 0
-40 -41 -45 -54 -51 -52 0
-40 -41 -46 -47 -48 -49 0
-40 -41 -46 -47 -48 -50 0
-40 -41 -46 -47 -48 -43 0
-40 -41 -46 -47 -48 -44 0
-40 -41 -46 -47 -48 -53 0
-40 -41 -46 -47 -48 -54 0
-40 -41 -46 -47 -48 -51 0
-40 -41 -46 -47 -48 -52 0
-40 -41 -46 -47 -49 -50 0
-40 -41 -46 -47 -49 -43 0
-40 -41 -46 -47 -49 -44 0
-40 -41 -46 -47 -49 -53 0
-40 -41 -46 -47 -49 -54 0
-40 -41 -46 -47 -49 -51 0
-40 -41 -46 -47 -49 -52 0
-40 -41 -46 -47 -50 -43 0
-40 -41 -46 -47 -50 -44 0
-40 -41 -46 -47 -50 -53 0
-40 -41 -46 -47 -50 -54 0
-40 -41 -46 -47 -50 -51 0
-40 -41 -46 -47 -50 -52 0
-40 -41 -46 -47 -43 -44 0
-40 -41 -46 -47 -43 -53 0
-40 -41 -46 -47 -43 -54 0
-40 -41 -46 -47 -43 -51 0
-40 -41 -46 -47 -43 -52 0
-40 -41 -46 -47 -44 -53 0
-40 -41 -46 -47 -44 -54 0
-40 -41 -46 -47 -44 -51 0
-40 -41 -46 -47 -44 -52 0
-40 -41 -46 -47 -53 -54 0
-40 -41 -46 -47 -53 -51 0
-40 -41 -46 -47 -53 -52 0
-40 -41 -46 -47 -54 -51 0
-40 -41 -46 -47 -54 -52 0
-40 -41 -46 -47 -51 -52 0
-40 -41 -46 -48 -49 -50 0
-40 -41 -46 -48 -49 -43 0
-40 -41 -46 -48 -49 -44 0
-40 -41 -46 -48 -49 -53 0
-40 -41 -46 -48 -49 -54 0
-40 -41 -46 -48 -49 -51 0
-40 -41 -46 -48 -49 -52 0
-40 -41 -46 -48 -50 -43 0
-40 -41 -46 -48 -50 -44 0
-40 -41 -46 -48 -50 -53 0
-40 -41 -46 -48 -50 -54 0
-40 -41 -46 -48 -50 -51 0
-40 -41 -46 -48 -50 -52 0
-40 -41 -46 -48 -43 -44 0
-40 -41 -46 -48 -43 -53 0
-40 -41 -46 -48 -43 -54 0
-40 -41 -46 -48 -43 -51 0
-40 -41 -46 -48 -43 -52 0
-40 -41 -46 -48 -44 -53 0
-40 -41 -46 -48 -44 -54 0
-40 -41 -46 -48 -44 -51 0
-40 -41 -46 -48 -44 -52 0
-40 -41 -46 -48 -53 -54 0
-40 -41 -46 -48 -53 -51 0
-40 -41 -46 -48 -53 -52 0
-40 -41 -46 -48 -54 -51 0
-40 -41 -46 -48 -54 -52 0
-40 -41 -46 -48 -51 -52 0
-40 -41 -46 -49 -50 -43 0
-40 -41 -46 -49 -50 -44 0
-40 -41 -46 -49 -50 -53 0
-40 -41 -46 -49 -50 -54 0
-40 -41 -46 -49 -50 -51 0
-40 -41 -46 -49 -50 -52 0
-40 -41 -46 -49 -43 -44 0
-40 -41 -46 -49 -43 -53 0
-40 -41 -46 -49 -43 -54 0
-40 -41 -46 -49 -43 -51 0
-40 -41 -46 -49 -43 -52 0
-40 -41 -46 -49 -44 -53 0
-40 -41 -46 -49 -44 -54 0
-40 -41 -46 -49 -44 -51 0
-40 -41 -46 -49 -44 -52 0
-40 -41 -46 -49 -53 -54 0
-40 -41 -46 -49 -53 -51 0
-40 -41 -46 -49 -53 -52 0
-40 -41 -46 -49 -54 -51 0
-40 -41 -46 -49 -54 -52 0
-40 -41 -46 -49 -51 -52 0
-40 -41 -46 -50 -43 -44 0
-40 -41 -46 -50 -43 -53 0
-40 -41 -46 -50 -43 -54 0
-40 -41 -46 -50 -43 -51 0
-40 -41 -46 -50 -43 -52 0
-40 -41 -46 -50 -44 -53 0
-40 -41 -46 -50 -44 -54 0
-40 -41 -46 -50 -44 -51 0
-40 -41 -46 -50 -44 -52 0
-40 -41 -46 -50 -53 -54 0
-40 -41 -46 -50 -53 -51 0
-40 -41 -46 -50 -53 -52 0
-40 -41 -46 -50 -54 -51 0
-40 -41 -46 -50 -54 -52 0
-40 -41 -46 -50 -51 -52 0
-40 -41 -46 -43 -44 -53 0
-40 -41 -46 -43 -44 -54 0
-40 -41 -46 -43 -44 -51 0
-40 -41 -46 -43 -44 -52 0
-40 -41 -46 -43 -53 -54 0
-40 -41 -46 -43 -53 -51 0
-40 -41 -46 -43 -53 -52 0
-40 -41 -46 -43 -54 -51 0
-40 -41 -46 -43 -54 -52 0
-40 -41 -46 -43 -51 -52 0
-40 -41 -46 -44 -53 -54 0
-40 -41 -46 -44 -53 -51 0
-40 -41 -46 -44 -53 -52 0
-40 -41 -46 -44 -54 -51 0
-40 -41 -46 -44 -54 -52 0
-40 -41 -46 -44 -51 -52 0
-40 -41 -46 -53 -54 -51 0
-40 -41 -46 -53 -54 -52 0
-40 -41 -46 -53 -51 -52 0
-40 -41 -46 -54 -51 -52 0
-40 -41 -47 -48 -49 -50 0
-40 -41 -47 -48 -49 -43 0
-40 -41 -47 -48 -49 -44 0
-40 -41 -47 -48 -49 -53 0
-40 -41 -47 -48 -49 -54 0
-40 -41 -47 -48 -49 -51 0
-40 -41 -47 -48 -49 -52 0
-40 -41 -47 -48 -50 -43 0
-40 -41 -47 -48 -50 -44 0
-40 -41 -47 -48 -50 -53 0
-40 -41 -47 -48 -50 -54 0
-40 -41 -47 -48 -50 -51 0
-40 -41 -47 -48 -50 -52 0
-40 -41 -47 -48 -43 -44 0
-40 -41 -47 -48 -43 -53 0
-40 -41 -47 -48 -43 -54 0
-40 -41 -47 -48 -43 -51 0
-40 -41 -47 -48 -43 -52 0
-40 -41 -47 -48 -44 -53 0
-40 -41 -47 -48 -44 -54 0
-40 -41 -47 -48 -44 -51 0
-40 -41 -47 -48 -44 -52 0
-40 -41 -47 -48 -53 -54 0
-40 -41 -47 -48 -53 -51 0
-40 -41 -47 -48 -53 -52 0
-40 -41 -47 -48 -54 -51 0
-40 -41 -47 -48 -54 -52 0
-40 -41 -47 -48 -51 -52 0
-40 -41 -47 -49 -50 -43 0
-40 -41 -47 -49 -50 -44 0
-40 -41 -47 -49 -50 -53 0
-40 -41 -47 -49 -50 -54 0
-40 -41 -47 -49 -50 -51 0
-40 -41 -47 -49 -50 -52 0
-40 -41 -47 -49 -43 -44 0
-40 -41 -47 -49 -43 -53 0
-40 -41 -47 -49 -43 -54 0
-40 -41 -47 -49 -43 -51 0
-40 -41 -47 -49 -43 -52 0
-40 -41 -47 -49 -44 -53 0
-40 -41 -47 -49 -44 -54 0
-40 -41 -47 -49 -44 -51 0
-40 -41 -47 -49 -44 -52 0
-40 -41 -47 -49 -53 -54 0
-40 -41 -47 -49 -53 -51 0
-40 -41 -47 -49 -53 -52 0
-40 -41 -47 -49 -54 -51 0
-40 -41 -47 -49 -54 -52 0
-40 -41 -47 -49 -51 -52 0
-40 -41 -47 -50 -43 -44 0
-40 -41 -47 -50 -43 -53 0
-40 -41 -47 -50 -43 -54 0
-40 -41 -47 -50 -43 -51 0
-40 -41 -47 -50 -43 -52 0
-40 -41 -47 -50 -44 -53 0
-40 -41 -47 -50 -44 -54 0
-40 -41 -47 -50 -44 -51 0
-40 -41 -47 -50 -44 -52 0
-40 -41 -47 -50 -53 -54 0
-40 -41 -47 -50 -53 -51 0
-40 -41 -47 -50 -53 -52 0
-40 -41 -47 -50 -54 -51 0
-40 -41 -47 -50 -54 -52 0
-40 -41 -47 -50 -51 -52 0
-40 -41 -47 -43 -44 -53 0
-40 -41 -47 -43 -44 -54 0
-40 -41 -47 -43 -44 -51 0
-40 -41 -47 -43 -44 -52 0
-40 -41 -47 -43 -53 -54 0
-40 -41 -47 -43 -53 -51 0
-40 -41 -47 -43 -53 -52 0
-40 -41 -47 -43 -54 -51 0
-40 -41 -47 -43 -54 -52 0
-40 -41 -47 -43 -51 -52 0
-40 -41 -47 -44 -53 -54 0
-40 -41 -47 -44 -53 -51 0
-40 -41 -47 -44 -53 -52 0
-40 -41 -47 -44 -54 -51 0
-40 -41 -47 -44 -54 -52 0
-40 -41 -47 -44 -51 -52 0
-40 -41 -47 -53 -54 -51 0
-40 -41 -47 -53 -54 -52 0
-40 -41 -47 -53 -51 -52 0
-40 -41 -47 -54 -51 -52 0
-40 -41 -48 -49 -50 -43 0
-40 -41 -48 -49 -50 -44 0
-40 -41 -48 -49 -50 -53 0
-40 -41 -48 -49 -50 -54 0
-40 -41 -48 -49 -50 -51 0
-40 -41 -48 -49 -50 -52 0
-40 -41 -48 -49 -43 -44 0
-40 -41 -48 -49 -43 -53 0
-40 -41 -48 -49 -43 -54 0
-40 -41 -48 -49 -43 -51 0
-40 -41 -48 -49 -43 -52 0
-40 -41 -48 -49 -44 -53 0
-40 -41 -48 -49 -44 -54 0
-40 -41 -48 -49 -44 -51 0
-40 -41 -48 -49 -44 -52 0
-40 -41 -48 -49 -53 -54 0
-40 -41 -48 -49 -53 -51 0
-40 -41 -48 -49 -53 -52 0
-40 -41 -48 -49 -54 -51 0
-40 -41 -48 -49 -54 -52 0
-40 -41 -48 -49 -51 -52 0
-40 -41 -48 -50 -43 -44 0
-40 -41 -48 -50 -43 -53 0
-40 -41 -48 -50 -43 -54 0
-40 -41 -48 -50 -43 -51 0
-40 -41 -48 -50 -43 -52 0
-40 -41 -48 -50 -44 -53 0
-40 -41 -48 -50 -44 -54 0
-40 -41 -48 -50 -44 -51 0
-40 -41 -48 -50 -44 -52 0
-40 -41 -48 -50 -53 -54 0
-40 -41 -48 -50 -53 -51 0
-40 -41 -48 -50 -53 -52 0
-40 -41 -48 -50 -54 -51 0
-40 -41 -48 -50 -54 -52 0
-40 -41 -48 -50 -51 -52 0
-40 -41 -48 -43 -44 -53 0
-40 -41 -48 -43 -44 -54 0
-40 -41 -48 -43 -44 -51 0
-40 -41 -48 -43 -44 -52 0
-40 -41 -48 -43 -53 -54 0
-40 -41 -48 -43 -53 -51 0
-40 -41 -48 -43 -53 -52 0
-40 -41 -48 -43 -54 -51 0
-40 -41 -48 -43 -54 -52 0
-40 -41 -48 -43 -51 -52 0
-40 -41 -48 -44 -53 -54 0
-40 -41 -48 -44 -53 -51 0
-40 -41 -48 -44 -53 -52 0
-40 -41 -48 -44 -54 -51 0
-40 -41 -48 -44 -54 -52 0
-40 -41 -48 -44 -51 -52 0
-40 -41 -48 -53 -54 -51 0
-40 -41 -48 -53 -54 -52 0
-40 -41 -48 -53 -51 -52 0
-40 -41 -48 -54 -51 -52 0
-40 -41 -49 -50 -43 -44 0
-40 -41 -49 -50 -43 -53 0
-40 -41 -49 -50 -43 -54 0
-40 -41 -49 -50 -43 -51 0
-40 -41 -49 -50 -43 -52 0
-40 -41 -49 -50 -44 -53 0
-40 -41 -49 -50 -44 -54 0
-40 -41 -49 -50 -44 -51 0
-40 -41 -49 -50 -44 -52 0
-40 -41 -49 -50 -53 -54 0
-40 -41 -49 -50 -53 -51 0
-40 -41 -49 -50 -53 -52 0
-40 -41 -49 -50 -54 -51 0
-40 -41 -49 -50 -54 -52 0
-40 -41 -49 -50 -51 -52 0
-40 -41 -49 -43 -44 -53 0
-40 -41 -49 -43 -44 -54 0
-40 -41 -49 -43 -44 -51 0
-40 -41 -49 -43 -44 -52 0
-40 -41 -49 -43 -53 -54 0
-40 -41 -49 -43 -53 -51 0
-40 -41 -49 -43 -53 -52 0
-40 -41 -49 -43 -54 -51 0
-40 -41 -49 -43 -54 -52 0
-40 -41 -49 -43 -51 -52 0
-40 -41 -49 -44 -53 -54 0
-40 -41 -49 -44 -53 -51 0
-40 -41 -49 -44 -53 -52 0
-40 -41 -49 -44 -54 -51 0
-40 -41 -49 -44 -54 -52 0
-40 -41 -49 -44 -51 -52 0
-40 -41 -49 -53 -54 -51 0
-40 -41 -49 -53 -54 -52 0
-40 -41 -49 -53 -51 -52 0
-40 -41 -49 -54 -51 -52 0
-40 -41 -50 -43 -44 -53 0
-40 -41 -50 -43 -44 -54 0
-40 -41 -50 -43 -44 -51 0
-40 -41 -50 -43 -44 -52 0
-40 -41 -50 -43 -53 -54 0
-40 -41 -50 -43 -53 -51 0
-40 -41 -50 -43 -53 -52 0
-40 -41 -50 -43 -54 -51 0
-40 -41 -50 -43 -54 -52 0
-40 -41 -50 -43 -51 -52 0
-40 -41 -50 -44 -53 -54 0
-40 -41 -50 -44 -53 -51 0
-40 -41 -50 -44 -53 -52 0
-40 -41 -50 -44 -54 -51 0
-40 -41 -50 -44 -54 -52 0
-40 -41 -50 -44 -51 -52 0
-40 -41 -50 -53 -54 -51 0
-40 -41 -50 -53 -54 -52 0
-40 -41 -50 -53 -51 -52 0
-40 -41 -50 -54 -51 -52 0
-40 -41 -43 -44 -53 -54 0
-40 -41 -43 -44 -53 -51 0
-40 -41 -43 -44 -53 -52 0
-40 -41 -43 -44 -54 -51 0
-40 -41 -43 -44 -54 -52 0
-40 -41 -43 -44 -51 -52 0
-40 -41 -43 -53 -54 -51 0
-40 -41 -43 -53 -54 -52 0
-40 -41 -43 -53 -51 -52 0
-40 -41 -43 -54 -51 -52 0
-40 -41 -44 -53 -54 -51 0
-40 -41 -44 -53 -54 -52 0
-40 -41 -44 -53 -51 -52 0
-40 -41 -44 -54 -51 -52 0
-40 -41 -53 -54 -51 -52 0
-40 -42 -45 -46 -47 -48 0
-40 -42 -45 -46 -47 -49 0
-40 -42 -45 -46 -47 -50 0
-40 -42 -45 -46 -47 -43 0
-40 -42 -45 -46 -47 -44 0
-40 -42 -45 -46 -47 -53 0
-40 -42 -45 -46 -47 -54 0
-40 -42 -45 -46 -47 -51 0
-40 -42 -45 -46 -47 -52 0
-40 -42 -45 -46 -48 -49 0
-40 -42 -45 -46 -48 -50 0
-40 -42 -45 -46 -48 -43 0
-40 -42 -45 -46 -48 -44 0
-40 -42 -45 -46 -48 -53 0
-40 -42 -45 -46 -48 -54 0
-40 -42 -45 -46 -48 -51 0
-40 -42 -45 -46 -48 -52 0
-40 -42 -45 -46 -49 -50 0
-40 -42 -45 -46 -49 -43 0
-40 -42 -45 -46 -49 -44 0
-40 -42 -45 -46 -49 -53 0
-40 -42 -45 -46 -49 -54 0
-40 -42 -45 -46 -49 -51 0
-40 -42 -45 -46 -49 -52 0
-40 -42 -45 -46 -50 -43 0
-40 -42 -45 -46 -50 -44 0
-40 -42 -45 -46 -50 -53 0
-40 -42 -45 -46 -50 -54 0
-40 -42 -45 -46 -50 -51 0
-40 -42 -45 -46 -50 -52 0
-40 -42 -45 -46 -43 -44 0
-40 -42 -45 -46 -43 -53 0
-40 -42 -45 -46 -43 -54 0
-40 -42 -45 -46 -43 -51 0
-40 -42 -45 -46 -43 -52 0
-40 -42 -45 -46 -44 -53 0
-40 -42 -45 -46 -44 -54 0
-40 -42 -45 -46 -44 -51 0
-40 -42 -45 -46 -44 -52 0
-40 -42 -45 -46 -53 -54 0
-40 -42 -45 -46 -53 -51 0
-40 -42 -45 -46 -53 -52 0
-40 -42 -45 -46 -54 -51 0
-40 -42 -45 -46 -54 -52 0
-40 -42 -45 -46 -51 -52 0
-40 -42 -45 -47 -48 -49 0
-40 -42 -45 -47 -48 -50 0
-40 -42 -45 -47 -48 -43 0
-40 -42 -45 -47 -48 -44 0
-40 -42 -45 -47 -48 -53 0
-40 -42 -45 -47 -48 -54 0
-40 -42 -45 -47 -48 -51 0
-40 -42 -45 -47 -48 -52 0
-40 -42 -45 -47 -49 -50 0
-40 -42 -45 -47 -49 -43 0
-40 -42 -45 -47 -49 -44 0
-40 -42 -45 -47 -49 -53 0
-40 -42 -45 -47 -49 -54 0
-40 -42 -45 -47 -49 -51 0
-40 -42 -45 -47 -49 -52 0
-40 -42 -45 -47 -50 -43 0
-40 -42 -45 -47 -50 -44 0
-40 -42 -45 -47 -50 -53 0
-40 -42 -45 -47 -50 -54 0
-40 -42 -45 -47 -50 -51 0
-40 -42 -45 -47 -50 -52 0
-40 -42 -45 -47 -43 -44 0
-40 -42 -45 -47 -43 -53 0
-40 -42 -45 -47 -43 -54 0
-40 -42 -45 -47 -43 -51 0
-40 -42 -45 -47 -43 -52 0
-40 -42 -45 -47 -44 -53 0
-40 -42 -45 -47 -44 -54 0
-40 -42 -45 -47 -44 -51 0
-40 -42 -45 -47 -44 -52 0
-40 -42 -45 -47 -53 -54 0
-40 -42 -45 -47 -53 -51 0
-40 -42 -45 -47 -53 -52 0
-40 -42 -45 -47 -54 -51 0
-40 -42 -45 -47 -54 -52 0
-40 -42 -45 -47 -51 -52 0
-40 -42 -45 -48 -49 -50 0
-40 -42 -45 -48 -49 -43 0
-40 -42 -45 -48 -49 -44 0
-40 -42 -45 -48 -49 -53 0
-40 -42 -45 -48 -49 -54 0
-40 -42 -45 -48 -49 -51 0
-40 -42 -45 -48 -49 -52 0
-40 -42 -45 -48 -50 -43 0
-40 -42 -45 -48 -50 -44 0
-40 -42 -45 -48 -50 -53 0
-40 -42 -45 -48 -50 -54 0
-40 -42 -45 -48 -50 -51 0
-40 -42 -45 -48 -50 -52 0
-40 -42 -45 -48 -43 -44 0
-40 -42 -45 -48 -43 -53 0
-40 -42 -45 -48 -43 -54 0
-40 -42 -45 -48 -43 -51 0
-40 -42 -45 -48 -43 -52 0
-40 -42 -45 -48 -44 -53 0
-40 -42 -45 -48 -44 -54 0
-40 -42 -45 -48 -44 -51 0
-40 -42 -45 -48 -44 -52 0
-40 -42 -45 -48 -53 -54 0
-40 -42 -45 -48 -53 -51 0
-40 -42 -45 -48 -53 -52 0
-40 -42 -45 -48 -54 -51 0
-40 -42 -45 -48 -54 -52 0
-40 -42 -45 -48 -51 -52 0
-40 -42 -45 -49 -50 -43 0
-40 -42 -45 -49 -50 -44 0
-40 -42 -45 -49 -50 -53 0
-40 -42 -45 -49 -50 -54 0
-40 -42 -45 -49 -50 -51 0
-40 -42 -45 -49 -50 -52 0
-40 -42 -45 -49 -43 -44 0
-40 -42 -45 -49 -43 -53 0
-40 -42 -45 -49 -43 -54 0
-40 -42 -45 -49 -43 -51 0
-40 -42 -45 -49 -43 -52 0
-40 -42 -45 -49 -44 -53 0
-40 -42 -45 -49 -44 -54 0
-40 -42 -45 -49 -44 -51 0
-40 -42 -45 -49 -44 -52 0
-40 -42 -45 -49 -53 -54 0
-40 -42 -45 -49 -53 -51 0
-40 -42 -45 -49 -53 -52 0
-40 -42 -45 -49 -54 -51 0
-40 -42 -45 -49 -54 -52 0
-40 -42 -45 -49 -51 -52 0
-40 -42 -45 -50 -43 -44 0
-40 -42 -45 -50 -43 -53 0
-40 -42 -45 -50 -43 -54 0
-40 -42 -45 -50 -43 -51 0
-40 -42 -45 -50 -43 -52 0
-40 -42 -45 -50 -44 -53 0
-40 -42 -45 -50 -44 -54 0
-40 -42 -45 -50 -44 -51 0
-40 -42 -45 -50 -44 -52 0
-40 -42 -45 -50 -53 -54 0
-40 -42 -45 -50 -53 -51 0
-40 -42 -45 -50 -53 -52 0
-40 -42 -45 -50 -54 -51 0
-40 -42 -45 -50 -54 -52 0
-40 -42 -45 -50 -51 -52 0
-40 -42 -45 -43 -44 -53 0
-40 -42 -45 -43 -44 -54 0
-40 -42 -45 -43 -44 -51 0
-40 -42 -45 -43 -44 -52 0
-40 -42 -45 -43 -53 -54 0
-40 -42 -45 -43 -53 -51 0
-40 -42 -45 -43 -53 -52 0
-40 -42 -45 -43 -54 -51 0
-40 -42 -45 -43 -54 -52 0
-40 -42 -45 -43 -51 -52 0
-40 -42 -45 -44 -53 -54 0
-40 -42 -45 -44 -53 -51 0
-40 -42 -45 -44 -53 -52 0
-40 -42 -45 -44 -54 -51 0
-40 -42 -45 -44 -54 -52 0
-40 -42 -45 -44 -51 -52 0
-40 -42 -45 -53 -54 -51 0
-40 -42 -45 -53 -54 -52 0
-40 -42 -45 -53 -51 -52 0
-40 -42 -45 -54 -51 -52 0
-40 -42 -46 -47 -48 -49 0
-40 -42 -46 -47 -48 -50 0
-40 -42 -46 -47 -48 -43 0
-40 -42 -46 -47 -48 -44 0
-40 -42 -46 -47 -48 -53 0
-40 -42 -46 -47 -48 -54 0
-40 -42 -46 -47 -48 -51 0
-40 -42 -46 -47 -48 -52 0
-40 -42 -46 -47 -49 -50 0
-40 -42 -46 -47 -49 -43 0
-40 -42 -46 -47 -49 -44 0
-40 -42 -46 -47 -49 -53 0
-40 -42 -46 -47 -49 -54 0
-40 -42 -46 -47 -49 -51 0
-40 -42 -46 -47 -49 -52 0
-40 -42 -46 -47 -50 -43 0
-40 -42 -46 -47 -50 -44 0
-40 -42 -46 -47 -50 -53 0
-40 -42 -46 -47 -50 -54 0
-40 -42 -46 -47 -50 -51 0
-40 -42 -46 -47 -50 -52 0
-40 -42 -46 -47 -43 -44 0
-40 -42 -46 -47 -43 -53 0
-40 -42 -46 -47 -43 -54 0
-40 -42 -46 -47 -43 -51 0
-40 -42 -46 -47 -43 -52 0
-40 -42 -46 -47 -44 -53 0
-40 -42 -46 -47 -44 -54 0
-40 -42 -46 -47 -44 -51 0
-40 -42 -46 -47 -44 -52 0
-40 -42 -46 -47 -53 -54 0
-40 -42 -46 -47 -53 -51 0
-40 -42 -46 -47 -53 -52 0
-40 -42 -46 -47 -54 -51 0
-40 -42 -46 -47 -54 -52 0
-40 -42 -46 -47 -51 -52 0
-40 -42 -46 -48 -49 -50 0
-40 -42 -46 -48 -49 -43 0
-40 -42 -46 -48 -49 -44 0
-40 -42 -46 -48 -49 -53 0
-40 -42 -46 -48 -49 -54 0
-40 -42 -46 -48 -49 -51 0
-40 -42 -46 -48 -49 -52 0
-40 -42 -46 -48 -50 -43 0
-40 -42 -46 -48 -50 -44 0
-40 -42 -46 -48 -50 -53 0
-40 -42 -46 -48 -50 -54 0
-40 -42 -46 -48 -50 -51 0
-40 -42 -46 -48 -50 -52 0
-40 -42 -46 -48 -43 -44 0
-40 -42 -46 -48 -43 -53 0
-40 -42 -46 -48 -43 -54 0
-40 -42 -46 -48 -43 -51 0
-40 -42 -46 -48 -43 -52 0
-40 -42 -46 -48 -44 -53 0
-40 -42 -46 -48 -44 -54 0
-40 -42 -46 -48 -44 -51 0
-40 -42 -46 -48 -44 -52 0
-40 -42 -46 -48 -53 -54 0
-40 -42 -46 -48 -53 -51 0
-40 -42 -46 -48 -53 -52 0
-40 -42 -46 -48 -54 -51 0
-40 -42 -46 -48 -54 -52 0
-40 -42 -46 -48 -51 -52 0
-40 -42 -46 -49 -50 -43 0
-40 -42 -46 -49 -50 -44 0
-40 -42 -46 -49 -50 -53 0
-40 -42 -46 -49 -50 -54 0
-40 -42 -46 -49 -50 -51 0
-40 -42 -46 -49 -50 -52 0
-40 -42 -46 -49 -43 -44 0
-40 -42 -46 -49 -43 -53 0
-40 -42 -46 -49 -43 -54 0
-40 -42 -46 -49 -43 -51 0
-40 -42 -46 -49 -43 -52 0
-40 -42 -46 -49 -44 -53 0
-40 -42 -46 -49 -44 -54 0
-40 -42 -46 -49 -44 -51 0
-40 -42 -46 -49 -44 -52 0
-40 -42 -46 -49 -53 -54 0
-40 -42 -46 -49 -53 -51 0
-40 -42 -46 -49 -53 -52 0
-40 -42 -46 -49 -54 -51 0
-40 -42 -46 -49 -54 -52 0
-40 -42 -46 -49 -51 -52 0
-40 -42 -46 -50 -43 -44 0
-40 -42 -46 -50 -43 -53 0
-40 -42 -46 -50 -43 -54 0
-40 -42 -46 -50 -43 -51 0
-40 -42 -46 -50 -43 -52 0
-40 -42 -46 -50 -44 -53 0
-40 -42 -46 -50 -44 -54 0
-40 -42 -46 -50 -44 -51 0
-40 -42 -46 -50 -44 -52 0
-40 -42 -46 -50 -53 -54 0
-40 -42 -46 -50 -53 -51 0
-40 -42 -46 -50 -53 -52 0
-40 -42 -46 -50 -54 -51 0
-40 -42 -46 -50 -54 -52 0
-40 -42 -46 -50 -51 -52 0
-40 -42 -46 -43 -44 -53 0
-40 -42 -46 -43 -44 -54 0
-40 -42 -46 -43 -44 -51 0
-40 -42 -46 -43 -44 -52 0
-40 -42 -46 -43 -53 -54 0
-40 -42 -46 -43 -53 -51 0
-40 -42 -46 -43 -53 -52 0
-40 -42 -46 -43 -54 -51 0
-40 -42 -46 -43 -54 -52 0
-40 -42 -46 -43 -51 -52 0
-40 -42 -46 -44 -53 -54 0
-40 -42 -46 -44 -53 -51 0
-40 -42 -46 -44 -53 -52 0
-40 -42 -46 -44 -54 -51 0
-40 -42 -46 -44 -54 -52 0
-40 -42 -46 -44 -51 -52 0
-40 -42 -46 -53 -54 -51 0
-40 -42 -46 -53 -54 -52 0
-40 -42 -46 -53 -51 -52 0
-40 -42 -46 -54 -51 -52 0
-40 -42 -47 -48 -49 -50 0
-40 -42 -47 -48 -49 -43 0
-40 -42 -47 -48 -49 -44 0
-40 -42 -47 -48 -49 -53 0
-40 -42 -47 -48 -49 -54 0
-40 -42 -47 -48 -49 -51 0
-40 -42 -47 -48 -49 -52 0
-40 -42 -47 -48 -50 -43 0
-40 -42 -47 -48 -50 -44 0
-40 -42 -47 -48 -50 -53 0
-40 -42 -47 -48 -50 -54 0
-40 -42 -47 -48 -50 -51 0
-40 -42 -47 -48 -50 -52 0
-40 -42 -47 -48 -43 -44 0
-40 -42 -47 -48 -43 -53 0
-40 -42 -47 -48 -43 -54 0
-40 -42 -47 -48 -43 -51 0
-40 -42 -47 -48 -43 -52 0
-40 -42 -47 -48 -44 -53 0
-40 -42 -47 -48 -44 -54 0
-40 -42 -47 -48 -44 -51 0
-40 -42 -47 -48 -44 -52 0
-40 -42 -47 -48 -53 -54 0
-40 -42 -47 -48 -53 -51 0
-40 -42 -47 -48 -53 -52 0
-40 -42 -47 -48 -54 -51 0
-40 -42 -47 -48 -54 -52 0
-40 -42 -47 -48 -51 -52 0
-40 -42 -47 -49 -50 -43 0
-40 -42 -47 -49 -50 -44 0
-40 -42 -47 -49 -50 -53 0
-40 -42 -47 -49 -50 -54 0
-40 -42 -47 -49 -50 -51 0
-40 -42 -47 -49 -50 -52 0
-40 -42 -47 -49 -43 -44 0
-40 -42 -47 -49 -43 -53 0
-40 -42 -47 -49 -43 -54 0
-40 -42 -47 -49 -43 -51 0
-40 -42 -47 -49 -43 -52 0
-40 -42 -47 -49 -44 -53 0
-40 -42 -47 -49 -44 -54 0
-40 -42 -47 -49 -44 -51 0
-40 -42 -47 -49 -44 -52 0
-40 -42 -47 -49 -53 -54 0
-40 -42 -47 -49 -53 -51 0
-40 -42 -47 -49 -53 -52 0
-40 -42 -47 -49 -54 -51 0
-40 -42 -47 -49 -54 -52 0
-40 -42 -47 -49 -51 -52 0
-40 -42 -47 -50 -43 -44 0
-40 -42 -47 -50 -43 -53 0
-40 -42 -47 -50 -43 -54 0
-40 -42 -47 -50 -43 -51 0
-40 -42 -47 -50 -43 -52 0
-40 -42 -47 -50 -44 -53 0
-40 -42 -47 -50 -44 -54 0
-40 -42 -47 -50 -44 -51 0
-40 -42 -47 -50 -44 -52 0
-40 -42 -47 -50 -53 -54 0
-40 -42 -47 -50 -53 -51 0
-40 -42 -47 -50 -53 -52 0
-40 -42 -47 -50 -54 -51 0
-40 -42 -47 -50 -54 -52 0
-40 -42 -47 -50 -51 -52 0
-40 -42 -47 -43 -44 -53 0
-40 -42 -47 -43 -44 -54 0
-40 -42 -47 -43 -44 -51 0
-40 -42 -47 -43 -44 -52 0
-40 -42 -47 -43 -53 -54 0
-40 -42 -47 -43 -53 -51 0
-40 -42 -47 -43 -53 -52 0
-40 -42 -47 -43 -54 -51 0
-40 -42 -47 -43 -54 -52 0
-40 -42 -47 -43 -51 -52 0
-40 -42 -47 -44 -53 -54 0
-40 -42 -47 -44 -53 -51 0
-40 -42 -47 -44 -53 -52 0
-40 -42 -47 -44 -54 -51 0
-40 -42 -47 -44 -54 -52 0
-40 -42 -47 -44 -51 -52 0
-40 -42 -47 -53 -54 -51 0
-40 -42 -47 -53 -54 -52 0
-40 -42 -47 -53 -51 -52 0
-40 -42 -47 -54 -51 -52 0
-40 -42 -48 -49 -50 -43 0
-40 -42 -48 -49 -50 -44 0
-40 -42 -48 -49 -50 -53 0
-40 -42 -48 -49 -50 -54 0
-40 -42 -48 -49 -50 -51 0
-40 -42 -48 -49 -50 -52 0
-40 -42 -48 -49 -43 -44 0
-40 -42 -48 -49 -43 -53 0
-40 -42 -48 -49 -43 -54 0
-40 -42 -48 -49 -43 -51 0
-40 -42 -48 -49 -43 -52 0
-40 -42 -48 -49 -44 -53 0
-40 -42 -48 -49 -44 -54 0
-40 -42 -48 -49 -44 -51 0
-40 -42 -48 -49 -44 -52 0
-40 -42 -48 -49 -53 -54 0
-40 -42 -48 -49 -53 -51 0
-40 -42 -48 -49 -53 -52 0
-40 -42 -48 -49 -54 -51 0
-40 -42 -48 -49 -54 -52 0
-40 -42 -48 -49 -51 -52 0
-40 -42 -48 -50 -43 -44 0
-40 -42 -48 -50 -43 -53 0
-40 -42 -48 -50 -43 -54 0
-40 -42 -48 -50 -43 -51 0
-40 -42 -48 -50 -43 -52 0
-40 -42 -48 -50 -44 -53 0
-40 -42 -48 -50 -44 -54 0
-40 -42 -48 -50 -44 -51 0
-40 -42 -48 -50 -44 -52 0
-40 -42 -48 -50 -53 -54 0
-40 -42 -48 -50 -53 -51 0
-40 -42 -48 -50 -53 -52 0
-40 -42 -48 -50 -54 -51 0
-40 -42 -48 -50 -54 -52 0
-40 -42 -48 -50 -51 -52 0
-40 -42 -48 -43 -44 -53 0
-40 -42 -48 -43 -44 -54 0
-40 -42 -48 -43 -44 -51 0
-40 -42 -48 -43 -44 -52 0
-40 -42 -48 -43 -53 -54 0
-40 -42 -48 -43 -53 -51 0
-40 -42 -48 -43 -53 -52 0
-40 -42 -48 -43 -54 -51 0
-40 -42 -48 -43 -54 -52 0
-40 -42 -48 -43 -51 -52 0
-40 -42 -48 -44 -53 -54 0
-40 -42 -48 -44 -53 -51 0
-40 -42 -48 -44 -53 -52 0
-40 -42 -48 -44 -54 -51 0
-40 -42 -48 -44 -54 -52 0
-40 -42 -48 -44 -51 -52 0
-40 -42 -48 -53 -54 -51 0
-40 -42 -48 -53 -54 -52 0
-40 -42 -48 -53 -51 -52 0
-40 -42 -48 -54 -51 -52 0
-40 -42 -49 -50 -43 -44 0
-40 -42 -49 -50 -43 -53 0
-40 -42 -49 -50 -43 -54 0
-40 -42 -49 -50 -43 -51 0
-40 -42 -49 -50 -43 -52 0
-40 -42 -49 -50 -44 -53 0
-40 -42 -49 -50 -44 -54 0
-40 -42 -49 -50 -44 -51 0
-40 -42 -49 -50 -44 -52 0
-40 -42 -49 -50 -53 -54 0
-40 -42 -49 -50 -53 -51 0
-40 -42 -49 -50 -53 -52 0
-40 -42 -49 -50 -54 -51 0
-40 -42 -49 -50 -54 -52 0
-40 -42 -49 -50 -51 -52 0
-40 -42 -49 -43 -44 -53 0
-40 -42 -49 -43 -44 -54 0
-40 -42 -49 -43 -44 -51 0
-40 -42 -49 -43 -44 -52 0
-40 -42 -49 -43 -53 -54 0
-40 -42 -49 -43 -53 -51 0
-40 -42 -49 -43 -53 -52 0
-40 -42 -49 -43 -54 -51 0
-40 -42 -49 -43 -54 -52 0
-40 -42 -49 -43 -51 -52 0
-40 -42 -49 -44 -53 -54 0
-40 -42 -49 -44 -53 -51 0
-40 -42 -49 -44 -53 -52 0
-40 -42 -49 -44 -54 -51 0
-40 -42 -49 -44 -54 -52 0
-40 -42 -49 -44 -51 -52 0
-40 -42 -49 -53 -54 -51 0
-40 -42 -49 -53 -54 -52 0
-40 -42 -49 -53 -51 -52 0
-40 -42 -49 -54 -51 -52 0
-40 -42 -50 -43 -44 -53 0
-40 -42 -50 -43 -44 -54 0
-40 -42 -50 -43 -44 -51 0
-40 -42 -50 -43 -44 -52 0
-40 -42 -50 -43 -53 -54 0
-40 -42 -50 -43 -53 -51 0
-40 -42 -50 -43 -53 -52 0
-40 -42 -50 -43 -54 -51 0
-40 -42 -50 -43 -54 -52 0
-40 -42 -50 -43 -51 -52 0
-40 -42 -50 -44 -53 -54 0
-40 -42 -50 -44 -53 -51 0
-40 -42 -50 -44 -53 -52 0
-40 -42 -50 -44 -54 -51 0
-40 -42 -50 -44 -54 -52 0
-40 -42 -50 -44 -51 -52 0
-40 -42 -50 -53 -54 -51 0
-40 -42 -50 -53 -54 -52 0
-40 -42 -50 -53 -51 -52 0
-40 -42 -50 -54 -51 -52 0
-40 -42 -43 -44 -53 -54 0
-40 -42 -43 -44 -53 -51 0
-40 -42 -43 -44 -53 -52 0
-40 -42 -43 -44 -54 -51 0
-40 -42 -43 -44 -54 -52 0
-40 -42 -43 -44 -51 -52 0
-40 -42 -43 -53 -54 -51 0
-40 -42 -43 -53 -54 -52 0
-40 -42 -43 -53 -51 -52 0
-40 -42 -43 -54 -51 -52 0
-40 -42 -44 -53 -54 -51 0
-40 -42 -44 -53 -54 -52 0
-40 -42 -44 -53 -51 -52 0
-40 -42 -44 -54 -51 -52 0
-40 -42 -53 -54 -51 -52 0
-40 -45 -46 -47 -48 -49 0
-40 -45 -46 -47 -48 -50 0
-40 -45 -46 -47 -48 -43 0
-40 -45 -46 -47 -48 -44 0
-40 -45 -46 -47 -48 -53 0
-40 -45 -46 -47 -48 -54 0
-40 -45 -46 -47 -48 -51 0
-40 -45 -46 -47 -48 -52 0
-40 -45 -46 -47 -49 -50 0
-40 -45 -46 -47 -49 -43 0
-40 -45 -46 -47 -49 -44 0
-40 -45 -46 -47 -49 -53 0
-40 -45 -46 -47 -49 -54 0
-40 -45 -46 -47 -49 -51 0
-40 -45 -46 -47 -49 -52 0
-40 -45 -46 -47 -50 -43 0
-40 -45 -46 -47 -50 -44 0
-40 -45 -46 -47 -50 -53 0
-40 -45 -46 -47 -50 -54 0
-40 -45 -46 -47 -50 -51 0
-40 -45 -46 -47 -50 -52 0
-40 -45 -46 -47 -43 -44 0
-40 -45 -46 -47 -43 -53 0
-40 -45 -46 -47 -43 -54 0
-40 -45 -46 -47 -43 -51 0
-40 -45 -46 -47 -43 -52 0
-40 -45 -46 -47 -44 -53 0
-40 -45 -46 -47 -44 -54 0
-40 -45 -46 -47 -44 -51 0
-40 -45 -46 -47 -44 -52 0
-40 -45 -46 -47 -53 -54 0
-40 -45 -46 -47 -53 -51 0
-40 -45 -46 -47 -53 -52 0
-40 -45 -46 -47 -54 -51 0
-40 -45 -46 -47 -54 -52 0
-40 -45 -46 -47 -51 -52 0
-40 -45 -46 -48 -49 -50 0
-40 -45 -46 -48 -49 -43 0
-40 -45 -46 -48 -49 -44 0
-40 -45 -46 -48 -49 -53 0
-40 -45 -46 -48 -49 -54 0
-40 -45 -46 -48 -49 -51 0
-40 -45 -46 -48 -49 -52 0
-40 -45 -46 -48 -50 -43 0
-40 -45 -46 -48 -50 -44 0
-40 -45 -46 -48 -50 -53 0
-40 -45 -46 -48 -50 -54 0
-40 -45 -46 -48 -50 -51 0
-40 -45 -46 -48 -50 -52 0
-40 -45 -46 -48 -43 -44 0
-40 -45 -46 -48 -43 -53 0
-40 -45 -46 -48 -43 -54 0
-40 -45 -46 -48 -43 -51 0
-40 -45 -46 -48 -43 -52 0
-40 -45 -46 -48 -44 -53 0
-40 -45 -46 -48 -44 -54 0
-40 -45 -46 -48 -44 -51 0
-40 -45 -46 -48 -44 -52 0
-40 -45 -46 -48 -53 -54 0
-40 -45 -46 -48 -53 -51 0
-40 -45 -46 -48 -53 -52 0
-40 -45 -46 -48 -54 -51 0
-40 -45 -46 -48 -54 -52 0
-40 -45 -46 -48 -51 -52 0
-40 -45 -46 -49 -50 -43 0
-40 -45 -46 -49 -50 -44 0
-40 -45 -46 -49 -50 -53 0
-40 -45 -46 -49 -50 -54 0
-40 -45 -46 -49 -50 -51 0
-40 -45 -46 -49 -50 -52 0
-40 -45 -46 -49 -43 -44 0
-40 -45 -46 -49 -43 -53 0
-40 -45 -46 -49 -43 -54 0
-40 -45 -46 -49 -43 -51 0
-40 -45 -46 -49 -43 -52 0
-40 -45 -46 -49 -44 -53 0
-40 -45 -46 -49 -44 -54 0
-40 -45 -46 -49 -44 -51 0
-40 -45 -46 -49 -44 -52 0
-40 -45 -46 -49 -53 -54 0
-40 -45 -46 -49 -53 -51 0
-40 -45 -46 -49 -53 -52 0
-40 -45 -46 -49 -54 -51 0
-40 -45 -46 -49 -54 -52 0
-40 -45 -46 -49 -51 -52 0
-40 -45 -46 -50 -43 -44 0
-40 -45 -46 -50 -43 -53 0
-40 -45 -46 -50 -43 -54 0
-40 -45 -46 -50 -43 -51 0
-40 -45 -46 -50 -43 -52 0
-40 -45 -46 -50 -44 -53 0
-40 -45 -46 -50 -44 -54 0
-40 -45 -46 -50 -44 -51 0
-40 -45 -46 -50 -44 -52 0
-40 -45 -46 -50 -53 -54 0
-40 -45 -46 -50 -53 -51 0
-40 -45 -46 -50 -53 -52 0
-40 -45 -46 -50 -54 -51 0
-40 -45 -46 -50 -54 -52 0
-40 -45 -46 -50 -51 -52 0
-40 -45 -46 -43 -44 -53 0
-40 -45 -46 -43 -44 -54 0
-40 -45 -46 -43 -44 -51 0
-40 -45 -46 -43 -44 -52 0
-40 -45 -46 -43 -53 -54 0
-40 -45 -46 -43 -53 -51 0
-40 -45 -46 -43 -53 -52 0
-40 -45 -46 -43 -54 -51 0
-40 -45 -46 -43 -54 -52 0
-40 -45 -46 -43 -51 -52 0
-40 -45 -46 -44 -53 -54 0
-40 -45 -46 -44 -53 -51 0
-40 -45 -46 -44 -53 -52 0
-40 -45 -46 -44 -54 -51 0
-40 -45 -46 -44 -54 -52 0
-40 -45 -46 -44 -51 -52 0
-40 -45 -46 -53 -54 -51 0
-40 -45 -46 -53 -54 -52 0
-40 -45 -46 -53 -51 -52 0
-40 -45 -46 -54 -51 -52 0
-40 -45 -47 -48 -49 -50 0
-40 -45 -47 -48 -49 -43 0
-40 -45 -47 -48 -49 -44 0
-40 -45 -47 -48 -49 -53 0
-40 -45 -47 -48 -49 -54 0
-40 -45 -47 -48 -49 -51 0
-40 -45 -47 -48 -49 -52 0
-40 -45 -47 -48 -50 -43 0
-40 -45 -47 -48 -50 -44 0
-40 -45 -47 -48 -50 -53 0
-40 -45 -47 -48 -50 -54 0
-40 -45 -47 -48 -50 -51 0
-40 -45 -47 -48 -50 -52 0
-40 -45 -47 -48 -43 -44 0
-40 -45 -47 -48 -43 -53 0
-40 -45 -47 -48 -43 -54 0
-40 -45 -47 -48 -43 -51 0
-40 -45 -47 -48 -43 -52 0
-40 -45 -47 -48 -44 -53 0
-40 -45 -47 -48 -44 -54 0
-40 -45 -47 -48 -44 -51 0
-40 -45 -47 -48 -44 -52 0
-40 -45 -47 -48 -53 -54 0
-40 -45 -47 -48 -53 -51 0
-40 -45 -47 -48 -53 -52 0
-40 -45 -47 -48 -54 -51 0
-40 -45 -47 -48 -54 -52 0
-40 -45 -47 -48 -51 -52 0
-40 -45 -47 -49 -50 -43 0
-40 -45 -47 -49 -50 -44 0
-40 -45 -47 -49 -50 -53 0
-40 -45 -47 -49 -50 -54 0
-40 -45 -47 -49 -50 -51 0
-40 -45 -47 -49 -50 -52 0
-40 -45 -47 -49 -43 -44 0
-40 -45 -47 -49 -43 -53 0
-40 -45 -47 -49 -43 -54 0
-40 -45 -47 -49 -43 -51 0
-40 -45 -47 -49 -43 -52 0
-40 -45 -47 -49 -44 -53 0
-40 -45 -47 -49 -44 -54 0
-40 -45 -47 -49 -44 -51 0
-40 -45 -47 -49 -44 -52 0
-40 -45 -47 -49 -53 -54 0
-40 -45 -47 -49 -53 -51 0
-40 -45 -47 -49 -53 -52 0
-40 -45 -47 -49 -54 -51 0
-40 -45 -47 -49 -54 -52 0
-40 -45 -47 -49 -51 -52 0
-40 -45 -47 -50 -43 -44 0
-40 -45 -47 -50 -43 -53 0
-40 -45 -47 -50 -43 -54 0
-40 -45 -47 -50 -43 -51 0
-40 -45 -47 -50 -43 -52 0
-40 -45 -47 -50 -44 -53 0
-40 -45 -47 -50 -44 -54 0
-40 -45 -47 -50 -44 -51 0
-40 -45 -47 -50 -44 -52 0
-40 -45 -47 -50 -53 -54 0
-40 -45 -47 -50 -53 -51 0
-40 -45 -47 -50 -53 -52 0
-40 -45 -47 -50 -54 -51 0
-40 -45 -47 -50 -54 -52 0
-40 -45 -47 -50 -51 -52 0
-40 -45 -47 -43 -44 -53 0
-40 -45 -47 -43 -44 -54 0
-40 -45 -47 -43 -44 -51 0
-40 -45 -47 -43 -44 -52 0
-40 -45 -47 -43 -53 -54 0
-40 -45 -47 -43 -53 -51 0
-40 -45 -47 -43 -53 -52 0
-40 -45 -47 -43 -54 -51 0
-40 -45 -47 -43 -54 -52 0
-40 -45 -47 -43 -51 -52 0
-40 -45 -47 -44 -53 -54 0
-40 -45 -47 -44 -53 -51 0
-40 -45 -47 -44 -53 -52 0
-40 -45 -47 -44 -54 -51 0
-40 -45 -47 -44 -54 -52 0
-40 -45 -47 -44 -51 -52 0
-40 -45 -47 -53 -54 -51 0
-40 -45 -47 -53 -54 -52 0
-40 -45 -47 -53 -51 -52 0
-40 -45 -47 -54 -51 -52 0
-40 -45 -48 -49 -50 -43 0
-40 -45 -48 -49 -50 -44 0
-40 -45 -48 -49 -50 -53 0
-40 -45 -48 -49 -50 -54 0
-40 -45 -48 -49 -50 -51 0
-40 -45 -48 -49 -50 -52 0
-40 -45 -48 -49 -43 -44 0
-40 -45 -48 -49 -43 -53 0
-40 -45 -48 -49 -43 -54 0
-40 -45 -48 -49 -43 -51 0
-40 -45 -48 -49 -43 -52 0
-40 -45 -48 -49 -44 -53 0
-40 -45 -48 -49 -44 -54 0
-40 -45 -48 -49 -44 -51 0
-40 -45 -48 -49 -44 -52 0
-40 -45 -48 -49 -53 -54 0
-40 -45 -48 -49 -53 -51 0
-40 -45 -48 -49 -53 -52 0
-40 -45 -48 -49 -54 -51 0
-40 -45 -48 -49 -54 -52 0
-40 -45 -48 -49 -51 -52 0
-40 -45 -48 -50 -43 -44 0
-40 -45 -48 -50 -43 -53 0
-40 -45 -48 -50 -43 -54 0
-40 -45 -48 -50 -43 -51 0
-40 -45 -48 -50 -43 -52 0
-40 -45 -48 -50 -44 -53 0
-40 -45 -48 -50 -44 -54 0
-40 -45 -48 -50 -44 -51 0
-40 -45 -48 -50 -44 -52 0
-40 -45 -48 -50 -53 -54 0
-40 -45 -48 -50 -53 -51 0
-40 -45 -48 -50 -53 -52 0
-40 -45 -48 -50 -54 -51 0
-40 -45 -48 -50 -54 -52 0
-40 -45 -48 -50 -51 -52 0
-40 -45 -48 -43 -44 -53 0
-40 -45 -48 -43 -44 -54 0
-40 -45 -48 -43 -44 -51 0
-40 -45 -48 -43 -44 -52 0
-40 -45 -48 -43 -53 -54 0
-40 -45 -48 -43 -53 -51 0
-40 -45 -48 -43 -53 -52 0
-40 -45 -48 -43 -54 -51 0
-40 -45 -48 -43 -54 -52 0
-40 -45 -48 -43 -51 -52 0
-40 -45 -48 -44 -53 -54 0
-40 -45 -48 -44 -53 -51 0
-40 -45 -48 -44 -53 -52 0
-40 -45 -48 -44 -54 -51 0
-40 -45 -48 -44 -54 -52 0
-40 -45 -48 -44 -51 -52 0
-40 -45 -48 -53 -54 -51 0
-40 -45 -48 -53 -54 -52 0
-40 -45 -48 -53 -51 -52 0
-40 -45 -48 -54 -51 -52 0
-40 -45 -49 -50 -43 -44 0
-40 -45 -49 -50 -43 -53 0
-40 -45 -49 -50 -43 -54 0
-40 -45 -49 -50 -43 -51 0
-40 -45 -49 -50 -43 -52 0
-40 -45 -49 -50 -44 -53 0
-40 -45 -49 -50 -44 -54 0
-40 -45 -49 -50 -44 -51 0
-40 -45 -49 -50 -44 -52 0
-40 -45 -49 -50 -53 -54 0
-40 -45 -49 -50 -53 -51 0
-40 -45 -49 -50 -53 -52 0
-40 -45 -49 -50 -54 -51 0
-40 -45 -49 -50 -54 -52 0
-40 -45 -49 -50 -51 -52 0
-40 -45 -49 -43 -44 -53 0
-40 -45 -49 -43 -44 -54 0
-40 -45 -49 -43 -44 -51 0
-40 -45 -49 -43 -44 -52 0
-40 -45 -49 -43 -53 -54 0
-40 -45 -49 -43 -53 -51 0
-40 -45 -49 -43 -53 -52 0
-40 -45 -49 -43 -54 -51 0
-40 -45 -49 -43 -54 -52 0
-40 -45 -49 -43 -51 -52 0
-40 -45 -49 -44 -53 -54 0
-40 -45 -49 -44 -53 -51 0
-40 -45 -49 -44 -53 -52 0
-40 -45 -49 -44 -54 -51 0
-40 -45 -49 -44 -54 -52 0
-40 -45 -49 -44 -51 -52 0
-40 -45 -49 -53 -54 -51 0
-40 -45 -49 -53 -54 -52 0
-40 -45 -49 -53 -51 -52 0
-40 -45 -49 -54 -51 -52 0
-40 -45 -50 -43 -44 -53 0
-40 -45 -50 -43 -44 -54 0
-40 -45 -50 -43 -44 -51 0
-40 -45 -50 -43 -44 -52 0
-40 -45 -50 -43 -53 -54 0
-40 -45 -50 -43 -53 -51 0
-40 -45 -50 -43 -53 -52 0
-40 -45 -50 -43 -54 -51 0
-40 -45 -50 -43 -54 -52 0
-40 -45 -50 -43 -51 -52 0
-40 -45 -50 -44 -53 -54 0
-40 -45 -50 -44 -53 -51 0
-40 -45 -50 -44 -53 -52 0
-40 -45 -50 -44 -54 -51 0
-40 -45 -50 -44 -54 -52 0
-40 -45 -50 -44 -51 -52 0
-40 -45 -50 -53 -54 -51 0
-40 -45 -50 -53 -54 -52 0
-40 -45 -50 -53 -51 -52 0
-40 -45 -50 -54 -51 -52 0
-40 -45 -43 -44 -53 -54 0
-40 -45 -43 -44 -53 -51 0
-40 -45 -43 -44 -53 -52 0
-40 -45 -43 -44 -54 -51 0
-40 -45 -43 -44 -54 -52 0
-40 -45 -43 -44 -51 -52 0
-40 -45 -43 -53 -54 -51 0
-40 -45 -43 -53 -54 -52 0
-40 -45 -43 -53 -51 -52 0
-40 -45 -43 -54 -51 -52 0
-40 -45 -44 -53 -54 -51 0
-40 -45 -44 -53 -54 -52 0
-40 -45 -44 -53 -51 -52 0
-40 -45 -44 -54 -51 -52 0
-40 -45 -53 -54 -51 -52 0
-40 -46 -47 -48 -49 -50 0
-40 -46 -47 -48 -49 -43 0
-40 -46 -47 -48 -49 -44 0
-40 -46 -47 -48 -49 -53 0
-40 -46 -47 -48 -49 -54 0
-40 -46 -47 -48 -49 -51 0
-40 -46 -47 -48 -49 -52 0
-40 -46 -47 -48 -50 -43 0
-40 -46 -47 -48 -50 -44 0
-40 -46 -47 -48 -50 -53 0
-40 -46 -47 -48 -50 -54 0
-40 -46 -47 -48 -50 -51 0
-40 -46 -47 -48 -50 -52 0
-40 -46 -47 -48 -43 -44 0
-40 -46 -47 -48 -43 -53 0
-40 -46 -47 -48 -43 -54 0
-40 -46 -47 -48 -43 -51 0
-40 -46 -47 -48 -43 -52 0
-40 -46 -47 -48 -44 -53 0
-40 -46 -47 -48 -44 -54 0
-40 -46 -47 -48 -44 -51 0
-40 -46 -47 -48 -44 -52 0
-40 -46 -47 -48 -53 -54 0
-40 -46 -47 -48 -53 -51 0
-40 -46 -47 -48 -53 -52 0
-40 -46 -47 -48 -54 -51 0
-40 -46 -47 -48 -54 -52 0
-40 -46 -47 -48 -51 -52 0
-40 -46 -47 -49 -50 -43 0
-40 -46 -47 -49 -50 -44 0
-40 -46 -47 -49 -50 -53 0
-40 -46 -47 -49 -50 -54 0
-40 -46 -47 -49 -50 -51 0
-40 -46 -47 -49 -50 -52 0
-40 -46 -47 -49 -43 -44 0
-40 -46 -47 -49 -43 -53 0
-40 -46 -47 -49 -43 -54 0
-40 -46 -47 -49 -43 -51 0
-40 -46 -47 -49 -43 -52 0
-40 -46 -47 -49 -44 -53 0
-40 -46 -47 -49 -44 -54 0
-40 -46 -47 -49 -44 -51 0
-40 -46 -47 -49 -44 -52 0
-40 -46 -47 -49 -53 -54 0
-40 -46 -47 -49 -53 -51 0
-40 -46 -47 -49 -53 -52 0
-40 -46 -47 -49 -54 -51 0
-40 -46 -47 -49 -54 -52 0
-40 -46 -47 -49 -51 -52 0
-40 -46 -47 -50 -43 -44 0
-40 -46 -47 -50 -43 -53 0
-40 -46 -47 -50 -43 -54 0
-40 -46 -47 -50 -43 -51 0
-40 -46 -47 -50 -43 -52 0
-40 -46 -47 -50 -44 -53 0
-40 -46 -47 -50 -44 -54 0
-40 -46 -47 -50 -44 -51 0
-40 -46 -47 -50 -44 -52 0
-40 -46 -47 -50 -53 -54 0
-40 -46 -47 -50 -53 -51 0
-40 -46 -47 -50 -53 -52 0
-40 -46 -47 -50 -54 -51 0
-40 -46 -47 -50 -54 -52 0
-40 -46 -47 -50 -51 -52 0
-40 -46 -47 -43 -44 -53 0
-40 -46 -47 -43 -44 -54 0
-40 -46 -47 -43 -44 -51 0
-40 -46 -47 -43 -44 -52 0
-40 -46 -47 -43 -53 -54 0
-40 -46 -47 -43 -53 -51 0
-40 -46 -47 -43 -53 -52 0
-40 -46 -47 -43 -54 -51 0
-40 -46 -47 -43 -54 -52 0
-40 -46 -47 -43 -51 -52 0
-40 -46 -47 -44 -53 -54 0
-40 -46 -47 -44 -53 -51 0
-40 -46 -47 -44 -53 -52 0
-40 -46 -47 -44 -54 -51 0
-40 -46 -47 -44 -54 -52 0
-40 -46 -47 -44 -51 -52 0
-40 -46 -47 -53 -54 -51 0
-40 -46 -47 -53 -54 -52 0
-40 -46 -47 -53 -51 -52 0
-40 -46 -47 -54 -51 -52 0
-40 -46 -48 -49 -50 -43 0
-40 -46 -48 -49 -50 -44 0
-40 -46 -48 -49 -50 -53 0
-40 -46 -48 -49 -50 -54 0
-40 -46 -48 -49 -50 -51 0
-40 -46 -48 -49 -50 -52 0
-40 -46 -48 -49 -43 -44 0
-40 -46 -48 -49 -43 -53 0
-40 -46 -48 -49 -43 -54 0
-40 -46 -48 -49 -43 -51 0
-40 -46 -48 -49 -43 -52 0
-40 -46 -48 -49 -44 -53 0
-40 -46 -48 -49 -44 -54 0
-40 -46 -48 -49 -44 -51 0
-40 -46 -48 -49 -44 -52 0
-40 -46 -48 -49 -53 -54 0
-40 -46 -48 -49 -53 -51 0
-40 -46 -48 -49 -53 -52 0
-40 -46 -48 -49 -54 -51 0
-40 -46 -48 -49 -54 -52 0
-40 -46 -48 -49 -51 -52 0
-40 -46 -48 -50 -43 -44 0
-40 -46 -48 -50 -43 -53 0
-40 -46 -48 -50 -43 -54 0
-40 -46 -48 -50 -43 -51 0
-40 -46 -48 -50 -43 -52 0
-40 -46 -48 -50 -44 -53 0
-40 -46 -48 -50 -44 -54 0
-40 -46 -48 -50 -44 -51 0
-40 -46 -48 -50 -44 -52 0
-40 -46 -48 -50 -53 -54 0
-40 -46 -48 -50 -53 -51 0
-40 -46 -48 -50 -53 -52 0
-40 -46 -48 -50 -54 -51 0
-40 -46 -48 -50 -54 -52 0
-40 -46 -48 -50 -51 -52 0
-40 -46 -48 -43 -44 -53 0
-40 -46 -48 -43 -44 -54 0
-40 -46 -48 -43 -44 -51 0
-40 -46 -48 -43 -44 -52 0
-40 -46 -48 -43 -53 -54 0
-40 -46 -48 -43 -53 -51 0
-40 -46 -48 -43 -53 -52 0
-40 -46 -48 -43 -54 -51 0
-40 -46 -48 -43 -54 -52 0
-40 -46 -48 -43 -51 -52 0
-40 -46 -48 -44 -53 -54 0
-40 -46 -48 -44 -53 -51 0
-40 -46 -48 -44 -53 -52 0
-40 -46 -48 -44 -54 -51 0
-40 -46 -48 -44 -54 -52 0
-40 -46 -48 -44 -51 -52 0
-40 -46 -48 -53 -54 -51 0
-40 -46 -48 -53 -54 -52 0
-40 -46 -48 -53 -51 -52 0
-40 -46 -48 -54 -51 -52 0
-40 -46 -49 -50 -43 -44 0
-40 -46 -49 -50 -43 -53 0
-40 -46 -49 -50 -43 -54 0
-40 -46 -49 -50 -43 -51 0
-40 -46 -49 -50 -43 -52 0
-40 -46 -49 -50 -44 -53 0
-40 -46 -49 -50 -44 -54 0
-40 -46 -49 -50 -44 -51 0
-40 -46 -49 -50 -44 -52 0
-40 -46 -49 -50 -53 -54 0
-40 -46 -49 -50 -53 -51 0
-40 -46 -49 -50 -53 -52 0
-40 -46 -49 -50 -54 -51 0
-40 -46 -49 -50 -54 -52 0
-40 -46 -49 -50 -51 -52 0
-40 -46 -49 -43 -44 -53 0
-40 -46 -49 -43 -44 -54 0
-40 -46 -49 -43 -44 -51 0
-40 -46 -49 -43 -44 -52 0
-40 -46 -49 -43 -53 -54 0
-40 -46 -49 -43 -53 -51 0
-40 -46 -49 -43 -53 -52 0
-40 -46 -49 -43 -54 -51 0
-40 -46 -49 -43 -54 -52 0
-40 -46 -49 -43 -51 -52 0
-40 -46 -49 -44 -53 -54 0
-40 -46 -49 -44 -53 -51 0
-40 -46 -49 -44 -53 -52 0
-40 -46 -49 -44 -54 -51 0
-40 -46 -49 -44 -54 -52 0
-40 -46 -49 -44 -51 -52 0
-40 -46 -49 -53 -54 -51 0
-40 -46 -49 -53 -54 -52 0
-40 -46 -49 -53 -51 -52 0
-40 -46 -49 -54 -51 -52 0
-40 -46 -50 -43 -44 -53 0
-40 -46 -50 -43 -44 -54 0
-40 -46 -50 -43 -44 -51 0
-40 -46 -50 -43 -44 -52 0
-40 -46 -50 -43 -53 -54 0
-40 -46 -50 -43 -53 -51 0
-40 -46 -50 -43 -53 -52 0
-40 -46 -50 -43 -54 -51 0
-40 -46 -50 -43 -54 -52 0
-40 -46 -50 -43 -51 -52 0
-40 -46 -50 -44 -53 -54 0
-40 -46 -50 -44 -53 -51 0
-40 -46 -50 -44 -53 -52 0
-40 -46 -50 -44 -54 -51 0
-40 -46 -50 -44 -54 -52 0
-40 -46 -50 -44 -51 -52 0
-40 -46 -50 -53 -54 -51 0
-40 -46 -50 -53 -54 -52 0
-40 -46 -50 -53 -51 -52 0
-40 -46 -50 -54 -51 -52 0
-40 -46 -43 -44 -53 -54 0
-40 -46 -43 -44 -53 -51 0
-40 -46 -43 -44 -53 -52 0
-40 -46 -43 -44 -54 -51 0
-40 -46 -43 -44 -54 -52 0
-40 -46 -43 -44 -51 -52 0
-40 -46 -43 -53 -54 -51 0
-40 -46 -43 -53 -54 -52 0
-40 -46 -43 -53 -51 -52 0
-40 -46 -43 -54 -51 -52 0
-40 -46 -44 -53 -54 -51 0
-40 -46 -44 -53 -54 -52 0
-40 -46 -44 -53 -51 -52 0
-40 -46 -44 -54 -51 -52 0
-40 -46 -53 -54 -51 -52 0
-40 -47 -48 -49 -50 -43 0
-40 -47 -48 -49 -50 -44 0
-40 -47 -48 -49 -50 -53 0
-40 -47 -48 -49 -50 -54 0
-40 -47 -48 -49 -50 -51 0
-40 -47 -48 -49 -50 -52 0
-40 -47 -48 -49 -43 -44 0
-40 -47 -48 -49 -43 -53 0
-40 -47 -48 -49 -43 -54 0
-40 -47 -48 -49 -43 -51 0
-40 -47 -48 -49 -43 -52 0
-40 -47 -48 -49 -44 -53 0
-40 -47 -48 -49 -44 -54 0
-40 -47 -48 -49 -44 -51 0
-40 -47 -48 -49 -44 -52 0
-40 -47 -48 -49 -53 -54 0
-40 -47 -48 -49 -53 -51 0
-40 -47 -48 -49 -53 -52 0
-40 -47 -48 -49 -54 -51 0
-40 -47 -48 -49 -54 -52 0
-40 -47 -48 -49 -51 -52 0
-40 -47 -48 -50 -43 -44 0
-40 -47 -48 -50 -43 -53 0
-40 -47 -48 -50 -43 -54 0
-40 -47 -48 -50 -43 -51 0
-40 -47 -48 -50 -43 -52 0
-40 -47 -48 -50 -44 -53 0
-40 -47 -48 -50 -44 -54 0
-40 -47 -48 -50 -44 -51 0
-40 -47 -48 -50 -44 -52 0
-40 -47 -48 -50 -53 -54 0
-40 -47 -48 -50 -53 -51 0
-40 -47 -48 -50 -53 -52 0
-40 -47 -48 -50 -54 -51 0
-40 -47 -48 -50 -54 -52 0
-40 -47 -48 -50 -51 -52 0
-40 -47 -48 -43 -44 -53 0
-40 -47 -48 -43 -44 -54 0
-40 -47 -48 -43 -44 -51 0
-40 -47 -48 -43 -44 -52 0
-40 -47 -48 -43 -53 -54 0
-40 -47 -48 -43 -53 -51 0
-40 -47 -48 -43 -53 -52 0
-40 -47 -48 -43 -54 -51 0
-40 -47 -48 -43 -54 -52 0
-40 -47 -48 -43 -51 -52 0
-40 -47 -48 -44 -53 -54 0
-40 -47 -48 -44 -53 -51 0
-40 -47 -48 -44 -53 -52 0
-40 -47 -48 -44 -54 -51 0
-40 -47 -48 -44 -54 -52 0
-40 -47 -48 -44 -51 -52 0
-40 -47 -48 -53 -54 -51 0
-40 -47 -48 -53 -54 -52 0
-40 -47 -48 -53 -51 -52 0
-40 -47 -48 -54 -51 -52 0
-40 -47 -49 -50 -43 -44 0
-40 -47 -49 -50 -43 -53 0
-40 -47 -49 -50 -43 -54 0
-40 -47 -49 -50 -43 -51 0
-40 -47 -49 -50 -43 -52 0
-40 -47 -49 -50 -44 -53 0
-40 -47 -49 -50 -44 -54 0
-40 -47 -49 -50 -44 -51 0
-40 -47 -49 -50 -44 -52 0
-40 -47 -49 -50 -53 -54 0
-40 -47 -49 -50 -53 -51 0
-40 -47 -49 -50 -53 -52 0
-40 -47 -49 -50 -54 -51 0
-40 -47 -49 -50 -54 -52 0
-40 -47 -49 -50 -51 -52 0
-40 -47 -49 -43 -44 -53 0
-40 -47 -49 -43 -44 -54 0
-40 -47 -49 -43 -44 -51 0
-40 -47 -49 -43 -44 -52 0
-40 -47 -49 -43 -53 -54 0
-40 -47 -49 -43 -53 -51 0
-40 -47 -49 -43 -53 -52 0
-40 -47 -49 -43 -54 -51 0
-40 -47 -49 -43 -54 -52 0
-40 -47 -49 -43 -51 -52 0
-40 -47 -49 -44 -53 -54 0
-40 -47 -49 -44 -53 -51 0
-40 -47 -49 -44 -53 -52 0
-40 -47 -49 -44 -54 -51 0
-40 -47 -49 -44 -54 -52 0
-40 -47 -49 -44 -51 -52 0
-40 -47 -49 -53 -54 -51 0
-40 -47 -49 -53 -54 -52 0
-40 -47 -49 -53 -51 -52 0
-40 -47 -49 -54 -51 -52 0
-40 -47 -50 -43 -44 -53 0
-40 -47 -50 -43 -44 -54 0
-40 -47 -50 -43 -44 -51 0
-40 -47 -50 -43 -44 -52 0
-40 -47 -50 -43 -53 -54 0
-40 -47 -50 -43 -53 -51 0
-40 -47 -50 -43 -53 -52 0
-40 -47 -50 -43 -54 -51 0
-40 -47 -50 -43 -54 -52 0
-40 -47 -50 -43 -51 -52 0
-40 -47 -50 -44 -53 -54 0
-40 -47 -50 -44 -53 -51 0
-40 -47 -50 -44 -53 -52 0
-40 -47 -50 -44 -54 -51 0
-40 -47 -50 -44 -54 -52 0
-40 -47 -50 -44 -51 -52 0
-40 -47 -50 -53 -54 -51 0
-40 -47 -50 -53 -54 -52 0
-40 -47 -50 -53 -51 -52 0
-40 -47 -50 -54 -51 -52 0
-40 -47 -43 -44 -53 -54 0
-40 -47 -43 -44 -53 -51 0
-40 -47 -43 -44 -53 -52 0
-40 -47 -43 -44 -54 -51 0
-40 -47 -43 -44 -54 -52 0
-40 -47 -43 -44 -51 -52 0
-40 -47 -43 -53 -54 -51 0
-40 -47 -43 -53 -54 -52 0
-40 -47 -43 -53 -51 -52 0
-40 -47 -43 -54 -51 -52 0
-40 -47 -44 -53 -54 -51 0
-40 -47 -44 -53 -54 -52 0
-40 -47 -44 -53 -51 -52 0
-40 -47 -44 -54 -51 -52 0
-40 -47 -53 -54 -51 -52 0
-40 -48 -49 -50 -43 -44 0
-40 -48 -49 -50 -43 -53 0
-40 -48 -49 -50 -43 -54 0
-40 -48 -49 -50 -43 -51 0
-40 -48 -49 -50 -43 -52 0
-40 -48 -49 -50 -44 -53 0
-40 -48 -49 -50 -44 -54 0
-40 -48 -49 -50 -44 -51 0
-40 -48 -49 -50 -44 -52 0
-40 -48 -49 -50 -53 -54 0
-40 -48 -49 -50 -53 -51 0
-40 -48 -49 -50 -53 -52 0
-40 -48 -49 -50 -54 -51 0
-40 -48 -49 -50 -54 -52 0
-40 -48 -49 -50 -51 -52 0
-40 -48 -49 -43 -44 -53 0
-40 -48 -49 -43 -44 -54 0
-40 -48 -49 -43 -44 -51 0
-40 -48 -49 -43 -44 -52 0
-40 -48 -49 -43 -53 -54 0
-40 -48 -49 -43 -53 -51 0
-40 -48 -49 -43 -53 -52 0
-40 -48 -49 -43 -54 -51 0
-40 -48 -49 -43 -54 -52 0
-40 -48 -49 -43 -51 -52 0
-40 -48 -49 -44 -53 -54 0
-40 -48 -49 -44 -53 -51 0
-40 -48 -49 -44 -53 -52 0
-40 -48 -49 -44 -54 -51 0
-40 -48 -49 -44 -54 -52 0
-40 -48 -49 -44 -51 -52 0
-40 -48 -49 -53 -54 -51 0
-40 -48 -49 -53 -54 -52 0
-40 -48 -49 -53 -51 -52 0
-40 -48 -49 -54 -51 -52 0
-40 -48 -50 -43 -44 -53 0
-40 -48 -50 -43 -44 -54 0
-40 -48 -50 -43 -44 -51 0
-40 -48 -50 -43 -44 -52 0
-40 -48 -50 -43 -53 -54 0
-40 -48 -50 -43 -53 -51 0
-40 -48 -50 -43 -53 -52 0
-40 -48 -50 -43 -54 -51 0
-40 -48 -50 -43 -54 -52 0
-40 -48 -50 -43 -51 -52 0
-40 -48 -50 -44 -53 -54 0
-40 -48 -50 -44 -53 -51 0
-40 -48 -50 -44 -53 -52 0
-40 -48 -50 -44 -54 -51 0
-40 -48 -50 -44 -54 -52 0
-40 -48 -50 -44 -51 -52 0
-40 -48 -50 -53 -54 -51 0
-40 -48 -50 -53 -54 -52 0
-40 -48 -50 -53 -51 -52 0
-40 -48 -50 -54 -51 -52 0
-40 -48 -43 -44 -53 -54 0
-40 -48 -43 -44 -53 -51 0
-40 -48 -43 -44 -53 -52 0
-40 -48 -43 -44 -54 -51 0
-40 -48 -43 -44 -54 -52 0
-40 -48 -43 -44 -51 -52 0
-40 -48 -43 -53 -54 -51 0
-40 -48 -43 -53 -54 -52 0
-40 -48 -43 -53 -51 -52 0
-40 -48 -43 -54 -51 -52 0
-40 -48 -44 -53 -54 -51 0
-40 -48 -44 -53 -54 -52 0
-40 -48 -44 -53 -51 -52 0
-40 -48 -44 -54 -51 -52 0
-40 -48 -53 -54 -51 -52 0
-40 -49 -50 -43 -44 -53 0
-40 -49 -50 -43 -44 -54 0
-40 -49 -50 -43 -44 -51 0
-40 -49 -50 -43 -44 -52 0
-40 -49 -50 -43 -53 -54 0
-40 -49 -50 -43 -53 -51 0
-40 -49 -50 -43 -53 -52 0
-40 -49 -50 -43 -54 -51 0
-40 -49 -50 -43 -54 -52 0
-40 -49 -50 -43 -51 -52 0
-40 -49 -50 -44 -53 -54 0
-40 -49 -50 -44 -53 -51 0
-40 -49 -50 -44 -53 -52 0
-40 -49 -50 -44 -54 -51 0
-40 -49 -50 -44 -54 -52 0
-40 -49 -50 -44 -51 -52 0
-40 -49 -50 -53 -54 -51 0
-40 -49 -50 -53 -54 -52 0
-40 -49 -50 -53 -51 -52 0
-40 -49 -50 -54 -51 -52 0
-40 -49 -43 -44 -53 -54 0
-40 -49 -43 -44 -53 -51 0
-40 -49 -43 -44 -53 -52 0
-40 -49 -43 -44 -54 -51 0
-40 -49 -43 -44 -54 -52 0
-40 -49 -43 -44 -51 -52 0
-40 -49 -43 -53 -54 -51 0
-40 -49 -43 -53 -54 -52 0
-40 -49 -43 -53 -51 -52 0
-40 -49 -43 -54 -51 -52 0
-40 -49 -44 -53 -54 -51 0
-40 -49 -44 -53 -54 -52 0
-40 -49 -44 -53 -51 -52 0
-40 -49 -44 -54 -51 -52 0
-40 -49 -53 -54 -51 -52 0
-40 -50 -43 -44 -53 -54 0
-40 -50 -43 -44 -53 -51 0
-40 -50 -43 -44 -53 -52 0
-40 -50 -43 -44 -54 -51 0
-40 -50 -43 -44 -54 -52 0
-40 -50 -43 -44 -51 -52 0
-40 -50 -43 -53 -54 -51 0
-40 -50 -43 -53 -54 -52 0
-40 -50 -43 -53 -51 -52 0
-40 -50 -43 -54 -51 -52 0
-40 -50 -44 -53 -54 -51 0
-40 -50 -44 -53 -54 -52 0
-40 -50 -44 -53 -51 -52 0
-40 -50 -44 -54 -51 -52 0
-40 -50 -53 -54 -51 -52 0
-40 -43 -44 -53 -54 -51 0
-40 -43 -44 -53 -54 -52 0
-40 -43 -44 -53 -51 -52 0
-40 -43 -44 -54 -51 -52 0
-40 -43 -53 -54 -51 -52 0
-40 -44 -53 -54 -51 -52 0
-41 -42 -45 -46 -47 -48 0
-41 -42 -45 -46 -47 -49 0
-41 -42 -45 -46 -47 -50 0
-41 -42 -45 -46 -47 -43 0
-41 -42 -45 -46 -47 -44 0
-41 -42 -45 -46 -47 -53 0
-41 -42 -45 -46 -47 -54 0
-41 -42 -45 -46 -47 -51 0
-41 -42 -45 -46 -47 -52 0
-41 -42 -45 -46 -48 -49 0
-41 -42 -45 -46 -48 -50 0
-41 -42 -45 -46 -48 -43 0
-41 -42 -45 -46 -48 -44 0
-41 -42 -45 -46 -48 -53 0
-41 -42 -45 -46 -48 -54 0
-41 -42 -45 -46 -48 -51 0
-41 -42 -45 -46 -48 -52 0
-41 -42 -45 -46 -49 -50 0
-41 -42 -45 -46 -49 -43 0
-41 -42 -45 -46 -49 -44 0
-41 -42 -45 -46 -49 -53 0
-41 -42 -45 -46 -49 -54 0
-41 -42 -45 -46 -49 -51 0
-41 -42 -45 -46 -49 -52 0
-41 -42 -45 -46 -50 -43 0
-41 -42 -45 -46 -50 -44 0
-41 -42 -45 -46 -50 -53 0
-41 -42 -45 -46 -50 -54 0
-41 -42 -45 -46 -50 -51 0
-41 -42 -45 -46 -50 -52 0
-41 -42 -45 -46 -43 -44 0
-41 -42 -45 -46 -43 -53 0
-41 -42 -45 -46 -43 -54 0
-41 -42 -45 -46 -43 -51 0
-41 -42 -45 -46 -43 -52 0
-41 -42 -45 -46 -44 -53 0
-41 -42 -45 -46 -44 -54 0
-41 -42 -45 -46 -44 -51 0
-41 -42 -45 -46 -44 -52 0
-41 -42 -45 -46 -53 -54 0
-41 -42 -45 -46 -53 -51 0
-41 -42 -45 -46 -53 -52 0
-41 -42 -45 -46 -54 -51 0
-41 -42 -45 -46 -54 -52 0
-41 -42 -45 -46 -51 -52 0
-41 -42 -45 -47 -48 -49 0
-41 -42 -45 -47 -48 -50 0
-41 -42 -45 -47 -48 -43 0
-41 -42 -45 -47 -48 -44 0
-41 -42 -45 -47 -48 -53 0
-41 -42 -45 -47 -48 -54 0
-41 -42 -45 -47 -48 -51 0
-41 -42 -45 -47 -48 -52 0
-41 -42 -45 -47 -49 -50 0
-41 -42 -45 -47 -49 -43 0
-41 -42 -45 -47 -49 -44 0
-41 -42 -45 -47 -49 -53 0
-41 -42 -45 -47 -49 -54 0
-41 -42 -45 -47 -49 -51 0
-41 -42 -45 -47 -49 -52 0
-41 -42 -45 -47 -50 -43 0
-41 -42 -45 -47 -50 -44 0
-41 -42 -45 -47 -50 -53 0
-41 -42 -45 -47 -50 -54 0
-41 -42 -45 -47 -50 -51 0
-41 -42 -45 -47 -50 -52 0
-41 -42 -45 -47 -43 -44 0
-41 -42 -45 -47 -43 -53 0
-41 -42 -45 -47 -43 -54 0
-41 -42 -45 -47 -43 -51 0
-41 -42 -45 -47 -43 -52 0
-41 -42 -45 -47 -44 -53 0
-41 -42 -45 -47 -44 -54 0
-41 -42 -45 -47 -44 -51 0
-41 -42 -45 -47 -44 -52 0
-41 -42 -45 -47 -53 -54 0
-41 -42 -45 -47 -53 -51 0
-41 -42 -45 -47 -53 -52 0
-41 -42 -45 -47 -54 -51 0
-41 -42 -45 -47 -54 -52 0
-41 -42 -45 -47 -51 -52 0
-41 -42 -45 -48 -49 -50 0
-41 -42 -45 -48 -49 -43 0
-41 -42 -45 -48 -49 -44 0
-41 -42 -45 -48 -49 -53 0
-41 -42 -45 -48 -49 -54 0
-41 -42 -45 -48 -49 -51 0
-41 -42 -45 -48 -49 -52 0
-41 -42 -45 -48 -50 -43 0
-41 -42 -45 -48 -50 -44 0
-41 -42 -45 -48 -50 -53 0
-41 -42 -45 -48 -50 -54 0
-41 -42 -45 -48 -50 -51 0
-41 -42 -45 -48 -50 -52 0
-41 -42 -45 -48 -43 -44 0
-41 -42 -45 -48 -43 -53 0
-41 -42 -45 -48 -43 -54 0
-41 -42 -45 -48 -43 -51 0
-41 -42 -45 -48 -43 -52 0
-41 -42 -45 -48 -44 -53 0
-41 -42 -45 -48 -44 -54 0
-41 -42 -45 -48 -44 -51 0
-41 -42 -45 -48 -44 -52 0
-41 -42 -45 -48 -53 -54 0
-41 -42 -45 -48 -53 -51 0
-41 -42 -45 -48 -53 -52 0
-41 -42 -45 -48 -54 -51 0
-41 -42 -45 -48 -54 -52 0
-41 -42 -45 -48 -51 -52 0
-41 -42 -45 -49 -50 -43 0
-41 -42 -45 -49 -50 -44 0
-41 -42 -45 -49 -50 -53 0
-41 -42 -45 -49 -50 -54 0
-41 -42 -45 -49 -50 -51 0
-41 -42 -45 -49 -50 -52 0
-41 -42 -45 -49 -43 -44 0
-41 -42 -45 -49 -43 -53 0
-41 -42 -45 -49 -43 -54 0
-41 -42 -45 -49 -43 -51 0
-41 -42 -45 -49 -43 -52 0
-41 -42 -45 -49 -44 -53 0
-41 -42 -45 -49 -44 -54 0
-41 -42 -45 -49 -44 -51 0
-41 -42 -45 -49 -44 -52 0
-41 -42 -45 -49 -53 -54 0
-41 -42 -45 -49 -53 -51 0
-41 -42 -45 -49 -53 -52 0
-41 -42 -45 -49 -54 -51 0
-41 -42 -45 -49 -54 -52 0
-41 -42 -45 -49 -51 -52 0
-41 -42 -45 -50 -43 -44 0
-41 -42 -45 -50 -43 -53 0
-41 -42 -45 -50 -43 -54 0
-41 -42 -45 -50 -43 -51 0
-41 -42 -45 -50 -43 -52 0
-41 -42 -45 -50 -44 -53 0
-41 -42 -45 -50 -44 -54 0
-41 -42 -45 -50 -44 -51 0
-41 -42 -45 -50 -44 -52 0
-41 -42 -45 -50 -53 -54 0
-41 -42 -45 -50 -53 -51 0
-41 -42 -45 -50 -53 -52 0
-41 -42 -45 -50 -54 -51 0
-41 -42 -45 -50 -54 -52 0
-41 -42 -45 -50 -51 -52 0
-41 -42 -45 -43 -44 -53 0
-41 -42 -45 -43 -44 -54 0
-41 -42 -45 -43 -44 -51 0
-41 -42 -45 -43 -44 -52 0
-41 -42 -45 -43 -53 -54 0
-41 -42 -45 -43 -53 -51 0
-41 -42 -45 -43 -53 -52 0
-41 -42 -45 -43 -54 -51 0
-41 -42 -45 -43 -54 -52 0
-41 -42 -45 -43 -51 -52 0
-41 -42 -45 -44 -53 -54 0
-41 -42 -45 -44 -53 -51 0
-41 -42 -45 -44 -53 -52 0
-41 -42 -45 -44 -54 -51 0
-41 -42 -45 -44 -54 -52 0
-41 -42 -45 -44 -51 -52 0
-41 -42 -45 -53 -54 -51 0
-41 -42 -45 -53 -54 -52 0
-41 -42 -45 -53 -51 -52 0
-41 -42 -45 -54 -51 -52 0
-41 -42 -46 -47 -48 -49 0
-41 -42 -46 -47 -48 -50 0
-41 -42 -46 -47 -48 -43 0
-41 -42 -46 -47 -48 -44 0
-41 -42 -46 -47 -48 -53 0
-41 -42 -46 -47 -48 -54 0
-41 -42 -46 -47 -48 -51 0
-41 -42 -46 -47 -48 -52 0
-41 -42 -46 -47 -49 -50 0
-41 -42 -46 -47 -49 -43 0
-41 -42 -46 -47 -49 -44 0
-41 -42 -46 -47 -49 -53 0
-41 -42 -46 -47 -49 -54 0
-41 -42 -46 -47 -49 -51 0
-41 -42 -46 -47 -49 -52 0
-41 -42 -46 -47 -50 -43 0
-41 -42 -46 -47 -50 -44 0
-41 -42 -46 -47 -50 -53 0
-41 -42 -46 -47 -50 -54 0
-41 -42 -46 -47 -50 -51 0
-41 -42 -46 -47 -50 -52 0
-41 -42 -46 -47 -43 -44 0
-41 -42 -46 -47 -43 -53 0
-41 -42 -46 -47 -43 -54 0
-41 -42 -46 -47 -43 -51 0
-41 -42 -46 -47 -43 -52 0
-41 -42 -46 -47 -44 -53 0
-41 -42 -46 -47 -44 -54 0
-41 -42 -46 -47 -44 -51 0
-41 -42 -46 -47 -44 -52 0
-41 -42 -46 -47 -53 -54 0
-41 -42 -46 -47 -53 -51 0
-41 -42 -46 -47 -53 -52 0
-41 -42 -46 -47 -54 -51 0
-41 -42 -46 -47 -54 -52 0
-41 -42 -46 -47 -51 -52 0
-41 -42 -46 -48 -49 -50 0
-41 -42 -46 -48 -49 -43 0
-41 -42 -46 -48 -49 -44 0
-41 -42 -46 -48 -49 -53 0
-41 -42 -46 -48 -49 -54 0
-41 -42 -46 -48 -49 -51 0
-41 -42 -46 -48 -49 -52 0
-41 -42 -46 -48 -50 -43 0
-41 -42 -46 -48 -50 -44 0
-41 -42 -46 -48 -50 -53 0
-41 -42 -46 -48 -50 -54 0
-41 -42 -46 -48 -50 -51 0
-41 -42 -46 -48 -50 -52 0
-41 -42 -46 -48 -43 -44 0
-41 -42 -46 -48 -43 -53 0
-41 -42 -46 -48 -43 -54 0
-41 -42 -46 -48 -43 -51 0
-41 -42 -46 -48 -43 -52 0
-41 -42 -46 -48 -44 -53 0
-41 -42 -46 -48 -44 -54 0
-41 -42 -46 -48 -44 -51 0
-41 -42 -46 -48 -44 -52 0
-41 -42 -46 -48 -53 -54 0
-41 -42 -46 -48 -53 -51 0
-41 -42 -46 -48 -53 -52 0
-41 -42 -46 -48 -54 -51 0
-41 -42 -46 -48 -54 -52 0
-41 -42 -46 -48 -51 -52 0
-41 -42 -46 -49 -50 -43 0
-41 -42 -46 -49 -50 -44 0
-41 -42 -46 -49 -50 -53 0
-41 -42 -46 -49 -50 -54 0
-41 -42 -46 -49 -50 -51 0
-41 -42 -46 -49 -50 -52 0
-41 -42 -46 -49 -43 -44 0
-41 -42 -46 -49 -43 -53 0
-41 -42 -46 -49 -43 -54 0
-41 -42 -46 -49 -43 -51 0
-41 -42 -46 -49 -43 -52 0
-41 -42 -46 -49 -44 -53 0
-41 -42 -46 -49 -44 -54 0
-41 -42 -46 -49 -44 -51 0
-41 -42 -46 -49 -44 -52 0
-41 -42 -46 -49 -53 -54 0
-41 -42 -46 -49 -53 -51 0
-41 -42 -46 -49 -53 -52 0
-41 -42 -46 -49 -54 -51 0
-41 -42 -46 -49 -54 -52 0
-41 -42 -46 -49 -51 -52 0
-41 -42 -46 -50 -43 -44 0
-41 -42 -46 -50 -43 -53 0
-41 -42 -46 -50 -43 -54 0
-41 -42 -46 -50 -43 -51 0
-41 -42 -46 -50 -43 -52 0
-41 -42 -46 -50 -44 -53 0
-41 -42 -46 -50 -44 -54 0
-41 -42 -46 -50 -44 -51 0
-41 -42 -46 -50 -44 -52 0
-41 -42 -46 -50 -53 -54 0
-41 -42 -46 -50 -53 -51 0
-41 -42 -46 -50 -53 -52 0
-41 -42 -46 -50 -54 -51 0
-41 -42 -46 -50 -54 -52 0
-41 -42 -46 -50 -51 -52 0
-41 -42 -46 -43 -44 -53 0
-41 -42 -46 -43 -44 -54 0
-41 -42 -46 -43 -44 -51 0
-41 -42 -46 -43 -44 -52 0
-41 -42 -46 -43 -53 -54 0
-41 -42 -46 -43 -53 -51 0
-41 -42 -46 -43 -53 -52 0
-41 -42 -46 -43 -54 -51 0
-41 -42 -46 -43 -54 -52 0
-41 -42 -46 -43 -51 -52 0
-41 -42 -46 -44 -53 -54 0
-41 -42 -46 -44 -53 -51 0
-41 -42 -46 -44 -53 -52 0
-41 -42 -46 -44 -54 -51 0
-41 -42 -46 -44 -54 -52 0
-41 -42 -46 -44 -51 -52 0
-41 -42 -46 -53 -54 -51 0
-41 -42 -46 -53 -54 -52 0
-41 -42 -46 -53 -51 -52 0
-41 -42 -46 -54 -51 -52 0
-41 -42 -47 -48 -49 -50 0
-41 -42 -47 -48 -49 -43 0
-41 -42 -47 -48 -49 -44 0
-41 -42 -47 -48 -49 -53 0
-41 -42 -47 -48 -49 -54 0
-41 -42 -47 -48 -49 -51 0
-41 -42 -47 -48 -49 -52 0
-41 -42 -47 -48 -50 -43 0
-41 -42 -47 -48 -50 -44 0
-41 -42 -47 -48 -50 -53 0
-41 -42 -47 -48 -50 -54 0
-41 -42 -47 -48 -50 -51 0
-41 -42 -47 -48 -50 -52 0
-41 -42 -47 -48 -43 -44 0
-41 -42 -47 -48 -43 -53 0
-41 -42 -47 -48 -43 -54 0
-41 -42 -47 -48 -43 -51 0
-41 -42 -47 -48 -43 -52 0
-41 -42 -47 -48 -44 -53 0
-41 -42 -47 -48 -44 -54 0
-41 -42 -47 -48 -44 -51 0
-41 -42 -47 -48 -44 -52 0
-41 -42 -47 -48 -53 -54 0
-41 -42 -47 -48 -53 -51 0
-41 -42 -47 -48 -53 -52 0
-41 -42 -47 -48 -54 -51 0
-41 -42 -47 -48 -54 -52 0
-41 -42 -47 -48 -51 -52 0
-41 -42 -47 -49 -50 -43 0
-41 -42 -47 -49 -50 -44 0
-41 -42 -47 -49 -50 -53 0
-41 -42 -47 -49 -50 -54 0
-41 -42 -47 -49 -50 -51 0
-41 -42 -47 -49 -50 -52 0
-41 -42 -47 -49 -43 -44 0
-41 -42 -47 -49 -43 -53 0
-41 -42 -47 -49 -43 -54 0
-41 -42 -47 -49 -43 -51 0
-41 -42 -47 -49 -43 -52 0
-41 -42 -47 -49 -44 -53 0
-41 -42 -47 -49 -44 -54 0
-41 -42 -47 -49 -44 -51 0
-41 -42 -47 -49 -44 -52 0
-41 -42 -47 -49 -53 -54 0
-41 -42 -47 -49 -53 -51 0
-41 -42 -47 -49 -53 -52 0
-41 -42 -47 -49 -54 -51 0
-41 -42 -47 -49 -54 -52 0
-41 -42 -47 -49 -51 -52 0
-41 -42 -47 -50 -43 -44 0
-41 -42 -47 -50 -43 -53 0
-41 -42 -47 -50 -43 -54 0
-41 -42 -47 -50 -43 -51 0
-41 -42 -47 -50 -43 -52 0
-41 -42 -47 -50 -44 -53 0
-41 -42 -47 -50 -44 -54 0
-41 -42 -47 -50 -44 -51 0
-41 -42 -47 -50 -44 -52 0
-41 -42 -47 -50 -53 -54 0
-41 -42 -47 -50 -53 -51 0
-41 -42 -47 -50 -53 -52 0
-41 -42 -47 -50 -54 -51 0
-41 -42 -47 -50 -54 -52 0
-41 -42 -47 -50 -51 -52 0
-41 -42 -47 -43 -44 -53 0
-41 -42 -47 -43 -44 -54 0
-41 -42 -47 -43 -44 -51 0
-41 -42 -47 -43 -44 -52 0
-41 -42 -47 -43 -53 -54 0
-41 -42 -47 -43 -53 -51 0
-41 -42 -47 -43 -53 -52 0
-41 -42 -47 -43 -54 -51 0
-41 -42 -47 -43 -54 -52 0
-41 -42 -47 -43 -51 -52 0
-41 -42 -47 -44 -53 -54 0
-41 -42 -47 -44 -53 -51 0
-41 -42 -47 -44 -53 -52 0
-41 -42 -47 -44 -54 -51 0
-41 -42 -47 -44 -54 -52 0
-41 -42 -47 -44 -51 -52 0
-41 -42 -47 -53 -54 -51 0
-41 -42 -47 -53 -54 -52 0
-41 -42 -47 -53 -51 -52 0
-41 -42 -47 -54 -51 -52 0
-41 -42 -48 -49 -50 -43 0
-41 -42 -48 -49 -50 -44 0
-41 -42 -48 -49 -50 -53 0
-41 -42 -48 -49 -50 -54 0
-41 -42 -48 -49 -50 -51 0
-41 -42 -48 -49 -50 -52 0
-41 -42 -48 -49 -43 -44 0
-41 -42 -48 -49 -43 -53 0
-41 -42 -48 -49 -43 -54 0
-41 -42 -48 -49 -43 -51 0
-41 -42 -48 -49 -43 -52 0
-41 -42 -48 -49 -44 -53 0
-41 -42 -48 -49 -44 -54 0
-41 -42 -48 -49 -44 -51 0
-41 -42 -48 -49 -44 -52 0
-41 -42 -48 -49 -53 -54 0
-41 -42 -48 -49 -53 -51 0
-41 -42 -48 -49 -53 -52 0
-41 -42 -48 -49 -54 -51 0
-41 -42 -48 -49 -54 -52 0
-41 -42 -48 -49 -51 -52 0
-41 -42 -48 -50 -43 -44 0
-41 -42 -48 -50 -43 -53 0
-41 -42 -48 -50 -43 -54 0
-41 -42 -48 -50 -43 -51 0
-41 -42 -48 -50 -43 -52 0
-41 -42 -48 -50 -44 -53 0
-41 -42 -48 -50 -44 -54 0
-41 -42 -48 -50 -44 -51 0
-41 -42 -48 -50 -44 -52 0
-41 -42 -48 -50 -53 -54 0
-41 -42 -48 -50 -53 -51 0
-41 -42 -48 -50 -53 -52 0
-41 -42 -48 -50 -54 -51 0
-41 -42 -48 -50 -54 -52 0
-41 -42 -48 -50 -51 -52 0
-41 -42 -48 -43 -44 -53 0
-41 -42 -48 -43 -44 -54 0
-41 -42 -48 -43 -44 -51 0
-41 -42 -48 -43 -44 -52 0
-41 -42 -48 -43 -53 -54 0
-41 -42 -48 -43 -53 -51 0
-41 -42 -48 -43 -53 -52 0
-41 -42 -48 -43 -54 -51 0
-41 -42 -48 -43 -54 -52 0
-41 -42 -48 -43 -51 -52 0
-41 -42 -48 -44 -53 -54 0
-41 -42 -48 -44 -53 -51 0
-41 -42 -48 -44 -53 -52 0
-41 -42 -48 -44 -54 -51 0
-41 -42 -48 -44 -54 -52 0
-41 -42 -48 -44 -51 -52 0
-41 -42 -48 -53 -54 -51 0
-41 -42 -48 -53 -54 -52 0
-41 -42 -48 -53 -51 -52 0
-41 -42 -48 -54 -51 -52 0
-41 -42 -49 -50 -43 -44 0
-41 -42 -49 -50 -43 -53 0
-41 -42 -49 -50 -43 -54 0
-41 -42 -49 -50 -43 -51 0
-41 -42 -49 -50 -43 -52 0
-41 -42 -49 -50 -44 -53 0
-41 -42 -49 -50 -44 -54 0
-41 -42 -49 -50 -44 -51 0
-41 -42 -49 -50 -44 -52 0
-41 -42 -49 -50 -53 -54 0
-41 -42 -49 -50 -53 -51 0
-41 -42 -49 -50 -53 -52 0
-41 -42 -49 -50 -54 -51 0
-41 -42 -49 -50 -54 -52 0
-41 -42 -49 -50 -51 -52 0
-41 -42 -49 -43 -44 -53 0
-41 -42 -49 -43 -44 -54 0
-41 -42 -49 -43 -44 -51 0
-41 -42 -49 -43 -44 -52 0
-41 -42 -49 -43 -53 -54 0
-41 -42 -49 -43 -53 -51 0
-41 -42 -49 -43 -53 -52 0
-41 -42 -49 -43 -54 -51 0
-41 -42 -49 -43 -54 -52 0
-41 -42 -49 -43 -51 -52 0
-41 -42 -49 -44 -53 -54 0
-41 -42 -49 -44 -53 -51 0
-41 -42 -49 -44 -53 -52 0
-41 -42 -49 -44 -54 -51 0
-41 -42 -49 -44 -54 -52 0
-41 -42 -49 -44 -51 -52 0
-41 -42 -49 -53 -54 -51 0
-41 -42 -49 -53 -54 -52 0
-41 -42 -49 -53 -51 -52 0
-41 -42 -49 -54 -51 -52 0
-41 -42 -50 -43 -44 -53 0
-41 -42 -50 -43 -44 -54 0
-41 -42 -50 -43 -44 -51 0
-41 -42 -50 -43 -44 -52 0
-41 -42 -50 -43 -53 -54 0
-41 -42 -50 -43 -53 -51 0
-41 -42 -50 -43 -53 -52 0
-41 -42 -50 -43 -54 -51 0
-41 -42 -50 -43 -54 -52 0
-41 -42 -50 -43 -51 -52 0
-41 -42 -50 -44 -53 -54 0
-41 -42 -50 -44 -53 -51 0
-41 -42 -50 -44 -53 -52 0
-41 -42 -50 -44 -54 -51 0
-41 -42 -50 -44 -54 -52 0
-41 -42 -50 -44 -51 -52 0
-41 -42 -50 -53 -54 -51 0
-41 -42 -50 -53 -54 -52 0
-41 -42 -50 -53 -51 -52 0
-41 -42 -50 -54 -51 -52 0
-41 -42 -43 -44 -53 -54 0
-41 -42 -43 -44 -53 -51 0
-41 -42 -43 -44 -53 -52 0
-41 -42 -43 -44 -54 -51 0
-41 -42 -43 -44 -54 -52 0
-41 -42 -43 -44 -51 -52 0
-41 -42 -43 -53 -54 -51 0
-41 -42 -43 -53 -54 -52 0
-41 -42 -43 -53 -51 -52 0
-41 -42 -43 -54 -51 -52 0
-41 -42 -44 -53 -54 -51 0
-41 -42 -44 -53 -54 -52 0
-41 -42 -44 -53 -51 -52 0
-41 -42 -44 -54 -51 -52 0
-41 -42 -53 -54 -51 -52 0
-41 -45 -46 -47 -48 -49 0
-41 -45 -46 -47 -48 -50 0
-41 -45 -46 -47 -48 -43 0
-41 -45 -46 -47 -48 -44 0
-41 -45 -46 -47 -48 -53 0
-41 -45 -46 -47 -48 -54 0
-41 -45 -46 -47 -48 -51 0
-41 -45 -46 -47 -48 -52 0
-41 -45 -46 -47 -49 -50 0
-41 -45 -46 -47 -49 -43 0
-41 -45 -46 -47 -49 -44 0
-41 -45 -46 -47 -49 -53 0
-41 -45 -46 -47 -49 -54 0
-41 -45 -46 -47 -49 -51 0
-41 -45 -46 -47 -49 -52 0
-41 -45 -46 -47 -50 -43 0
-41 -45 -46 -47 -50 -44 0
-41 -45 -46 -47 -50 -53 0
-41 -45 -46 -47 -50 -54 0
-41 -45 -46 -47 -50 -51 0
-41 -45 -46 -47 -50 -52 0
-41 -45 -46 -47 -43 -44 0
-41 -45 -46 -47 -43 -53 0
-41 -45 -46 -47 -43 -54 0
-41 -45 -46 -47 -43 -51 0
-41 -45 -46 -47 -43 -52 0
-41 -45 -46 -47 -44 -53 0
-41 -45 -46 -47 -44 -54 0
-41 -45 -46 -47 -44 -51 0
-41 -45 -46 -47 -44 -52 0
-41 -45 -46 -47 -53 -54 0
-41 -45 -46 -47 -53 -51 0
-41 -45 -46 -47 -53 -52 0
-41 -45 -46 -47 -54 -51 0
-41 -45 -46 -47 -54 -52 0
-41 -45 -46 -47 -51 -52 0
-41 -45 -46 -48 -49 -50 0
-41 -45 -46 -48 -49 -43 0
-41 -45 -46 -48 -49 -44 0
-41 -45 -46 -48 -49 -53 0
-41 -45 -46 -48 -49 -54 0
-41 -45 -46 -48 -49 -51 0
-41 -45 -46 -48 -49 -52 0
-41 -45 -46 -48 -50 -43 0
-41 -45 -46 -48 -50 -44 0
-41 -45 -46 -48 -50 -53 0
-41 -45 -46 -48 -50 -54 0
-41 -45 -46 -48 -50 -51 0
-41 -45 -46 -48 -50 -52 0
-41 -45 -46 -48 -43 -44 0
-41 -45 -46 -48 -43 -53 0
-41 -45 -46 -48 -43 -54 0
-41 -45 -46 -48 -43 -51 0
-41 -45 -46 -48 -43 -52 0
-41 -45 -46 -48 -44 -53 0
-41 -45 -46 -48 -44 -54 0
-41 -45 -46 -48 -44 -51 0
-41 -45 -46 -48 -44 -52 0
-41 -45 -46 -48 -53 -54 0
-41 -45 -46 -48 -53 -51 0
-41 -45 -46 -48 -53 -52 0
-41 -45 -46 -48 -54 -51 0
-41 -45 -46 -48 -54 -52 0
-41 -45 -46 -48 -51 -52 0
-41 -45 -46 -49 -50 -43 0
-41 -45 -46 -49 -50 -44 0
-41 -45 -46 -49 -50 -53 0
-41 -45 -46 -49 -50 -54 0
-41 -45 -46 -49 -50 -51 0
-41 -45 -46 -49 -50 -52 0
-41 -45 -46 -49 -43 -44 0
-41 -45 -46 -49 -43 -53 0
-41 -45 -46 -49 -43 -54 0
-41 -45 -46 -49 -43 -51 0
-41 -45 -46 -49 -43 -52 0
-41 -45 -46 -49 -44 -53 0
-41 -45 -46 -49 -44 -54 0
-41 -45 -46 -49 -44 -51 0
-41 -45 -46 -49 -44 -52 0
-41 -45 -46 -49 -53 -54 0
-41 -45 -46 -49 -53 -51 0
-41 -45 -46 -49 -53 -52 0
-41 -45 -46 -49 -54 -51 0
-41 -45 -46 -49 -54 -52 0
-41 -45 -46 -49 -51 -52 0
-41 -45 -46 -50 -43 -44 0
-41 -45 -46 -50 -43 -53 0
-41 -45 -46 -50 -43 -54 0
-41 -45 -46 -50 -43 -51 0
-41 -45 -46 -50 -43 -52 0
-41 -45 -46 -50 -44 -53 0
-41 -45 -46 -50 -44 -54 0
-41 -45 -46 -50 -44 -51 0
-41 -45 -46 -50 -44 -52 0
-41 -45 -46 -50 -53 -54 0
-41 -45 -46 -50 -53 -51 0
-41 -45 -46 -50 -53 -52 0
-41 -45 -46 -50 -54 -51 0
-41 -45 -46 -50 -54 -52 0
-41 -45 -46 -50 -51 -52 0
-41 -45 -46 -43 -44 -53 0
-41 -45 -46 -43 -44 -54 0
-41 -45 -46 -43 -44 -51 0
-41 -45 -46 -43 -44 -52 0
-41 -45 -46 -43 -53 -54 0
-41 -45 -46 -43 -53 -51 0
-41 -45 -46 -43 -53 -52 0
-41 -45 -46 -43 -54 -51 0
-41 -45 -46 -43 -54 -52 0
-41 -45 -46 -43 -51 -52 0
-41 -45 -46 -44 -53 -54 0
-41 -45 -46 -44 -53 -51 0
-41 -45 -46 -44 -53 -52 0
-41 -45 -46 -44 -54 -51 0
-41 -45 -46 -44 -54 -52 0
-41 -45 -46 -44 -51 -52 0
-41 -45 -46 -53 -54 -51 0
-41 -45 -46 -53 -54 -52 0
-41 -45 -46 -53 -51 -52 0
-41 -45 -46 -54 -51 -52 0
-41 -45 -47 -48 -49 -50 0
-41 -45 -47 -48 -49 -43 0
-41 -45 -47 -48 -49 -44 0
-41 -45 -47 -48 -49 -53 0
-41 -45 -47 -48 -49 -54 0
-41 -45 -47 -48 -49 -51 0
-41 -45 -47 -48 -49 -52 0
-41 -45 -47 -48 -50 -43 0
-41 -45 -47 -48 -50 -44 0
-41 -45 -47 -48 -50 -53 0
-41 -45 -47 -48 -50 -54 0
-41 -45 -47 -48 -50 -51 0
-41 -45 -47 -48 -50 -52 0
-41 -45 -47 -48 -43 -44 0
-41 -45 -47 -48 -43 -53 0
-41 -45 -47 -48 -43 -54 0
-41 -45 -47 -48 -43 -51 0
-41 -45 -47 -48 -43 -52 0
-41 -45 -47 -48 -44 -53 0
-41 -45 -47 -48 -44 -54 0
-41 -45 -47 -48 -44 -51 0
-41 -45 -47 -48 -44 -52 0
-41 -45 -47 -48 -53 -54 0
-41 -45 -47 -48 -53 -51 0
-41 -45 -47 -48 -53 -52 0
-41 -45 -47 -48 -54 -51 0
-41 -45 -47 -48 -54 -52 0
-41 -45 -47 -48 -51 -52 0
-41 -45 -47 -49 -50 -43 0
-41 -45 -47 -49 -50 -44 0
-41 -45 -47 -49 -50 -53 0
-41 -45 -47 -49 -50 -54 0
-41 -45 -47 -49 -50 -51 0
-41 -45 -47 -49 -50 -52 0
-41 -45 -47 -49 -43 -44 0
-41 -45 -47 -49 -43 -53 0
-41 -45 -47 -49 -43 -54 0
-41 -45 -47 -49 -43 -51 0
-41 -45 -47 -49 -43 -52 0
-41 -45 -47 -49 -44 -53 0
-41 -45 -47 -49 -44 -54 0
-41 -45 -47 -49 -44 -51 0
-41 -45 -47 -49 -44 -52 0
-41 -45 -47 -49 -53 -54 0
-41 -45 -47 -49 -53 -51 0
-41 -45 -47 -49 -53 -52 0
-41 -45 -47 -49 -54 -51 0
-41 -45 -47 -49 -54 -52 0
-41 -45 -47 -49 -51 -52 0
-41 -45 -47 -50 -43 -44 0
-41 -45 -47 -50 -43 -53 0
-41 -45 -47 -50 -43 -54 0
-41 -45 -47 -50 -43 -51 0
-41 -45 -47 -50 -43 -52 0
-41 -45 -47 -50 -44 -53 0
-41 -45 -47 -50 -44 -54 0
-41 -45 -47 -50 -44 -51 0
-41 -45 -47 -50 -44 -52 0
-41 -45 -47 -50 -53 -54 0
-41 -45 -47 -50 -53 -51 0
-41 -45 -47 -50 -53 -52 0
-41 -45 -47 -50 -54 -51 0
-41 -45 -47 -50 -54 -52 0
-41 -45 -47 -50 -51 -52 0
-41 -45 -47 -43 -44 -53 0
-41 -45 -47 -43 -44 -54 0
-41 -45 -47 -43 -44 -51 0
-41 -45 -47 -43 -44 -52 0
-41 -45 -47 -43 -53 -54 0
-41 -45 -47 -43 -53 -51 0
-41 -45 -47 -43 -53 -52 0
-41 -45 -47 -43 -54 -51 0
-41 -45 -47 -43 -54 -52 0
-41 -45 -47 -43 -51 -52 0
-41 -45 -47 -44 -53 -54 0
-41 -45 -47 -44 -53 -51 0
-41 -45 -47 -44 -53 -52 0
-41 -45 -47 -44 -54 -51 0
-41 -45 -47 -44 -54 -52 0
-41 -45 -47 -44 -51 -52 0
-41 -45 -47 -53 -54 -51 0
-41 -45 -47 -53 -54 -52 0
-41 -45 -47 -53 -51 -52 0
-41 -45 -47 -54 -51 -52 0
-41 -45 -48 -49 -50 -43 0
-41 -45 -48 -49 -50 -44 0
-41 -45 -48 -49 -50 -53 0
-41 -45 -48 -49 -50 -54 0
-41 -45 -48 -49 -50 -51 0
-41 -45 -48 -49 -50 -52 0
-41 -45 -48 -49 -43 -44 0
-41 -45 -48 -49 -43 -53 0
-41 -45 -48 -49 -43 -54 0
-41 -45 -48 -49 -43 -51 0
-41 -45 -48 -49 -43 -52 0
-41 -45 -48 -49 -44 -53 0
-41 -45 -48 -49 -44 -54 0
-41 -45 -48 -49 -44 -51 0
-41 -45 -48 -49 -44 -52 0
-41 -45 -48 -49 -53 -54 0
-41 -45 -48 -49 -53 -51 0
-41 -45 -48 -49 -53 -52 0
-41 -45 -48 -49 -54 -51 0
-41 -45 -48 -49 -54 -52 0
-41 -45 -48 -49 -51 -52 0
-41 -45 -48 -50 -43 -44 0
-41 -45 -48 -50 -43 -53 0
-41 -45 -48 -50 -43 -54 0
-41 -45 -48 -50 -43 -51 0
-41 -45 -48 -50 -43 -52 0
-41 -45 -48 -50 -44 -53 0
-41 -45 -48 -50 -44 -54 0
-41 -45 -48 -50 -44 -51 0
-41 -45 -48 -50 -44 -52 0
-41 -45 -48 -50 -53 -54 0
-41 -45 -48 -50 -53 -51 0
-41 -45 -48 -50 -53 -52 0
-41 -45 -48 -50 -54 -51 0
-41 -45 -48 -50 -54 -52 0
-41 -45 -48 -50 -51 -52 0
-41 -45 -48 -43 -44 -53 0
-41 -45 -48 -43 -44 -54 0
-41 -45 -48 -43 -44 -51 0
-41 -45 -48 -43 -44 -52 0
-41 -45 -48 -43 -53 -54 0
-41 -45 -48 -43 -53 -51 0
-41 -45 -48 -43 -53 -52 0
-41 -45 -48 -43 -54 -51 0
-41 -45 -48 -43 -54 -52 0
-41 -45 -48 -43 -51 -52 0
-41 -45 -48 -44 -53 -54 0
-41 -45 -48 -44 -53 -51 0
-41 -45 -48 -44 -53 -52 0
-41 -45 -48 -44 -54 -51 0
-41 -45 -48 -44 -54 -52 0
-41 -45 -48 -44 -51 -52 0
-41 -45 -48 -53 -54 -51 0
-41 -45 -48 -53 -54 -52 0
-41 -45 -48 -53 -51 -52 0
-41 -45 -48 -54 -51 -52 0
-41 -45 -49 -50 -43 -44 0
-41 -45 -49 -50 -43 -53 0
-41 -45 -49 -50 -43 -54 0
-41 -45 -49 -50 -43 -51 0
-41 -45 -49 -50 -43 -52 0
-41 -45 -49 -50 -44 -53 0
-41 -45 -49 -50 -44 -54 0
-41 -45 -49 -50 -44 -51 0
-41 -45 -49 -50 -44 -52 0
-41 -45 -49 -50 -53 -54 0
-41 -45 -49 -50 -53 -51 0
-41 -45 -49 -50 -53 -52 0
-41 -45 -49 -50 -54 -51 0
-41 -45 -49 -50 -54 -52 0
-41 -45 -49 -50 -51 -52 0
-41 -45 -49 -43 -44 -53 0
-41 -45 -49 -43 -44 -54 0
-41 -45 -49 -43 -44 -51 0
-41 -45 -49 -43 -44 -52 0
-41 -45 -49 -43 -53 -54 0
-41 -45 -49 -43 -53 -51 0
-41 -45 -49 -43 -53 -52 0
-41 -45 -49 -43 -54 -51 0
-41 -45 -49 -43 -54 -52 0
-41 -45 -49 -43 -51 -52 0
-41 -45 -49 -44 -53 -54 0
-41 -45 -49 -44 -53 -51 0
-41 -45 -49 -44 -53 -52 0
-41 -45 -49 -44 -54 -51 0
-41 -45 -49 -44 -54 -52 0
-41 -45 -49 -44 -51 -52 0
-41 -45 -49 -53 -54 -51 0
-41 -45 -49 -53 -54 -52 0
-41 -45 -49 -53 -51 -52 0
-41 -45 -49 -54 -51 -52 0
-41 -45 -50 -43 -44 -53 0
-41 -45 -50 -43 -44 -54 0
-41 -45 -50 -43 -44 -51 0
-41 -45 -50 -43 -44 -52 0
-41 -45 -50 -43 -53 -54 0
-41 -45 -50 -43 -53 -51 0
-41 -45 -50 -43 -53 -52 0
-41 -45 -50 -43 -54 -51 0
-41 -45 -50 -43 -54 -52 0
-41 -45 -50 -43 -51 -52 0
-41 -45 -50 -44 -53 -54 0
-41 -45 -50 -44 -53 -51 0
-41 -45 -50 -44 -53 -52 0
-41 -45 -50 -44 -54 -51 0
-41 -45 -50 -44 -54 -52 0
-41 -45 -50 -44 -51 -52 0
-41 -45 -50 -53 -54 -51 0
-41 -45 -50 -53 -54 -52 0
-41 -45 -50 -53 -51 -52 0
-41 -45 -50 -54 -51 -52 0
-41 -45 -43 -44 -53 -54 0
-41 -45 -43 -44 -53 -51 0
-41 -45 -43 -44 -53 -52 0
-41 -45 -43 -44 -54 -51 0
-41 -45 -43 -44 -54 -52 0
-41 -45 -43 -44 -51 -52 0
-41 -45 -43 -53 -54 -51 0
-41 -45 -43 -53 -54 -52 0
-41 -45 -43 -53 -51 -52 0
-41 -45 -43 -54 -51 -52 0
-41 -45 -44 -53 -54 -51 0
-41 -45 -44 -53 -54 -52 0
-41 -45 -44 -53 -51 -52 0
-41 -45 -44 -54 -51 -52 0
-41 -45 -53 -54 -51 -52 0
-41 -46 -47 -48 -49 -50 0
-41 -46 -47 -48 -49 -43 0
-41 -46 -47 -48 -49 -44 0
-41 -46 -47 -48 -49 -53 0
-41 -46 -47 -48 -49 -54 0
-41 -46 -47 -48 -49 -51 0
-41 -46 -47 -48 -49 -52 0
-41 -46 -47 -48 -50 -43 0
-41 -46 -47 -48 -50 -44 0
-41 -46 -47 -48 -50 -53 0
-41 -46 -47 -48 -50 -54 0
-41 -46 -47 -48 -50 -51 0
-41 -46 -47 -48 -50 -52 0
-41 -46 -47 -48 -43 -44 0
-41 -46 -47 -48 -43 -53 0
-41 -46 -47 -48 -43 -54 0
-41 -46 -47 -48 -43 -51 0
-41 -46 -47 -48 -43 -52 0
-41 -46 -47 -48 -44 -53 0
-41 -46 -47 -48 -44 -54 0
-41 -46 -47 -48 -44 -51 0
-41 -46 -47 -48 -44 -52 0
-41 -46 -47 -48 -53 -54 0
-41 -46 -47 -48 -53 -51 0
-41 -46 -47 -48 -53 -52 0
-41 -46 -47 -48 -54 -51 0
-41 -46 -47 -48 -54 -52 0
-41 -46 -47 -48 -51 -52 0
-41 -46 -47 -49 -50 -43 0
-41 -46 -47 -49 -50 -44 0
-41 -46 -47 -49 -50 -53 0
-41 -46 -47 -49 -50 -54 0
-41 -46 -47 -49 -50 -51 0
-41 -46 -47 -49 -50 -52 0
-41 -46 -47 -49 -43 -44 0
-41 -46 -47 -49 -43 -53 0
-41 -46 -47 -49 -43 -54 0
-41 -46 -47 -49 -43 -51 0
-41 -46 -47 -49 -43 -52 0
-41 -46 -47 -49 -44 -53 0
-41 -46 -47 -49 -44 -54 0
-41 -46 -47 -49 -44 -51 0
-41 -46 -47 -49 -44 -52 0
-41 -46 -47 -49 -53 -54 0
-41 -46 -47 -49 -53 -51 0
-41 -46 -47 -49 -53 -52 0
-41 -46 -47 -49 -54 -51 0
-41 -46 -47 -49 -54 -52 0
-41 -46 -47 -49 -51 -52 0
-41 -46 -47 -50 -43 -44 0
-41 -46 -47 -50 -43 -53 0
-41 -46 -47 -50 -43 -54 0
-41 -46 -47 -50 -43 -51 0
-41 -46 -47 -50 -43 -52 0
-41 -46 -47 -50 -44 -53 0
-41 -46 -47 -50 -44 -54 0
-41 -46 -47 -50 -44 -51 0
-41 -46 -47 -50 -44 -52 0
-41 -46 -47 -50 -53 -54 0
-41 -46 -47 -50 -53 -51 0
-41 -46 -47 -50 -53 -52 0
-41 -46 -47 -50 -54 -51 0
-41 -46 -47 -50 -54 -52 0
-41 -46 -47 -50 -51 -52 0
-41 -46 -47 -43 -44 -53 0
-41 -46 -47 -43 -44 -54 0
-41 -46 -47 -43 -44 -51 0
-41 -46 -47 -43 -44 -52 0
-41 -46 -47 -43 -53 -54 0
-41 -46 -47 -43 -53 -51 0
-41 -46 -47 -43 -53 -52 0
-41 -46 -47 -43 -54 -51 0
-41 -46 -47 -43 -54 -52 0
-41 -46 -47 -43 -51 -52 0
-41 -46 -47 -44 -53 -54 0
-41 -46 -47 -44 -53 -51 0
-41 -46 -47 -44 -53 -52 0
-41 -46 -47 -44 -54 -51 0
-41 -46 -47 -44 -54 -52 0
-41 -46 -47 -44 -51 -52 0
-41 -46 -47 -53 -54 -51 0
-41 -46 -47 -53 -54 -52 0
-41 -46 -47 -53 -51 -52 0
-41 -46 -47 -54 -51 -52 0
-41 -46 -48 -49 -50 -43 0
-41 -46 -48 -49 -50 -44 0
-41 -46 -48 -49 -50 -53 0
-41 -46 -48 -49 -50 -54 0
-41 -46 -48 -49 -50 -51 0
-41 -46 -48 -49 -50 -52 0
-41 -46 -48 -49 -43 -44 0
-41 -46 -48 -49 -43 -53 0
-41 -46 -48 -49 -43 -54 0
-41 -46 -48 -49 -43 -51 0
-41 -46 -48 -49 -43 -52 0
-41 -46 -48 -49 -44 -53 0
-41 -46 -48 -49 -44 -54 0
-41 -46 -48 -49 -44 -51 0
-41 -46 -48 -49 -44 -52 0
-41 -46 -48 -49 -53 -54 0
-41 -46 -48 -49 -53 -51 0
-41 -46 -48 -49 -53 -52 0
-41 -46 -48 -49 -54 -51 0
-41 -46 -48 -49 -54 -52 0
-41 -46 -48 -49 -51 -52 0
-41 -46 -48 -50 -43 -44 0
-41 -46 -48 -50 -43 -53 0
-41 -46 -48 -50 -43 -54 0
-41 -46 -48 -50 -43 -51 0
-41 -46 -48 -50 -43 -52 0
-41 -46 -48 -50 -44 -53 0
-41 -46 -48 -50 -44 -54 0
-41 -46 -48 -50 -44 -51 0
-41 -46 -48 -50 -44 -52 0
-41 -46 -48 -50 -53 -54 0
-41 -46 -48 -50 -53 -51 0
-41 -46 -48 -50 -53 -52 0
-41 -46 -48 -50 -54 -51 0
-41 -46 -48 -50 -54 -52 0
-41 -46 -48 -50 -51 -52 0
-41 -46 -48 -43 -44 -53 0
-41 -46 -48 -43 -44 -54 0
-41 -46 -48 -43 -44 -51 0
-41 -46 -48 -43 -44 -52 0
-41 -46 -48 -43 -53 -54 0
-41 -46 -48 -43 -53 -51 0
-41 -46 -48 -43 -53 -52 0
-41 -46 -48 -43 -54 -51 0
-41 -46 -48 -43 -54 -52 0
-41 -46 -48 -43 -51 -52 0
-41 -46 -48 -44 -53 -54 0
-41 -46 -48 -44 -53 -51 0
-41 -46 -48 -44 -53 -52 0
-41 -46 -48 -44 -54 -51 0
-41 -46 -48 -44 -54 -52 0
-41 -46 -48 -44 -51 -52 0
-41 -46 -48 -53 -54 -51 0
-41 -46 -48 -53 -54 -52 0
-41 -46 -48 -53 -51 -52 0
-41 -46 -48 -54 -51 -52 0
-41 -46 -49 -50 -43 -44 0
-41 -46 -49 -50 -43 -53 0
-41 -46 -49 -50 -43 -54 0
-41 -46 -49 -50 -43 -51 0
-41 -46 -49 -50 -43 -52 0
-41 -46 -49 -50 -44 -53 0
-41 -46 -49 -50 -44 -54 0
-41 -46 -49 -50 -44 -51 0
-41 -46 -49 -50 -44 -52 0
-41 -46 -49 -50 -53 -54 0
-41 -46 -49 -50 -53 -51 0
-41 -46 -49 -50 -53 -52 0
-41 -46 -49 -50 -54 -51 0
-41 -46 -49 -50 -54 -52 0
-41 -46 -49 -50 -51 -52 0
-41 -46 -49 -43 -44 -53 0
-41 -46 -49 -43 -44 -54 0
-41 -46 -49 -43 -44 -51 0
-41 -46 -49 -43 -44 -52 0
-41 -46 -49 -43 -53 -54 0
-41 -46 -49 -43 -53 -51 0
-41 -46 -49 -43 -53 -52 0
-41 -46 -49 -43 -54 -51 0
-41 -46 -49 -43 -54 -52 0
-41 -46 -49 -43 -51 -52 0
-41 -46 -49 -44 -53 -54 0
-41 -46 -49 -44 -53 -51 0
-41 -46 -49 -44 -53 -52 0
-41 -46 -49 -44 -54 -51 0
-41 -46 -49 -44 -54 -52 0
-41 -46 -49 -44 -51 -52 0
-41 -46 -49 -53 -54 -51 0
-41 -46 -49 -53 -54 -52 0
-41 -46 -49 -53 -51 -52 0
-41 -46 -49 -54 -51 -52 0
-41 -46 -50 -43 -44 -53 0
-41 -46 -50 -43 -44 -54 0
-41 -46 -50 -43 -44 -51 0
-41 -46 -50 -43 -44 -52 0
-41 -46 -50 -43 -53 -54 0
-41 -46 -50 -43 -53 -51 0
-41 -46 -50 -43 -53 -52 0
-41 -46 -50 -43 -54 -51 0
-41 -46 -50 -43 -54 -52 0
-41 -46 -50 -43 -51 -52 0
-41 -46 -50 -44 -53 -54 0
-41 -46 -50 -44 -53 -51 0
-41 -46 -50 -44 -53 -52 0
-41 -46 -50 -44 -54 -51 0
-41 -46 -50 -44 -54 -52 0
-41 -46 -50 -44 -51 -52 0
-41 -46 -50 -53 -54 -51 0
-41 -46 -50 -53 -54 -52 0
-41 -46 -50 -53 -51 -52 0
-41 -46 -50 -54 -51 -52 0
-41 -46 -43 -44 -53 -54 0
-41 -46 -43 -44 -53 -51 0
-41 -46 -43 -44 -53 -52 0
-41 -46 -43 -44 -54 -51 0
-41 -46 -43 -44 -54 -52 0
-41 -46 -43 -44 -51 -52 0
-41 -46 -43 -53 -54 -51 0
-41 -46 -43 -53 -54 -52 0
-41 -46 -43 -53 -51 -52 0
-41 -46 -43 -54 -51 -52 0
-41 -46 -44 -53 -54 -51 0
-41 -46 -44 -53 -54 -52 0
-41 -46 -44 -53 -51 -52 0
-41 -46 -44 -54 -51 -52 0
-41 -46 -53 -54 -51 -52 0
-41 -47 -48 -49 -50 -43 0
-41 -47 -48 -49 -50 -44 0
-41 -47 -48 -49 -50 -53 0
-41 -47 -48 -49 -50 -54 0
-41 -47 -48 -49 -50 -51 0
-41 -47 -48 -49 -50 -52 0
-41 -47 -48 -49 -43 -44 0
-41 -47 -48 -49 -43 -53 0
-41 -47 -48 -49 -43 -54 0
-41 -47 -48 -49 -43 -51 0
-41 -47 -48 -49 -43 -52 0
-41 -47 -48 -49 -44 -53 0
-41 -47 -48 -49 -44 -54 0
-41 -47 -48 -49 -44 -51 0
-41 -47 -48 -49 -44 -52 0
-41 -47 -48 -49 -53 -54 0
-41 -47 -48 -49 -53 -51 0
-41 -47 -48 -49 -53 -52 0
-41 -47 -48 -49 -54 -51 0
-41 -47 -48 -49 -54 -52 0
-41 -47 -48 -49 -51 -52 0
-41 -47 -48 -50 -43 -44 0
-41 -47 -48 -50 -43 -53 0
-41 -47 -48 -50 -43 -54 0
-41 -47 -48 -50 -43 -51 0
-41 -47 -48 -50 -43 -52 0
-41 -47 -48 -50 -44 -53 0
-41 -47 -48 -50 -44 -54 0
-41 -47 -48 -50 -44 -51 0
-41 -47 -48 -50 -44 -52 0
-41 -47 -48 -50 -53 -54 0
-41 -47 -48 -50 -53 -51 0
-41 -47 -48 -50 -53 -52 0
-41 -47 -48 -50 -54 -51 0
-41 -47 -48 -50 -54 -52 0
-41 -47 -48 -50 -51 -52 0
-41 -47 -48 -43 -44 -53 0
-41 -47 -48 -43 -44 -54 0
-41 -47 -48 -43 -44 -51 0
-41 -47 -48 -43 -44 -52 0
-41 -47 -48 -43 -53 -54 0
-41 -47 -48 -43 -53 -51 0
-41 -47 -48 -43 -53 -52 0
-41 -47 -48 -43 -54 -51 0
-41 -47 -48 -43 -54 -52 0
-41 -47 -48 -43 -51 -52 0
-41 -47 -48 -44 -53 -54 0
-41 -47 -48 -44 -53 -51 0
-41 -47 -48 -44 -53 -52 0
-41 -47 -48 -44 -54 -51 0
-41 -47 -48 -44 -54 -52 0
-41 -47 -48 -44 -51 -52 0
-41 -47 -48 -53 -54 -51 0
-41 -47 -48 -53 -54 -52 0
-41 -47 -48 -53 -51 -52 0
-41 -47 -48 -54 -51 -52 0
-41 -47 -49 -50 -43 -44 0
-41 -47 -49 -50 -43 -53 0
-41 -47 -49 -50 -43 -54 0
-41 -47 -49 -50 -43 -51 0
-41 -47 -49 -50 -43 -52 0
-41 -47 -49 -50 -44 -53 0
-41 -47 -49 -50 -44 -54 0
-41 -47 -49 -50 -44 -51 0
-41 -47 -49 -50 -44 -52 0
-41 -47 -49 -50 -53 -54 0
-41 -47 -49 -50 -53 -51 0
-41 -47 -49 -50 -53 -52 0
-41 -47 -49 -50 -54 -51 0
-41 -47 -49 -50 -54 -52 0
-41 -47 -49 -50 -51 -52 0
-41 -47 -49 -43 -44 -53 0
-41 -47 -49 -43 -44 -54 0
-41 -47 -49 -43 -44 -51 0
-41 -47 -49 -43 -44 -52 0
-41 -47 -49 -43 -53 -54 0
-41 -47 -49 -43 -53 -51 0
-41 -47 -49 -43 -53 -52 0
-41 -47 -49 -43 -54 -51 0
-41 -47 -49 -43 -54 -52 0
-41 -47 -49 -43 -51 -52 0
-41 -47 -49 -44 -53 -54 0
-41 -47 -49 -44 -53 -51 0
-41 -47 -49 -44 -53 -52 0
-41 -47 -49 -44 -54 -51 0
-41 -47 -49 -44 -54 -52 0
-41 -47 -49 -44 -51 -52 0
-41 -47 -49 -53 -54 -51 0
-41 -47 -49 -53 -54 -52 0
-41 -47 -49 -53 -51 -52 0
-41 -47 -49 -54 -51 -52 0
-41 -47 -50 -43 -44 -53 0
-41 -47 -50 -43 -44 -54 0
-41 -47 -50 -43 -44 -51 0
-41 -47 -50 -43 -44 -52 0
-41 -47 -50 -43 -53 -54 0
-41 -47 -50 -43 -53 -51 0
-41 -47 -50 -43 -53 -52 0
-41 -47 -50 -43 -54 -51 0
-41 -47 -50 -43 -54 -52 0
-41 -47 -50 -43 -51 -52 0
-41 -47 -50 -44 -53 -54 0
-41 -47 -50 -44 -53 -51 0
-41 -47 -50 -44 -53 -52 0
-41 -47 -50 -44 -54 -51 0
-41 -47 -50 -44 -54 -52 0
-41 -47 -50 -44 -51 -52 0
-41 -47 -50 -53 -54 -51 0
-41 -47 -50 -53 -54 -52 0
-41 -47 -50 -53 -51 -52 0
-41 -47 -50 -54 -51 -52 0
-41 -47 -43 -44 -53 -54 0
-41 -47 -43 -44 -53 -51 0
-41 -47 -43 -44 -53 -52 0
-41 -47 -43 -44 -54 -51 0
-41 -47 -43 -44 -54 -52 0
-41 -47 -43 -44 -51 -52 0
-41 -47 -43 -53 -54 -51 0
-41 -47 -43 -53 -54 -52 0
-41 -47 -43 -53 -51 -52 0
-41 -47 -43 -54 -51 -52 0
-41 -47 -44 -53 -54 -51 0
-41 -47 -44 -53 -54 -52 0
-41 -47 -44 -53 -51 -52 0
-41 -47 -44 -54 -51 -52 0
-41 -47 -53 -54 -51 -52 0
-41 -48 -49 -50 -43 -44 0
-41 -48 -49 -50 -43 -53 0
-41 -48 -49 -50 -43 -54 0
-41 -48 -49 -50 -43 -51 0
-41 -48 -49 -50 -43 -52 0
-41 -48 -49 -50 -44 -53 0
-41 -48 -49 -50 -44 -54 0
-41 -48 -49 -50 -44 -51 0
-41 -48 -49 -50 -44 -52 0
-41 -48 -49 -50 -53 -54 0
-41 -48 -49 -50 -53 -51 0
-41 -48 -49 -50 -53 -52 0
-41 -48 -49 -50 -54 -51 0
-41 -48 -49 -50 -54 -52 0
-41 -48 -49 -50 -51 -52 0
-41 -48 -49 -43 -44 -53 0
-41 -48 -49 -43 -44 -54 0
-41 -48 -49 -43 -44 -51 0
-41 -48 -49 -43 -44 -52 0
-41 -48 -49 -43 -53 -54 0
-41 -48 -49 -43 -53 -51 0
-41 -48 -49 -43 -53 -52 0
-41 -48 -49 -43 -54 -51 0
-41 -48 -49 -43 -54 -52 0
-41 -48 -49 -43 -51 -52 0
-41 -48 -49 -44 -53 -54 0
-41 -48 -49 -44 -53 -51 0
-41 -48 -49 -44 -53 -52 0
-41 -48 -49 -44 -54 -51 0
-41 -48 -49 -44 -54 -52 0
-41 -48 -49 -44 -51 -52 0
-41 -48 -49 -53 -54 -51 0
-41 -48 -49 -53 -54 -52 0
-41 -48 -49 -53 -51 -52 0
-41 -48 -49 -54 -51 -52 0
-41 -48 -50 -43 -44 -53 0
-41 -48 -50 -43 -44 -54 0
-41 -48 -50 -43 -44 -51 0
-41 -48 -50 -43 -44 -52 0
-41 -48 -50 -43 -53 -54 0
-41 -48 -50 -43 -53 -51 0
-41 -48 -50 -43 -53 -52 0
-41 -48 -50 -43 -54 -51 0
-41 -48 -50 -43 -54 -52 0
-41 -48 -50 -43 -51 -52 0
-41 -48 -50 -44 -53 -54 0
-41 -48 -50 -44 -53 -51 0
-41 -48 -50 -44 -53 -52 0
-41 -48 -50 -44 -54 -51 0
-41 -48 -50 -44 -54 -52 0
-41 -48 -50 -44 -51 -52 0
-41 -48 -50 -53 -54 -51 0
-41 -48 -50 -53 -54 -52 0
-41 -48 -50 -53 -51 -52 0
-41 -48 -50 -54 -51 -52 0
-41 -48 -43 -44 -53 -54 0
-41 -48 -43 -44 -53 -51 0
-41 -48 -43 -44 -53 -52 0
-41 -48 -43 -44 -54 -51 0
-41 -48 -43 -44 -54 -52 0
-41 -48 -43 -44 -51 -52 0
-41 -48 -43 -53 -54 -51 0
-41 -48 -43 -53 -54 -52 0
-41 -48 -43 -53 -51 -52 0
-41 -48 -43 -54 -51 -52 0
-41 -48 -44 -53 -54 -51 0
-41 -48 -44 -53 -54 -52 0
-41 -48 -44 -53 -51 -52 0
-41 -48 -44 -54 -51 -52 0
-41 -48 -53 -54 -51 -52 0
-41 -49 -50 -43 -44 -53 0
-41 -49 -50 -43 -44 -54 0
-41 -49 -50 -43 -44 -51 0
-41 -49 -50 -43 -44 -52 0
-41 -49 -50 -43 -53 -54 0
-41 -49 -50 -43 -53 -51 0
-41 -49 -50 -43 -53 -52 0
-41 -49 -50 -43 -54 -51 0
-41 -49 -50 -43 -54 -52 0
-41 -49 -50 -43 -51 -52 0
-41 -49 -50 -44 -53 -54 0
-41 -49 -50 -44 -53 -51 0
-41 -49 -50 -44 -53 -52 0
-41 -49 -50 -44 -54 -51 0
-41 -49 -50 -44 -54 -52 0
-41 -49 -50 -44 -51 -52 0
-41 -49 -50 -53 -54 -51 0
-41 -49 -50 -53 -54 -52 0
-41 -49 -50 -53 -51 -52 0
-41 -49 -50 -54 -51 -52 0
-41 -49 -43 -44 -53 -54 0
-41 -49 -43 -44 -53 -51 0
-41 -49 -43 -44 -53 -52 0
-41 -49 -43 -44 -54 -51 0
-41 -49 -43 -44 -54 -52 0
-41 -49 -43 -44 -51 -52 0
-41 -49 -43 -53 -54 -51 0
-41 -49 -43 -53 -54 -52 0
-41 -49 -43 -53 -51 -52 0
-41 -49 -43 -54 -51 -52 0
-41 -49 -44 -53 -54 -51 0
-41 -49 -44 -53 -54 -52 0
-41 -49 -44 -53 -51 -52 0
-41 -49 -44 -54 -51 -52 0
-41 -49 -53 -54 -51 -52 0
-41 -50 -43 -44 -53 -54 0
-41 -50 -43 -44 -53 -51 0
-41 -50 -43 -44 -53 -52 0
-41 -50 -43 -44 -54 -51 0
-41 -50 -43 -44 -54 -52 0
-41 -50 -43 -44 -51 -52 0
-41 -50 -43 -53 -54 -51 0
-41 -50 -43 -53 -54 -52 0
-41 -50 -43 -53 -51 -52 0
-41 -50 -43 -54 -51 -52 0
-41 -50 -44 -53 -54 -51 0
-41 -50 -44 -53 -54 -52 0
-41 -50 -44 -53 -51 -52 0
-41 -50 -44 -54 -51 -52 0
-41 -50 -53 -54 -51 -52 0
-41 -43 -44 -53 -54 -51 0
-41 -43 -44 -53 -54 -52 0
-41 -43 -44 -53 -51 -52 0
-41 -43 -44 -54 -51 -52 0
-41 -43 -53 -54 -51 -52 0
-41 -44 -53 -54 -51 -52 0
-42 -45 -46 -47 -48 -49 0
-42 -45 -46 -47 -48 -50 0
-42 -45 -46 -47 -48 -43 0
-42 -45 -46 -47 -48 -44 0
-42 -45 -46 -47 -48 -53 0
-42 -45 -46 -47 -48 -54 0
-42 -45 -46 -47 -48 -51 0
-42 -45 -46 -47 -48 -52 0
-42 -45 -46 -47 -49 -50 0
-42 -45 -46 -47 -49 -43 0
-42 -45 -46 -47 -49 -44 0
-42 -45 -46 -47 -49 -53 0
-42 -45 -46 -47 -49 -54 0
-42 -45 -46 -47 -49 -51 0
-42 -45 -46 -47 -49 -52 0
-42 -45 -46 -47 -50 -43 0
-42 -45 -46 -47 -50 -44 0
-42 -45 -46 -47 -50 -53 0
-42 -45 -46 -47 -50 -54 0
-42 -45 -46 -47 -50 -51 0
-42 -45 -46 -47 -50 -52 0
-42 -45 -46 -47 -43 -44 0
-42 -45 -46 -47 -43 -53 0
-42 -45 -46 -47 -43 -54 0
-42 -45 -46 -47 -43 -51 0
-42 -45 -46 -47 -43 -52 0
-42 -45 -46 -47 -44 -53 0
-42 -45 -46 -47 -44 -54 0
-42 -45 -46 -47 -44 -51 0
-42 -45 -46 -47 -44 -52 0
-42 -45 -46 -47 -53 -54 0
-42 -45 -46 -47 -53 -51 0
-42 -45 -46 -47 -53 -52 0
-42 -45 -46 -47 -54 -51 0
-42 -45 -46 -47 -54 -52 0
-42 -45 -46 -47 -51 -52 0
-42 -45 -46 -48 -49 -50 0
-42 -45 -46 -48 -49 -43 0
-42 -45 -46 -48 -49 -44 0
-42 -45 -46 -48 -49 -53 0
-42 -45 -46 -48 -49 -54 0
-42 -45 -46 -48 -49 -51 0
-42 -45 -46 -48 -49 -52 0
-42 -45 -46 -48 -50 -43 0
-42 -45 -46 -48 -50 -44 0
-42 -45 -46 -48 -50 -53 0
-42 -45 -46 -48 -50 -54 0
-42 -45 -46 -48 -50 -51 0
-42 -45 -46 -48 -50 -52 0
-42 -45 -46 -48 -43 -44 0
-42 -45 -46 -48 -43 -53 0
-42 -45 -46 -48 -43 -54 0
-42 -45 -46 -48 -43 -51 0
-42 -45 -46 -48 -43 -52 0
-42 -45 -46 -48 -44 -53 0
-42 -45 -46 -48 -44 -54 0
-42 -45 -46 -48 -44 -51 0
-42 -45 -46 -48 -44 -52 0
-42 -45 -46 -48 -53 -54 0
-42 -45 -46 -48 -53 -51 0
-42 -45 -46 -48 -53 -52 0
-42 -45 -46 -48 -54 -51 0
-42 -45 -46 -48 -54 -52 0
-42 -45 -46 -48 -51 -52 0
-42 -45 -46 -49 -50 -43 0
-42 -45 -46 -49 -50 -44 0
-42 -45 -46 -49 -50 -53 0
-42 -45 -46 -49 -50 -54 0
-42 -45 -46 -49 -50 -51 0
-42 -45 -46 -49 -50 -52 0
-42 -45 -46 -49 -43 -44 0
-42 -45 -46 -49 -43 -53 0
-42 -45 -46 -49 -43 -54 0
-42 -45 -46 -49 -43 -51 0
-42 -45 -46 -49 -43 -52 0
-42 -45 -46 -49 -44 -53 0
-42 -45 -46 -49 -44 -54 0
-42 -45 -46 -49 -44 -51 0
-42 -45 -46 -49 -44 -52 0
-42 -45 -46 -49 -53 -54 0
-42 -45 -46 -49 -53 -51 0
-42 -45 -46 -49 -53 -52 0
-42 -45 -46 -49 -54 -51 0
-42 -45 -46 -49 -54 -52 0
-42 -45 -46 -49 -51 -52 0
-42 -45 -46 -50 -43 -44 0
-42 -45 -46 -50 -43 -53 0
-42 -45 -46 -50 -43 -54 0
-42 -45 -46 -50 -43 -51 0
-42 -45 -46 -50 -43 -52 0
-42 -45 -46 -50 -44 -53 0
-42 -45 -46 -50 -44 -54 0
-42 -45 -46 -50 -44 -51 0
-42 -45 -46 -50 -44 -52 0
-42 -45 -46 -50 -53 -54 0
-42 -45 -46 -50 -53 -51 0
-42 -45 -46 -50 -53 -52 0
-42 -45 -46 -50 -54 -51 0
-42 -45 -46 -50 -54 -52 0
-42 -45 -46 -50 -51 -52 0
-42 -45 -46 -43 -44 -53 0
-42 -45 -46 -43 -44 -54 0
-42 -45 -46 -43 -44 -51 0
-42 -45 -46 -43 -44 -52 0
-42 -45 -46 -43 -53 -54 0
-42 -45 -46 -43 -53 -51 0
-42 -45 -46 -43 -53 -52 0
-42 -45 -46 -43 -54 -51 0
-42 -45 -46 -43 -54 -52 0
-42 -45 -46 -43 -51 -52 0
-42 -45 -46 -44 -53 -54 0
-42 -45 -46 -44 -53 -51 0
-42 -45 -46 -44 -53 -52 0
-42 -45 -46 -44 -54 -51 0
-42 -45 -46 -44 -54 -52 0
-42 -45 -46 -44 -51 -52 0
-42 -45 -46 -53 -54 -51 0
-42 -45 -46 -53 -54 -52 0
-42 -45 -46 -53 -51 -52 0
-42 -45 -46 -54 -51 -52 0
-42 -45 -47 -48 -49 -50 0
-42 -45 -47 -48 -49 -43 0
-42 -45 -47 -48 -49 -44 0
-42 -45 -47 -48 -49 -53 0
-42 -45 -47 -48 -49 -54 0
-42 -45 -47 -48 -49 -51 0
-42 -45 -47 -48 -49 -52 0
-42 -45 -47 -48 -50 -43 0
-42 -45 -47 -48 -50 -44 0
-42 -45 -47 -48 -50 -53 0
-42 -45 -47 -48 -50 -54 0
-42 -45 -47 -48 -50 -51 0
-42 -45 -47 -48 -50 -52 0
-42 -45 -47 -48 -43 -44 0
-42 -45 -47 -48 -43 -53 0
-42 -45 -47 -48 -43 -54 0
-42 -45 -47 -48 -43 -51 0
-42 -45 -47 -48 -43 -52 0
-42 -45 -47 -48 -44 -53 0
-42 -45 -47 -48 -44 -54 0
-42 -45 -47 -48 -44 -51 0
-42 -45 -47 -48 -44 -52 0
-42 -45 -47 -48 -53 -54 0
-42 -45 -47 -48 -53 -51 0
-42 -45 -47 -48 -53 -52 0
-42 -45 -47 -48 -54 -51 0
-42 -45 -47 -48 -54 -52 0
-42 -45 -47 -48 -51 -52 0
-42 -45 -47 -49 -50 -43 0
-42 -45 -47 -49 -50 -44 0
-42 -45 -47 -49 -50 -53 0
-42 -45 -47 -49 -50 -54 0
-42 -45 -47 -49 -50 -51 0
-42 -45 -47 -49 -50 -52 0
-42 -45 -47 -49 -43 -44 0
-42 -45 -47 -49 -43 -53 0
-42 -45 -47 -49 -43 -54 0
-42 -45 -47 -49 -43 -51 0
-42 -45 -47 -49 -43 -52 0
-42 -45 -47 -49 -44 -53 0
-42 -45 -47 -49 -44 -54 0
-42 -45 -47 -49 -44 -51 0
-42 -45 -47 -49 -44 -52 0
-42 -45 -47 -49 -53 -54 0
-42 -45 -47 -49 -53 -51 0
-42 -45 -47 -49 -53 -52 0
-42 -45 -47 -49 -54 -51 0
-42 -45 -47 -49 -54 -52 0
-42 -45 -47 -49 -51 -52 0
-42 -45 -47 -50 -43 -44 0
-42 -45 -47 -50 -43 -53 0
-42 -45 -47 -50 -43 -54 0
-42 -45 -47 -50 -43 -51 0
-42 -45 -47 -50 -43 -52 0
-42 -45 -47 -50 -44 -53 0
-42 -45 -47 -50 -44 -54 0
-42 -45 -47 -50 -44 -51 0
-42 -45 -47 -50 -44 -52 0
-42 -45 -47 -50 -53 -54 0
-42 -45 -47 -50 -53 -51 0
-42 -45 -47 -50 -53 -52 0
-42 -45 -47 -50 -54 -51 0
-42 -45 -47 -50 -54 -52 0
-42 -45 -47 -50 -51 -52 0
-42 -45 -47 -43 -44 -53 0
-42 -45 -47 -43 -44 -54 0
-42 -45 -47 -43 -44 -51 0
-42 -45 -47 -43 -44 -52 0
-42 -45 -47 -43 -53 -54 0
-42 -45 -47 -43 -53 -51 0
-42 -45 -47 -43 -53 -52 0
-42 -45 -47 -43 -54 -51 0
-42 -45 -47 -43 -54 -52 0
-42 -45 -47 -43 -51 -52 0
-42 -45 -47 -44 -53 -54 0
-42 -45 -47 -44 -53 -51 0
-42 -45 -47 -44 -53 -52 0
-42 -45 -47 -44 -54 -51 0
-42 -45 -47 -44 -54 -52 0
-42 -45 -47 -44 -51 -52 0
-42 -45 -47 -53 -54 -51 0
-42 -45 -47 -53 -54 -52 0
-42 -45 -47 -53 -51 -52 0
-42 -45 -47 -54 -51 -52 0
-42 -45 -48 -49 -50 -43 0
-42 -45 -48 -49 -50 -44 0
-42 -45 -48 -49 -50 -53 0
-42 -45 -48 -49 -50 -54 0
-42 -45 -48 -49 -50 -51 0
-42 -45 -48 -49 -50 -52 0
-42 -45 -48 -49 -43 -44 0
-42 -45 -48 -49 -43 -53 0
-42 -45 -48 -49 -43 -54 0
-42 -45 -48 -49 -43 -51 0
-42 -45 -48 -49 -43 -52 0
-42 -45 -48 -49 -44 -53 0
-42 -45 -48 -49 -44 -54 0
-42 -45 -48 -49 -44 -51 0
-42 -45 -48 -49 -44 -52 0
-42 -45 -48 -49 -53 -54 0
-42 -45 -48 -49 -53 -51 0
-42 -45 -48 -49 -53 -52 0
-42 -45 -48 -49 -54 -51 0
-42 -45 -48 -49 -54 -52 0
-42 -45 -48 -49 -51 -52 0
-42 -45 -48 -50 -43 -44 0
-42 -45 -48 -50 -43 -53 0
-42 -45 -48 -50 -43 -54 0
-42 -45 -48 -50 -43 -51 0
-42 -45 -48 -50 -43 -52 0
-42 -45 -48 -50 -44 -53 0
-42 -45 -48 -50 -44 -54 0
-42 -45 -48 -50 -44 -51 0
-42 -45 -48 -50 -44 -52 0
-42 -45 -48 -50 -53 -54 0
-42 -45 -48 -50 -53 -51 0
-42 -45 -48 -50 -53 -52 0
-42 -45 -48 -50 -54 -51 0
-42 -45 -48 -50 -54 -52 0
-42 -45 -48 -50 -51 -52 0
-42 -45 -48 -43 -44 -53 0
-42 -45 -48 -43 -44 -54 0
-42 -45 -48 -43 -44 -51 0
-42 -45 -48 -43 -44 -52 0
-42 -45 -48 -43 -53 -54 0
-42 -45 -48 -43 -53 -51 0
-42 -45 -48 -43 -53 -52 0
-42 -45 -48 -43 -54 -51 0
-42 -45 -48 -43 -54 -52 0
-42 -45 -48 -43 -51 -52 0
-42 -45 -48 -44 -53 -54 0
-42 -45 -48 -44 -53 -51 0
-42 -45 -48 -44 -53 -52 0
-42 -45 -48 -44 -54 -51 0
-42 -45 -48 -44 -54 -52 0
-42 -45 -48 -44 -51 -52 0
-42 -45 -48 -53 -54 -51 0
-42 -45 -48 -53 -54 -52 0
-42 -45 -48 -53 -51 -52 0
-42 -45 -48 -54 -51 -52 0
-42 -45 -49 -50 -43 -44 0
-42 -45 -49 -50 -43 -53 0
-42 -45 -49 -50 -43 -54 0
-42 -45 -49 -50 -43 -51 0
-42 -45 -49 -50 -43 -52 0
-42 -45 -49 -50 -44 -53 0
-42 -45 -49 -50 -44 -54 0
-42 -45 -49 -50 -44 -51 0
-42 -45 -49 -50 -44 -52 0
-42 -45 -49 -50 -53 -54 0
-42 -45 -49 -50 -53 -51 0
-42 -45 -49 -50 -53 -52 0
-42 -45 -49 -50 -54 -51 0
-42 -45 -49 -50 -54 -52 0
-42 -45 -49 -50 -51 -52 0
-42 -45 -49 -43 -44 -53 0
-42 -45 -49 -43 -44 -54 0
-42 -45 -49 -43 -44 -51 0
-42 -45 -49 -43 -44 -52 0
-42 -45 -49 -43 -53 -54 0
-42 -45 -49 -43 -53 -51 0
-42 -45 -49 -43 -53 -52 0
-42 -45 -49 -43 -54 -51 0
-42 -45 -49 -43 -54 -52 0
-42 -45 -49 -43 -51 -52 0
-42 -45 -49 -44 -53 -54 0
-42 -45 -49 -44 -53 -51 0
-42 -45 -49 -44 -53 -52 0
-42 -45 -49 -44 -54 -51 0
-42 -45 -49 -44 -54 -52 0
-42 -45 -49 -44 -51 -52 0
-42 -45 -49 -53 -54 -51 0
-42 -45 -49 -53 -54 -52 0
-42 -45 -49 -53 -51 -52 0
-42 -45 -49 -54 -51 -52 0
-42 -45 -50 -43 -44 -53 0
-42 -45 -50 -43 -44 -54 0
-42 -45 -50 -43 -44 -51 0
-42 -45 -50 -43 -44 -52 0
-42 -45 -50 -43 -53 -54 0
-42 -45 -50 -43 -53 -51 0
-42 -45 -50 -43 -53 -52 0
-42 -45 -50 -43 -54 -51 0
-42 -45 -50 -43 -54 -52 0
-42 -45 -50 -43 -51 -52 0
-42 -45 -50 -44 -53 -54 0
-42 -45 -50 -44 -53 -51 0
-42 -45 -50 -44 -53 -52 0
-42 -45 -50 -44 -54 -51 0
-42 -45 -50 -44 -54 -52 0
-42 -45 -50 -44 -51 -52 0
-42 -45 -50 -53 -54 -51 0
-42 -45 -50 -53 -54 -52 0
-42 -45 -50 -53 -51 -52 0
-42 -45 -50 -54 -51 -52 0
-42 -45 -43 -44 -53 -54 0
-42 -45 -43 -44 -53 -51 0
-42 -45 -43 -44 -53 -52 0
-42 -45 -43 -44 -54 -51 0
-42 -45 -43 -44 -54 -52 0
-42 -45 -43 -44 -51 -52 0
-42 -45 -43 -53 -54 -51 0
-42 -45 -43 -53 -54 -52 0
-42 -45 -43 -53 -51 -52 0
-42 -45 -43 -54 -51 -52 0
-42 -45 -44 -53 -54 -51 0
-42 -45 -44 -53 -54 -52 0
-42 -45 -44 -53 -51 -52 0
-42 -45 -44 -54 -51 -52 0
-42 -45 -53 -54 -51 -52 0
-42 -46 -47 -48 -49 -50 0
-42 -46 -47 -48 -49 -43 0
-42 -46 -47 -48 -49 -44 0
-42 -46 -47 -48 -49 -53 0
-42 -46 -47 -48 -49 -54 0
-42 -46 -47 -48 -49 -51 0
-42 -46 -47 -48 -49 -52 0
-42 -46 -47 -48 -50 -43 0
-42 -46 -47 -48 -50 -44 0
-42 -46 -47 -48 -50 -53 0
-42 -46 -47 -48 -50 -54 0
-42 -46 -47 -48 -50 -51 0
-42 -46 -47 -48 -50 -52 0
-42 -46 -47 -48 -43 -44 0
-42 -46 -47 -48 -43 -53 0
-42 -46 -47 -48 -43 -54 0
-42 -46 -47 -48 -43 -51 0
-42 -46 -47 -48 -43 -52 0
-42 -46 -47 -48 -44 -53 0
-42 -46 -47 -48 -44 -54 0
-42 -46 -47 -48 -44 -51 0
-42 -46 -47 -48 -44 -52 0
-42 -46 -47 -48 -53 -54 0
-42 -46 -47 -48 -53 -51 0
-42 -46 -47 -48 -53 -52 0
-42 -46 -47 -48 -54 -51 0
-42 -46 -47 -48 -54 -52 0
-42 -46 -47 -48 -51 -52 0
-42 -46 -47 -49 -50 -43 0
-42 -46 -47 -49 -50 -44 0
-42 -46 -47 -49 -50 -53 0
-42 -46 -47 -49 -50 -54 0
-42 -46 -47 -49 -50 -51 0
-42 -46 -47 -49 -50 -52 0
-42 -46 -47 -49 -43 -44 0
-42 -46 -47 -49 -43 -53 0
-42 -46 -47 -49 -43 -54 0
-42 -46 -47 -49 -43 -51 0
-42 -46 -47 -49 -43 -52 0
-42 -46 -47 -49 -44 -53 0
-42 -46 -47 -49 -44 -54 0
-42 -46 -47 -49 -44 -51 0
-42 -46 -47 -49 -44 -52 0
-42 -46 -47 -49 -53 -54 0
-42 -46 -47 -49 -53 -51 0
-42 -46 -47 -49 -53 -52 0
-42 -46 -47 -49 -54 -51 0
-42 -46 -47 -49 -54 -52 0
-42 -46 -47 -49 -51 -52 0
-42 -46 -47 -50 -43 -44 0
-42 -46 -47 -50 -43 -53 0
-42 -46 -47 -50 -43 -54 0
-42 -46 -47 -50 -43 -51 0
-42 -46 -47 -50 -43 -52 0
-42 -46 -47 -50 -44 -53 0
-42 -46 -47 -50 -44 -54 0
-42 -46 -47 -50 -44 -51 0
-42 -46 -47 -50 -44 -52 0
-42 -46 -47 -50 -53 -54 0
-42 -46 -47 -50 -53 -51 0
-42 -46 -47 -50 -53 -52 0
-42 -46 -47 -50 -54 -51 0
-42 -46 -47 -50 -54 -52 0
-42 -46 -47 -50 -51 -52 0
-42 -46 -47 -43 -44 -53 0
-42 -46 -47 -43 -44 -54 0
-42 -46 -47 -43 -44 -51 0
-42 -46 -47 -43 -44 -52 0
-42 -46 -47 -43 -53 -54 0
-42 -46 -47 -43 -53 -51 0
-42 -46 -47 -43 -53 -52 0
-42 -46 -47 -43 -54 -51 0
-42 -46 -47 -43 -54 -52 0
-42 -46 -47 -43 -51 -52 0
-42 -46 -47 -44 -53 -54 0
-42 -46 -47 -44 -53 -51 0
-42 -46 -47 -44 -53 -52 0
-42 -46 -47 -44 -54 -51 0
-42 -46 -47 -44 -54 -52 0
-42 -46 -47 -44 -51 -52 0
-42 -46 -47 -53 -54 -51 0
-42 -46 -47 -53 -54 -52 0
-42 -46 -47 -53 -51 -52 0
-42 -46 -47 -54 -51 -52 0
-42 -46 -48 -49 -50 -43 0
-42 -46 -48 -49 -50 -44 0
-42 -46 -48 -49 -50 -53 0
-42 -46 -48 -49 -50 -54 0
-42 -46 -48 -49 -50 -51 0
-42 -46 -48 -49 -50 -52 0
-42 -46 -48 -49 -43 -44 0
-42 -46 -48 -49 -43 -53 0
-42 -46 -48 -49 -43 -54 0
-42 -46 -48 -49 -43 -51 0
-42 -46 -48 -49 -43 -52 0
-42 -46 -48 -49 -44 -53 0
-42 -46 -48 -49 -44 -54 0
-42 -46 -48 -49 -44 -51 0
-42 -46 -48 -49 -44 -52 0
-42 -46 -48 -49 -53 -54 0
-42 -46 -48 -49 -53 -51 0
-42 -46 -48 -49 -53 -52 0
-42 -46 -48 -49 -54 -51 0
-42 -46 -48 -49 -54 -52 0
-42 -46 -48 -49 -51 -52 0
-42 -46 -48 -50 -43 -44 0
-42 -46 -48 -50 -43 -53 0
-42 -46 -48 -50 -43 -54 0
-42 -46 -48 -50 -43 -51 0
-42 -46 -48 -50 -43 -52 0
-42 -46 -48 -50 -44 -53 0
-42 -46 -48 -50 -44 -54 0
-42 -46 -48 -50 -44 -51 0
-42 -46 -48 -50 -44 -52 0
-42 -46 -48 -50 -53 -54 0
-42 -46 -48 -50 -53 -51 0
-42 -46 -48 -50 -53 -52 0
-42 -46 -48 -50 -54 -51 0
-42 -46 -48 -50 -54 -52 0
-42 -46 -48 -50 -51 -52 0
-42 -46 -48 -43 -44 -53 0
-42 -46 -48 -43 -44 -54 0
-42 -46 -48 -43 -44 -51 0
-42 -46 -48 -43 -44 -52 0
-42 -46 -48 -43 -53 -54 0
-42 -46 -48 -43 -53 -51 0
-42 -46 -48 -43 -53 -52 0
-42 -46 -48 -43 -54 -51 0
-42 -46 -48 -43 -54 -52 0
-42 -46 -48 -43 -51 -52 0
-42 -46 -48 -44 -53 -54 0
-42 -46 -48 -44 -53 -51 0
-42 -46 -48 -44 -53 -52 0
-42 -46 -48 -44 -54 -51 0
-42 -46 -48 -44 -54 -52 0
-42 -46 -48 -44 -51 -52 0
-42 -46 -48 -53 -54 -51 0
-42 -46 -48 -53 -54 -52 0
-42 -46 -48 -53 -51 -52 0
-42 -46 -48 -54 -51 -52 0
-42 -46 -49 -50 -43 -44 0
-42 -46 -49 -50 -43 -53 0
-42 -46 -49 -50 -43 -54 0
-42 -46 -49 -50 -43 -51 0
-42 -46 -49 -50 -43 -52 0
-42 -46 -49 -50 -44 -53 0
-42 -46 -49 -50 -44 -54 0
-42 -46 -49 -50 -44 -51 0
-42 -46 -49 -50 -44 -52 0
-42 -46 -49 -50 -53 -54 0
-42 -46 -49 -50 -53 -51 0
-42 -46 -49 -50 -53 -52 0
-42 -46 -49 -50 -54 -51 0
-42 -46 -49 -50 -54 -52 0
-42 -46 -49 -50 -51 -52 0
-42 -46 -49 -43 -44 -53 0
-42 -46 -49 -43 -44 -54 0
-42 -46 -49 -43 -44 -51 0
-42 -46 -49 -43 -44 -52 0
-42 -46 -49 -43 -53 -54 0
-42 -46 -49 -43 -53 -51 0
-42 -46 -49 -43 -53 -52 0
-42 -46 -49 -43 -54 -51 0
-42 -46 -49 -43 -54 -52 0
-42 -46 -49 -43 -51 -52 0
-42 -46 -49 -44 -53 -54 0
-42 -46 -49 -44 -53 -51 0
-42 -46 -49 -44 -53 -52 0
-42 -46 -49 -44 -54 -51 0
-42 -46 -49 -44 -54 -52 0
-42 -46 -49 -44 -51 -52 0
-42 -46 -49 -53 -54 -51 0
-42 -46 -49 -53 -54 -52 0
-42 -46 -49 -53 -51 -52 0
-42 -46 -49 -54 -51 -52 0
-42 -46 -50 -43 -44 -53 0
-42 -46 -50 -43 -44 -54 0
-42 -46 -50 -43 -44 -51 0
-42 -46 -50 -43 -44 -52 0
-42 -46 -50 -43 -53 -54 0
-42 -46 -50 -43 -53 -51 0
-42 -46 -50 -43 -53 -52 0
-42 -46 -50 -43 -54 -51 0
-42 -46 -50 -43 -54 -52 0
-42 -46 -50 -43 -51 -52 0
-42 -46 -50 -44 -53 -54 0
-42 -46 -50 -44 -53 -51 0
-42 -46 -50 -44 -53 -52 0
-42 -46 -50 -44 -54 -51 0
-42 -46 -50 -44 -54 -52 0
-42 -46 -50 -44 -51 -52 0
-42 -46 -50 -53 -54 -51 0
-42 -46 -50 -53 -54 -52 0
-42 -46 -50 -53 -51 -52 0
-42 -46 -50 -54 -51 -52 0
-42 -46 -43 -44 -53 -54 0
-42 -46 -43 -44 -53 -51 0
-42 -46 -43 -44 -53 -52 0
-42 -46 -43 -44 -54 -51 0
-42 -46 -43 -44 -54 -52 0
-42 -46 -43 -44 -51 -52 0
-42 -46 -43 -53 -54 -51 0
-42 -46 -43 -53 -54 -52 0
-42 -46 -43 -53 -51 -52 0
-42 -46 -43 -54 -51 -52 0
-42 -46 -44 -53 -54 -51 0
-42 -46 -44 -53 -54 -52 0
-42 -46 -44 -53 -51 -52 0
-42 -46 -44 -54 -51 -52 0
-42 -46 -53 -54 -51 -52 0
-42 -47 -48 -49 -50 -43 0
-42 -47 -48 -49 -50 -44 0
-42 -47 -48 -49 -50 -53 0
-42 -47 -48 -49 -50 -54 0
-42 -47 -48 -49 -50 -51 0
-42 -47 -48 -49 -50 -52 0
-42 -47 -48 -49 -43 -44 0
-42 -47 -48 -49 -43 -53 0
-42 -47 -48 -49 -43 -54 0
-42 -47 -48 -49 -43 -51 0
-42 -47 -48 -49 -43 -52 0
-42 -47 -48 -49 -44 -53 0
-42 -47 -48 -49 -44 -54 0
-42 -47 -48 -49 -44 -51 0
-42 -47 -48 -49 -44 -52 0
-42 -47 -48 -49 -53 -54 0
-42 -47 -48 -49 -53 -51 0
-42 -47 -48 -49 -53 -52 0
-42 -47 -48 -49 -54 -51 0
-42 -47 -48 -49 -54 -52 0
-42 -47 -48 -49 -51 -52 0
-42 -47 -48 -50 -43 -44 0
-42 -47 -48 -50 -43 -53 0
-42 -47 -48 -50 -43 -54 0
-42 -47 -48 -50 -43 -51 0
-42 -47 -48 -50 -43 -52 0
-42 -47 -48 -50 -44 -53 0
-42 -47 -48 -50 -44 -54 0
-42 -47 -48 -50 -44 -51 0
-42 -47 -48 -50 -44 -52 0
-42 -47 -48 -50 -53 -54 0
-42 -47 -48 -50 -53 -51 0
-42 -47 -48 -50 -53 -52 0
-42 -47 -48 -50 -54 -51 0
-42 -47 -48 -50 -54 -52 0
-42 -47 -48 -50 -51 -52 0
-42 -47 -48 -43 -44 -53 0
-42 -47 -48 -43 -44 -54 0
-42 -47 -48 -43 -44 -51 0
-42 -47 -48 -43 -44 -52 0
-42 -47 -48 -43 -53 -54 0
-42 -47 -48 -43 -53 -51 0
-42 -47 -48 -43 -53 -52 0
-42 -47 -48 -43 -54 -51 0
-42 -47 -48 -43 -54 -52 0
-42 -47 -48 -43 -51 -52 0
-42 -47 -48 -44 -53 -54 0
-42 -47 -48 -44 -53 -51 0
-42 -47 -48 -44 -53 -52 0
-42 -47 -48 -44 -54 -51 0
-42 -47 -48 -44 -54 -52 0
-42 -47 -48 -44 -51 -52 0
-42 -47 -48 -53 -54 -51 0
-42 -47 -48 -53 -54 -52 0
-42 -47 -48 -53 -51 -52 0
-42 -47 -48 -54 -51 -52 0
-42 -47 -49 -50 -43 -44 0
-42 -47 -49 -50 -43 -53 0
-42 -47 -49 -50 -43 -54 0
-42 -47 -49 -50 -43 -51 0
-42 -47 -49 -50 -43 -52 0
-42 -47 -49 -50 -44 -53 0
-42 -47 -49 -50 -44 -54 0
-42 -47 -49 -50 -44 -51 0
-42 -47 -49 -50 -44 -52 0
-42 -47 -49 -50 -53 -54 0
-42 -47 -49 -50 -53 -51 0
-42 -47 -49 -50 -53 -52 0
-42 -47 -49 -50 -54 -51 0
-42 -47 -49 -50 -54 -52 0
-42 -47 -49 -50 -51 -52 0
-42 -47 -49 -43 -44 -53 0
-42 -47 -49 -43 -44 -54 0
-42 -47 -49 -43 -44 -51 0
-42 -47 -49 -43 -44 -52 0
-42 -47 -49 -43 -53 -54 0
-42 -47 -49 -43 -53 -51 0
-42 -47 -49 -43 -53 -52 0
-42 -47 -49 -43 -54 -51 0
-42 -47 -49 -43 -54 -52 0
-42 -47 -49 -43 -51 -52 0
-42 -47 -49 -44 -53 -54 0
-42 -47 -49 -44 -53 -51 0
-42 -47 -49 -44 -53 -52 0
-42 -47 -49 -44 -54 -51 0
-42 -47 -49 -44 -54 -52 0
-42 -47 -49 -44 -51 -52 0
-42 -47 -49 -53 -54 -51 0
-42 -47 -49 -53 -54 -52 0
-42 -47 -49 -53 -51 -52 0
-42 -47 -49 -54 -51 -52 0
-42 -47 -50 -43 -44 -53 0
-42 -47 -50 -43 -44 -54 0
-42 -47 -50 -43 -44 -51 0
-42 -47 -50 -43 -44 -52 0
-42 -47 -50 -43 -53 -54 0
-42 -47 -50 -43 -53 -51 0
-42 -47 -50 -43 -53 -52 0
-42 -47 -50 -43 -54 -51 0
-42 -47 -50 -43 -54 -52 0
-42 -47 -50 -43 -51 -52 0
-42 -47 -50 -44 -53 -54 0
-42 -47 -50 -44 -53 -51 0
-42 -47 -50 -44 -53 -52 0
-42 -47 -50 -44 -54 -51 0
-42 -47 -50 -44 -54 -52 0
-42 -47 -50 -44 -51 -52 0
-42 -47 -50 -53 -54 -51 0
-42 -47 -50 -53 -54 -52 0
-42 -47 -50 -53 -51 -52 0
-42 -47 -50 -54 -51 -52 0
-42 -47 -43 -44 -53 -54 0
-42 -47 -43 -44 -53 -51 0
-42 -47 -43 -44 -53 -52 0
-42 -47 -43 -44 -54 -51 0
-42 -47 -43 -44 -54 -52 0
-42 -47 -43 -44 -51 -52 0
-42 -47 -43 -53 -54 -51 0
-42 -47 -43 -53 -54 -52 0
-42 -47 -43 -53 -51 -52 0
-42 -47 -43 -54 -51 -52 0
-42 -47 -44 -53 -54 -51 0
-42 -47 -44 -53 -54 -52 0
-42 -47 -44 -53 -51 -52 0
-42 -47 -44 -54 -51 -52 0
-42 -47 -53 -54 -51 -52 0
-42 -48 -49 -50 -43 -44 0
-42 -48 -49 -50 -43 -53 0
-42 -48 -49 -50 -43 -54 0
-42 -48 -49 -50 -43 -51 0
-42 -48 -49 -50 -43 -52 0
-42 -48 -49 -50 -44 -53 0
-42 -48 -49 -50 -44 -54 0
-42 -48 -49 -50 -44 -51 0
-42 -48 -49 -50 -44 -52 0
-42 -48 -49 -50 -53 -54 0
-42 -48 -49 -50 -53 -51 0
-42 -48 -49 -50 -53 -52 0
-42 -48 -49 -50 -54 -51 0
-42 -48 -49 -50 -54 -52 0
-42 -48 -49 -50 -51 -52 0
-42 -48 -49 -43 -44 -53 0
-42 -48 -49 -43 -44 -54 0
-42 -48 -49 -43 -44 -51 0
-42 -48 -49 -43 -44 -52 0
-42 -48 -49 -43 -53 -54 0
-42 -48 -49 -43 -53 -51 0
-42 -48 -49 -43 -53 -52 0
-42 -48 -49 -43 -54 -51 0
-42 -48 -49 -43 -54 -52 0
-42 -48 -49 -43 -51 -52 0
-42 -48 -49 -44 -53 -54 0
-42 -48 -49 -44 -53 -51 0
-42 -48 -49 -44 -53 -52 0
-42 -48 -49 -44 -54 -51 0
-42 -48 -49 -44 -54 -52 0
-42 -48 -49 -44 -51 -52 0
-42 -48 -49 -53 -54 -51 0
-42 -48 -49 -53 -54 -52 0
-42 -48 -49 -53 -51 -52 0
-42 -48 -49 -54 -51 -52 0
-42 -48 -50 -43 -44 -53 0
-42 -48 -50 -43 -44 -54 0
-42 -48 -50 -43 -44 -51 0
-42 -48 -50 -43 -44 -52 0
-42 -48 -50 -43 -53 -54 0
-42 -48 -50 -43 -53 -51 0
-42 -48 -50 -43 -53 -52 0
-42 -48 -50 -43 -54 -51 0
-42 -48 -50 -43 -54 -52 0
-42 -48 -50 -43 -51 -52 0
-42 -48 -50 -44 -53 -54 0
-42 -48 -50 -44 -53 -51 0
-42 -48 -50 -44 -53 -52 0
-42 -48 -50 -44 -54 -51 0
-42 -48 -50 -44 -54 -52 0
-42 -48 -50 -44 -51 -52 0
-42 -48 -50 -53 -54 -51 0
-42 -48 -50 -53 -54 -52 0
-42 -48 -50 -53 -51 -52 0
-42 -48 -50 -54 -51 -52 0
-42 -48 -43 -44 -53 -54 0
-42 -48 -43 -44 -53 -51 0
-42 -48 -43 -44 -53 -52 0
-42 -48 -43 -44 -54 -51 0
-42 -48 -43 -44 -54 -52 0
-42 -48 -43 -44 -51 -52 0
-42 -48 -43 -53 -54 -51 0
-42 -48 -43 -53 -54 -52 0
-42 -48 -43 -53 -51 -52 0
-42 -48 -43 -54 -51 -52 0
-42 -48 -44 -53 -54 -51 0
-42 -48 -44 -53 -54 -52 0
-42 -48 -44 -53 -51 -52 0
-42 -48 -44 -54 -51 -52 0
-42 -48 -53 -54 -51 -52 0
-42 -49 -50 -43 -44 -53 0
-42 -49 -50 -43 -44 -54 0
-42 -49 -50 -43 -44 -51 0
-42 -49 -50 -43 -44 -52 0
-42 -49 -50 -43 -53 -54 0
-42 -49 -50 -43 -53 -51 0
-42 -49 -50 -43 -53 -52 0
-42 -49 -50 -43 -54 -51 0
-42 -49 -50 -43 -54 -52 0
-42 -49 -50 -43 -51 -52 0
-42 -49 -50 -44 -53 -54 0
-42 -49 -50 -44 -53 -51 0
-42 -49 -50 -44 -53 -52 0
-42 -49 -50 -44 -54 -51 0
-42 -49 -50 -44 -54 -52 0
-42 -49 -50 -44 -51 -52 0
-42 -49 -50 -53 -54 -51 0
-42 -49 -50 -53 -54 -52 0
-42 -49 -50 -53 -51 -52 0
-42 -49 -50 -54 -51 -52 0
-42 -49 -43 -44 -53 -54 0
-42 -49 -43 -44 -53 -51 0
-42 -49 -43 -44 -53 -52 0
-42 -49 -43 -44 -54 -51 0
-42 -49 -43 -44 -54 -52 0
-42 -49 -43 -44 -51 -52 0
-42 -49 -43 -53 -54 -51 0
-42 -49 -43 -53 -54 -52 0
-42 -49 -43 -53 -51 -52 0
-42 -49 -43 -54 -51 -52 0
-42 -49 -44 -53 -54 -51 0
-42 -49 -44 -53 -54 -52 0
-42 -49 -44 -53 -51 -52 0
-42 -49 -44 -54 -51 -52 0
-42 -49 -53 -54 -51 -52 0
-42 -50 -43 -44 -53 -54 0
-42 -50 -43 -44 -53 -51 0
-42 -50 -43 -44 -53 -52 0
-42 -50 -43 -44 -54 -51 0
-42 -50 -43 -44 -54 -52 0
-42 -50 -43 -44 -51 -52 0
-42 -50 -43 -53 -54 -51 0
-42 -50 -43 -53 -54 -52 0
-42 -50 -43 -53 -51 -52 0
-42 -50 -43 -54 -51 -52 0
-42 -50 -44 -53 -54 -51 0
-42 -50 -44 -53 -54 -52 0
-42 -50 -44 -53 -51 -52 0
-42 -50 -44 -54 -51 -52 0
-42 -50 -53 -54 -51 -52 0
-42 -43 -44 -53 -54 -51 0
-42 -43 -44 -53 -54 -52 0
-42 -43 -44 -53 -51 -52 0
-42 -43 -44 -54 -51 -52 0
-42 -43 -53 -54 -51 -52 0
-42 -44 -53 -54 -51 -52 0
-45 -46 -47 -48 -49 -50 0
-45 -46 -47 -48 -49 -43 0
-45 -46 -47 -48 -49 -44 0
-45 -46 -47 -48 -49 -53 0
-45 -46 -47 -48 -49 -54 0
-45 -46 -47 -48 -49 -51 0
-45 -46 -47 -48 -49 -52 0
-45 -46 -47 -48 -50 -43 0
-45 -46 -47 -48 -50 -44 0
-45 -46 -47 -48 -50 -53 0
-45 -46 -47 -48 -50 -54 0
-45 -46 -47 -48 -50 -51 0
-45 -46 -47 -48 -50 -52 0
-45 -46 -47 -48 -43 -44 0
-45 -46 -47 -48 -43 -53 0
-45 -46 -47 -48 -43 -54 0
-45 -46 -47 -48 -43 -51 0
-45 -46 -47 -48 -43 -52 0
-45 -46 -47 -48 -44 -53 0
-45 -46 -47 -48 -44 -54 0
-45 -46 -47 -48 -44 -51 0
-45 -46 -47 -48 -44 -52 0
-45 -46 -47 -48 -53 -54 0
-45 -46 -47 -48 -53 -51 0
-45 -46 -47 -48 -53 -52 0
-45 -46 -47 -48 -54 -51 0
-45 -46 -47 -48 -54 -52 0
-45 -46 -47 -48 -51 -52 0
-45 -46 -47 -49 -50 -43 0
-45 -46 -47 -49 -50 -44 0
-45 -46 -47 -49 -50 -53 0
-45 -46 -47 -49 -50 -54 0
-45 -46 -47 -49 -50 -51 0
-45 -46 -47 -49 -50 -52 0
-45 -46 -47 -49 -43 -44 0
-45 -46 -47 -49 -43 -53 0
-45 -46 -47 -49 -43 -54 0
-45 -46 -47 -49 -43 -51 0
-45 -46 -47 -49 -43 -52 0
-45 -46 -47 -49 -44 -53 0
-45 -46 -47 -49 -44 -54 0
-45 -46 -47 -49 -44 -51 0
-45 -46 -47 -49 -44 -52 0
-45 -46 -47 -49 -53 -54 0
-45 -46 -47 -49 -53 -51 0
-45 -46 -47 -49 -53 -52 0
-45 -46 -47 -49 -54 -51 0
-45 -46 -47 -49 -54 -52 0
-45 -46 -47 -49 -51 -52 0
-45 -46 -47 -50 -43 -44 0
-45 -46 -47 -50 -43 -53 0
-45 -46 -47 -50 -43 -54 0
-45 -46 -47 -50 -43 -51 0
-45 -46 -47 -50 -43 -52 0
-45 -46 -47 -50 -44 -53 0
-45 -46 -47 -50 -44 -54 0
-45 -46 -47 -50 -44 -51 0
-45 -46 -47 -50 -44 -52 0
-45 -46 -47 -50 -53 -54 0
-45 -46 -47 -50 -53 -51 0
-45 -46 -47 -50 -53 -52 0
-45 -46 -47 -50 -54 -51 0
-45 -46 -47 -50 -54 -52 0
-45 -46 -47 -50 -51 -52 0
-45 -46 -47 -43 -44 -53 0
-45 -46 -47 -43 -44 -54 0
-45 -46 -47 -43 -44 -51 0
-45 -46 -47 -43 -44 -52 0
-45 -46 -47 -43 -53 -54 0
-45 -46 -47 -43 -53 -51 0
-45 -46 -47 -43 -53 -52 0
-45 -46 -47 -43 -54 -51 0
-45 -46 -47 -43 -54 -52 0
-45 -46 -47 -43 -51 -52 0
-45 -46 -47 -44 -53 -54 0
-45 -46 -47 -44 -53 -51 0
-45 -46 -47 -44 -53 -52 0
-45 -46 -47 -44 -54 -51 0
-45 -46 -47 -44 -54 -52 0
-45 -46 -47 -44 -51 -52 0
-45 -46 -47 -53 -54 -51 0
-45 -46 -47 -53 -54 -52 0
-45 -46 -47 -53 -51 -52 0
-45 -46 -47 -54 -51 -52 0
-45 -46 -48 -49 -50 -43 0
-45 -46 -48 -49 -50 -44 0
-45 -46 -48 -49 -50 -53 0
-45 -46 -48 -49 -50 -54 0
-45 -46 -48 -49 -50 -51 0
-45 -46 -48 -49 -50 -52 0
-45 -46 -48 -49 -43 -44 0
-45 -46 -48 -49 -43 -53 0
-45 -46 -48 -49 -43 -54 0
-45 -46 -48 -49 -43 -51 0
-45 -46 -48 -49 -43 -52 0
-45 -46 -48 -49 -44 -53 0
-45 -46 -48 -49 -44 -54 0
-45 -46 -48 -49 -44 -51 0
-45 -46 -48 -49 -44 -52 0
-45 -46 -48 -49 -53 -54 0
-45 -46 -48 -49 -53 -51 0
-45 -46 -48 -49 -53 -52 0
-45 -46 -48 -49 -54 -51 0
-45 -46 -48 -49 -54 -52 0
-45 -46 -48 -49 -51 -52 0
-45 -46 -48 -50 -43 -44 0
-45 -46 -48 -50 -43 -53 0
-45 -46 -48 -50 -43 -54 0
-45 -46 -48 -50 -43 -51 0
-45 -46 -48 -50 -43 -52 0
-45 -46 -48 -50 -44 -53 0
-45 -46 -48 -50 -44 -54 0
-45 -46 -48 -50 -44 -51 0
-45 -46 -48 -50 -44 -52 0
-45 -46 -48 -50 -53 -54 0
-45 -46 -48 -50 -53 -51 0
-45 -46 -48 -50 -53 -52 0
-45 -46 -48 -50 -54 -51 0
-45 -46 -48 -50 -54 -52 0
-45 -46 -48 -50 -51 -52 0
-45 -46 -48 -43 -44 -53 0
-45 -46 -48 -43 -44 -54 0
-45 -46 -48 -43 -44 -51 0
-45 -46 -48 -43 -44 -52 0
-45 -46 -48 -43 -53 -54 0
-45 -46 -48 -43 -53 -51 0
-45 -46 -48 -43 -53 -52 0
-45 -46 -48 -43 -54 -51 0
-45 -46 -48 -43 -54 -52 0
-45 -46 -48 -43 -51 -52 0
-45 -46 -48 -44 -53 -54 0
-45 -46 -48 -44 -53 -51 0
-45 -46 -48 -44 -53 -52 0
-45 -46 -48 -44 -54 -51 0
-45 -46 -48 -44 -54 -52 0
-45 -46 -48 -44 -51 -52 0
-45 -46 -48 -53 -54 -51 0
-45 -46 -48 -53 -54 -52 0
-45 -46 -48 -53 -51 -52 0
-45 -46 -48 -54 -51 -52 0
-45 -46 -49 -50 -43 -44 0
-45 -46 -49 -50 -43 -53 0
-45 -46 -49 -50 -43 -54 0
-45 -46 -49 -50 -43 -51 0
-45 -46 -49 -50 -43 -52 0
-45 -46 -49 -50 -44 -53 0
-45 -46 -49 -50 -44 -54 0
-45 -46 -49 -50 -44 -51 0
-45 -46 -49 -50 -44 -52 0
-45 -46 -49 -50 -53 -54 0
-45 -46 -49 -50 -53 -51 0
-45 -46 -49 -50 -53 -52 0
-45 -46 -49 -50 -54 -51 0
-45 -46 -49 -50 -54 -52 0
-45 -46 -49 -50 -51 -52 0
-45 -46 -49 -43 -44 -53 0
-45 -46 -49 -43 -44 -54 0
-45 -46 -49 -43 -44 -51 0
-45 -46 -49 -43 -44 -52 0
-45 -46 -49 -43 -53 -54 0
-45 -46 -49 -43 -53 -51 0
-45 -46 -49 -43 -53 -52 0
-45 -46 -49 -43 -54 -51 0
-45 -46 -49 -43 -54 -52 0
-45 -46 -49 -43 -51 -52 0
-45 -46 -49 -44 -53 -54 0
-45 -46 -49 -44 -53 -51 0
-45 -46 -49 -44 -53 -52 0
-45 -46 -49 -44 -54 -51 0
-45 -46 -49 -44 -54 -52 0
-45 -46 -49 -44 -51 -52 0
-45 -46 -49 -53 -54 -51 0
-45 -46 -49 -53 -54 -52 0
-45 -46 -49 -53 -51 -52 0
-45 -46 -49 -54 -51 -52 0
-45 -46 -50 -43 -44 -53 0
-45 -46 -50 -43 -44 -54 0
-45 -46 -50 -43 -44 -51 0
-45 -46 -50 -43 -44 -52 0
-45 -46 -50 -43 -53 -54 0
-45 -46 -50 -43 -53 -51 0
-45 -46 -50 -43 -53 -52 0
-45 -46 -50 -43 -54 -51 0
-45 -46 -50 -43 -54 -52 0
-45 -46 -50 -43 -51 -52 0
-45 -46 -50 -44 -53 -54 0
-45 -46 -50 -44 -53 -51 0
-45 -46 -50 -44 -53 -52 0
-45 -46 -50 -44 -54 -51 0
-45 -46 -50 -44 -54 -52 0
-45 -46 -50 -44 -51 -52 0
-45 -46 -50 -53 -54 -51 0
-45 -46 -50 -53 -54 -52 0
-45 -46 -50 -53 -51 -52 0
-45 -46 -50 -54 -51 -52 0
-45 -46 -43 -44 -53 -54 0
-45 -46 -43 -44 -53 -51 0
-45 -46 -43 -44 -53 -52 0
-45 -46 -43 -44 -54 -51 0
-45 -46 -43 -44 -54 -52 0
-45 -46 -43 -44 -51 -52 0
-45 -46 -43 -53 -54 -51 0
-45 -46 -43 -53 -54 -52 0
-45 -46 -43 -53 -51 -52 0
-45 -46 -43 -54 -51 -52 0
-45 -46 -44 -53 -54 -51 0
-45 -46 -44 -53 -54 -52 0
-45 -46 -44 -53 -51 -52 0
-45 -46 -44 -54 -51 -52 0
-45 -46 -53 -54 -51 -52 0
-45 -47 -48 -49 -50 -43 0
-45 -47 -48 -49 -50 -44 0
-45 -47 -48 -49 -50 -53 0
-45 -47 -48 -49 -50 -54 0
-45 -47 -48 -49 -50 -51 0
-45 -47 -48 -49 -50 -52 0
-45 -47 -48 -49 -43 -44 0
-45 -47 -48 -49 -43 -53 0
-45 -47 -48 -49 -43 -54 0
-45 -47 -48 -49 -43 -51 0
-45 -47 -48 -49 -43 -52 0
-45 -47 -48 -49 -44 -53 0
-45 -47 -48 -49 -44 -54 0
-45 -47 -48 -49 -44 -51 0
-45 -47 -48 -49 -44 -52 0
-45 -47 -48 -49 -53 -54 0
-45 -47 -48 -49 -53 -51 0
-45 -47 -48 -49 -53 -52 0
-45 -47 -48 -49 -54 -51 0
-45 -47 -48 -49 -54 -52 0
-45 -47 -48 -49 -51 -52 0
-45 -47 -48 -50 -43 -44 0
-45 -47 -48 -50 -43 -53 0
-45 -47 -48 -50 -43 -54 0
-45 -47 -48 -50 -43 -51 0
-45 -47 -48 -50 -43 -52 0
-45 -47 -48 -50 -44 -53 0
-45 -47 -48 -50 -44 -54 0
-45 -47 -48 -50 -44 -51 0
-45 -47 -48 -50 -44 -52 0
-45 -47 -48 -50 -53 -54 0
-45 -47 -48 -50 -53 -51 0
-45 -47 -48 -50 -53 -52 0
-45 -47 -48 -50 -54 -51 0
-45 -47 -48 -50 -54 -52 0
-45 -47 -48 -50 -51 -52 0
-45 -47 -48 -43 -44 -53 0
-45 -47 -48 -43 -44 -54 0
-45 -47 -48 -43 -44 -51 0
-45 -47 -48 -43 -44 -52 0
-45 -47 -48 -43 -53 -54 0
-45 -47 -48 -43 -53 -51 0
-45 -47 -48 -43 -53 -52 0
-45 -47 -48 -43 -54 -51 0
-45 -47 -48 -43 -54 -52 0
-45 -47 -48 -43 -51 -52 0
-45 -47 -48 -44 -53 -54 0
-45 -47 -48 -44 -53 -51 0
-45 -47 -48 -44 -53 -52 0
-45 -47 -48 -44 -54 -51 0
-45 -47 -48 -44 -54 -52 0
-45 -47 -48 -44 -51 -52 0
-45 -47 -48 -53 -54 -51 0
-45 -47 -48 -53 -54 -52 0
-45 -47 -48 -53 -51 -52 0
-45 -47 -48 -54 -51 -52 0
-45 -47 -49 -50 -43 -44 0
-45 -47 -49 -50 -43 -53 0
-45 -47 -49 -50 -43 -54 0
-45 -47 -49 -50 -43 -51 0
-45 -47 -49 -50 -43 -52 0
-45 -47 -49 -50 -44 -53 0
-45 -47 -49 -50 -44 -54 0
-45 -47 -49 -50 -44 -51 0
-45 -47 -49 -50 -44 -52 0
-45 -47 -49 -50 -53 -54 0
-45 -47 -49 -50 -53 -51 0
-45 -47 -49 -50 -53 -52 0
-45 -47 -49 -50 -54 -51 0
-45 -47 -49 -50 -54 -52 0
-45 -47 -49 -50 -51 -52 0
-45 -47 -49 -43 -44 -53 0
-45 -47 -49 -43 -44 -54 0
-45 -47 -49 -43 -44 -51 0
-45 -47 -49 -43 -44 -52 0
-45 -47 -49 -43 -53 -54 0
-45 -47 -49 -43 -53 -51 0
-45 -47 -49 -43 -53 -52 0
-45 -47 -49 -43 -54 -51 0
-45 -47 -49 -43 -54 -52 0
-45 -47 -49 -43 -51 -52 0
-45 -47 -49 -44 -53 -54 0
-45 -47 -49 -44 -53 -51 0
-45 -47 -49 -44 -53 -52 0
-45 -47 -49 -44 -54 -51 0
-45 -47 -49 -44 -54 -52 0
-45 -47 -49 -44 -51 -52 0
-45 -47 -49 -53 -54 -51 0
-45 -47 -49 -53 -54 -52 0
-45 -47 -49 -53 -51 -52 0
-45 -47 -49 -54 -51 -52 0
-45 -47 -50 -43 -44 -53 0
-45 -47 -50 -43 -44 -54 0
-45 -47 -50 -43 -44 -51 0
-45 -47 -50 -43 -44 -52 0
-45 -47 -50 -43 -53 -54 0
-45 -47 -50 -43 -53 -51 0
-45 -47 -50 -43 -53 -52 0
-45 -47 -50 -43 -54 -51 0
-45 -47 -50 -43 -54 -52 0
-45 -47 -50 -43 -51 -52 0
-45 -47 -50 -44 -53 -54 0
-45 -47 -50 -44 -53 -51 0
-45 -47 -50 -44 -53 -52 0
-45 -47 -50 -44 -54 -51 0
-45 -47 -50 -44 -54 -52 0
-45 -47 -50 -44 -51 -52 0
-45 -47 -50 -53 -54 -51 0
-45 -47 -50 -53 -54 -52 0
-45 -47 -50 -53 -51 -52 0
-45 -47 -50 -54 -51 -52 0
-45 -47 -43 -44 -53 -54 0
-45 -47 -43 -44 -53 -51 0
-45 -47 -43 -44 -53 -52 0
-45 -47 -43 -44 -54 -51 0
-45 -47 -43 -44 -54 -52 0
-45 -47 -43 -44 -51 -52 0
-45 -47 -43 -53 -54 -51 0
-45 -47 -43 -53 -54 -52 0
-45 -47 -43 -53 -51 -52 0
-45 -47 -43 -54 -51 -52 0
-45 -47 -44 -53 -54 -51 0
-45 -47 -44 -53 -54 -52 0
-45 -47 -44 -53 -51 -52 0
-45 -47 -44 -54 -51 -52 0
-45 -47 -53 -54 -51 -52 0
-45 -48 -49 -50 -43 -44 0
-45 -48 -49 -50 -43 -53 0
-45 -48 -49 -50 -43 -54 0
-45 -48 -49 -50 -43 -51 0
-45 -48 -49 -50 -43 -52 0
-45 -48 -49 -50 -44 -53 0
-45 -48 -49 -50 -44 -54 0
-45 -48 -49 -50 -44 -51 0
-45 -48 -49 -50 -44 -52 0
-45 -48 -49 -50 -53 -54 0
-45 -48 -49 -50 -53 -51 0
-45 -48 -49 -50 -53 -52 0
-45 -48 -49 -50 -54 -51 0
-45 -48 -49 -50 -54 -52 0
-45 -48 -49 -50 -51 -52 0
-45 -48 -49 -43 -44 -53 0
-45 -48 -49 -43 -44 -54 0
-45 -48 -49 -43 -44 -51 0
-45 -48 -49 -43 -44 -52 0
-45 -48 -49 -43 -53 -54 0
-45 -48 -49 -43 -53 -51 0
-45 -48 -49 -43 -53 -52 0
-45 -48 -49 -43 -54 -51 0
-45 -48 -49 -43 -54 -52 0
-45 -48 -49 -43 -51 -52 0
-45 -48 -49 -44 -53 -54 0
-45 -48 -49 -44 -53 -51 0
-45 -48 -49 -44 -53 -52 0
-45 -48 -49 -44 -54 -51 0
-45 -48 -49 -44 -54 -52 0
-45 -48 -49 -44 -51 -52 0
-45 -48 -49 -53 -54 -51 0
-45 -48 -49 -53 -54 -52 0
-45 -48 -49 -53 -51 -52 0
-45 -48 -49 -54 -51 -52 0
-45 -48 -50 -43 -44 -53 0
-45 -48 -50 -43 -44 -54 0
-45 -48 -50 -43 -44 -51 0
-45 -48 -50 -43 -44 -52 0
-45 -48 -50 -43 -53 -54 0
-45 -48 -50 -43 -53 -51 0
-45 -48 -50 -43 -53 -52 0
-45 -48 -50 -43 -54 -51 0
-45 -48 -50 -43 -54 -52 0
-45 -48 -50 -43 -51 -52 0
-45 -48 -50 -44 -53 -54 0
-45 -48 -50 -44 -53 -51 0
-45 -48 -50 -44 -53 -52 0
-45 -48 -50 -44 -54 -51 0
-45 -48 -50 -44 -54 -52 0
-45 -48 -50 -44 -51 -52 0
-45 -48 -50 -53 -54 -51 0
-45 -48 -50 -53 -54 -52 0
-45 -48 -50 -53 -51 -52 0
-45 -48 -50 -54 -51 -52 0
-45 -48 -43 -44 -53 -54 0
-45 -48 -43 -44 -53 -51 0
-45 -48 -43 -44 -53 -52 0
-45 -48 -43 -44 -54 -51 0
-45 -48 -43 -44 -54 -52 0
-45 -48 -43 -44 -51 -52 0
-45 -48 -43 -53 -54 -51 0
-45 -48 -43 -53 -54 -52 0
-45 -48 -43 -53 -51 -52 0
-45 -48 -43 -54 -51 -52 0
-45 -48 -44 -53 -54 -51 0
-45 -48 -44 -53 -54 -52 0
-45 -48 -44 -53 -51 -52 0
-45 -48 -44 -54 -51 -52 0
-45 -48 -53 -54 -51 -52 0
-45 -49 -50 -43 -44 -53 0
-45 -49 -50 -43 -44 -54 0
-45 -49 -50 -43 -44 -51 0
-45 -49 -50 -43 -44 -52 0
-45 -49 -50 -43 -53 -54 0
-45 -49 -50 -43 -53 -51 0
-45 -49 -50 -43 -53 -52 0
-45 -49 -50 -43 -54 -51 0
-45 -49 -50 -43 -54 -52 0
-45 -49 -50 -43 -51 -52 0
-45 -49 -50 -44 -53 -54 0
-45 -49 -50 -44 -53 -51 0
-45 -49 -50 -44 -53 -52 0
-45 -49 -50 -44 -54 -51 0
-45 -49 -50 -44 -54 -52 0
-45 -49 -50 -44 -51 -52 0
-45 -49 -50 -53 -54 -51 0
-45 -49 -50 -53 -54 -52 0
-45 -49 -50 -53 -51 -52 0
-45 -49 -50 -54 -51 -52 0
-45 -49 -43 -44 -53 -54 0
-45 -49 -43 -44 -53 -51 0
-45 -49 -43 -44 -53 -52 0
-45 -49 -43 -44 -54 -51 0
-45 -49 -43 -44 -54 -52 0
-45 -49 -43 -44 -51 -52 0
-45 -49 -43 -53 -54 -51 0
-45 -49 -43 -53 -54 -52 0
-45 -49 -43 -53 -51 -52 0
-45 -49 -43 -54 -51 -52 0
-45 -49 -44 -53 -54 -51 0
-45 -49 -44 -53 -54 -52 0
-45 -49 -44 -53 -51 -52 0
-45 -49 -44 -54 -51 -52 0
-45 -49 -53 -54 -51 -52 0
-45 -50 -43 -44 -53 -54 0
-45 -50 -43 -44 -53 -51 0
-45 -50 -43 -44 -53 -52 0
-45 -50 -43 -44 -54 -51 0
-45 -50 -43 -44 -54 -52 0
-45 -50 -43 -44 -51 -52 0
-45 -50 -43 -53 -54 -51 0
-45 -50 -43 -53 -54 -52 0
-45 -50 -43 -53 -51 -52 0
-45 -50 -43 -54 -51 -52 0
-45 -50 -44 -53 -54 -51 0
-45 -50 -44 -53 -54 -52 0
-45 -50 -44 -53 -51 -52 0
-45 -50 -44 -54 -51 -52 0
-45 -50 -53 -54 -51 -52 0
-45 -43 -44 -53 -54 -51 0
-45 -43 -44 -53 -54 -52 0
-45 -43 -44 -53 -51 -52 0
-45 -43 -44 -54 -51 -52 0
-45 -43 -53 -54 -51 -52 0
-45 -44 -53 -54 -51 -52 0
-46 -47 -48 -49 -50 -43 0
-46 -47 -48 -49 -50 -44 0
-46 -47 -48 -49 -50 -53 0
-46 -47 -48 -49 -50 -54 0
-46 -47 -48 -49 -50 -51 0
-46 -47 -48 -49 -50 -52 0
-46 -47 -48 -49 -43 -44 0
-46 -47 -48 -49 -43 -53 0
-46 -47 -48 -49 -43 -54 0
-46 -47 -48 -49 -43 -51 0
-46 -47 -48 -49 -43 -52 0
-46 -47 -48 -49 -44 -53 0
-46 -47 -48 -49 -44 -54 0
-46 -47 -48 -49 -44 -51 0
-46 -47 -48 -49 -44 -52 0
-46 -47 -48 -49 -53 -54 0
-46 -47 -48 -49 -53 -51 0
-46 -47 -48 -49 -53 -52 0
-46 -47 -48 -49 -54 -51 0
-46 -47 -48 -49 -54 -52 0
-46 -47 -48 -49 -51 -52 0
-46 -47 -48 -50 -43 -44 0
-46 -47 -48 -50 -43 -53 0
-46 -47 -48 -50 -43 -54 0
-46 -47 -48 -50 -43 -51 0
-46 -47 -48 -50 -43 -52 0
-46 -47 -48 -50 -44 -53 0
-46 -47 -48 -50 -44 -54 0
-46 -47 -48 -50 -44 -51 0
-46 -47 -48 -50 -44 -52 0
-46 -47 -48 -50 -53 -54 0
-46 -47 -48 -50 -53 -51 0
-46 -47 -48 -50 -53 -52 0
-46 -47 -48 -50 -54 -51 0
-46 -47 -48 -50 -54 -52 0
-46 -47 -48 -50 -51 -52 0
-46 -47 -48 -43 -44 -53 0
-46 -47 -48 -43 -44 -54 0
-46 -47 -48 -43 -44 -51 0
-46 -47 -48 -43 -44 -52 0
-46 -47 -48 -43 -53 -54 0
-46 -47 -48 -43 -53 -51 0
-46 -47 -48 -43 -53 -52 0
-46 -47 -48 -43 -54 -51 0
-46 -47 -48 -43 -54 -52 0
-46 -47 -48 -43 -51 -52 0
-46 -47 -48 -44 -53 -54 0
-46 -47 -48 -44 -53 -51 0
-46 -47 -48 -44 -53 -52 0
-46 -47 -48 -44 -54 -51 0
-46 -47 -48 -44 -54 -52 0
-46 -47 -48 -44 -51 -52 0
-46 -47 -48 -53 -54 -51 0
-46 -47 -48 -53 -54 -52 0
-46 -47 -48 -53 -51 -52 0
-46 -47 -48 -54 -51 -52 0
-46 -47 -49 -50 -43 -44 0
-46 -47 -49 -50 -43 -53 0
-46 -47 -49 -50 -43 -54 0
-46 -47 -49 -50 -43 -51 0
-46 -47 -49 -50 -43 -52 0
-46 -47 -49 -50 -44 -53 0
-46 -47 -49 -50 -44 -54 0
-46 -47 -49 -50 -44 -51 0
-46 -47 -49 -50 -44 -52 0
-46 -47 -49 -50 -53 -54 0
-46 -47 -49 -50 -53 -51 0
-46 -47 -49 -50 -53 -52 0
-46 -47 -49 -50 -54 -51 0
-46 -47 -49 -50 -54 -52 0
-46 -47 -49 -50 -51 -52 0
-46 -47 -49 -43 -44 -53 0
-46 -47 -49 -43 -44 -54 0
-46 -47 -49 -43 -44 -51 0
-46 -47 -49 -43 -44 -52 0
-46 -47 -49 -43 -53 -54 0
-46 -47 -49 -43 -53 -51 0
-46 -47 -49 -43 -53 -52 0
-46 -47 -49 -43 -54 -51 0
-46 -47 -49 -43 -54 -52 0
-46 -47 -49 -43 -51 -52 0
-46 -47 -49 -44 -53 -54 0
-46 -47 -49 -44 -53 -51 0
-46 -47 -49 -44 -53 -52 0
-46 -47 -49 -44 -54 -51 0
-46 -47 -49 -44 -54 -52 0
-46 -47 -49 -44 -51 -52 0
-46 -47 -49 -53 -54 -51 0
-46 -47 -49 -53 -54 -52 0
-46 -47 -49 -53 -51 -52 0
-46 -47 -49 -54 -51 -52 0
-46 -47 -50 -43 -44 -53 0
-46 -47 -50 -43 -44 -54 0
-46 -47 -50 -43 -44 -51 0
-46 -47 -50 -43 -44 -52 0
-46 -47 -50 -43 -53 -54 0
-46 -47 -50 -43 -53 -51 0
-46 -47 -50 -43 -53 -52 0
-46 -47 -50 -43 -54 -51 0
-46 -47 -50 -43 -54 -52 0
-46 -47 -50 -43 -51 -52 0
-46 -47 -50 -44 -53 -54 0
-46 -47 -50 -44 -53 -51 0
-46 -47 -50 -44 -53 -52 0
-46 -47 -50 -44 -54 -51 0
-46 -47 -50 -44 -54 -52 0
-46 -47 -50 -44 -51 -52 0
-46 -47 -50 -53 -54 -51 0
-46 -47 -50 -53 -54 -52 0
-46 -47 -50 -53 -51 -52 0
-46 -47 -50 -54 -51 -52 0
-46 -47 -43 -44 -53 -54 0
-46 -47 -43 -44 -53 -51 0
-46 -47 -43 -44 -53 -52 0
-46 -47 -43 -44 -54 -51 0
-46 -47 -43 -44 -54 -52 0
-46 -47 -43 -44 -51 -52 0
-46 -47 -43 -53 -54 -51 0
-46 -47 -43 -53 -54 -52 0
-46 -47 -43 -53 -51 -52 0
-46 -47 -43 -54 -51 -52 0
-46 -47 -44 -53 -54 -51 0
-46 -47 -44 -53 -54 -52 0
-46 -47 -44 -53 -51 -52 0
-46 -47 -44 -54 -51 -52 0
-46 -47 -53 -54 -51 -52 0
-46 -48 -49 -50 -43 -44 0
-46 -48 -49 -50 -43 -53 0
-46 -48 -49 -50 -43 -54 0
-46 -48 -49 -50 -43 -51 0
-46 -48 -49 -50 -43 -52 0
-46 -48 -49 -50 -44 -53 0
-46 -48 -49 -50 -44 -54 0
-46 -48 -49 -50 -44 -51 0
-46 -48 -49 -50 -44 -52 0
-46 -48 -49 -50 -53 -54 0
-46 -48 -49 -50 -53 -51 0
-46 -48 -49 -50 -53 -52 0
-46 -48 -49 -50 -54 -51 0
-46 -48 -49 -50 -54 -52 0
-46 -48 -49 -50 -51 -52 0
-46 -48 -49 -43 -44 -53 0
-46 -48 -49 -43 -44 -54 0
-46 -48 -49 -43 -44 -51 0
-46 -48 -49 -43 -44 -52 0
-46 -48 -49 -43 -53 -54 0
-46 -48 -49 -43 -53 -51 0
-46 -48 -49 -43 -53 -52 0
-46 -48 -49 -43 -54 -51 0
-46 -48 -49 -43 -54 -52 0
-46 -48 -49 -43 -51 -52 0
-46 -48 -49 -44 -53 -54 0
-46 -48 -49 -44 -53 -51 0
-46 -48 -49 -44 -53 -52 0
-46 -48 -49 -44 -54 -51 0
-46 -48 -49 -44 -54 -52 0
-46 -48 -49 -44 -51 -52 0
-46 -48 -49 -53 -54 -51 0
-46 -48 -49 -53 -54 -52 0
-46 -48 -49 -53 -51 -52 0
-46 -48 -49 -54 -51 -52 0
-46 -48 -50 -43 -44 -53 0
-46 -48 -50 -43 -44 -54 0
-46 -48 -50 -43 -44 -51 0
-46 -48 -50 -43 -44 -52 0
-46 -48 -50 -43 -53 -54 0
-46 -48 -50 -43 -53 -51 0
-46 -48 -50 -43 -53 -52 0
-46 -48 -50 -43 -54 -51 0
-46 -48 -50 -43 -54 -52 0
-46 -48 -50 -43 -51 -52 0
-46 -48 -50 -44 -53 -54 0
-46 -48 -50 -44 -53 -51 0
-46 -48 -50 -44 -53 -52 0
-46 -48 -50 -44 -54 -51 0
-46 -48 -50 -44 -54 -52 0
-46 -48 -50 -44 -51 -52 0
-46 -48 -50 -53 -54 -51 0
-46 -48 -50 -53 -54 -52 0
-46 -48 -50 -53 -51 -52 0
-46 -48 -50 -54 -51 -52 0
-46 -48 -43 -44 -53 -54 0
-46 -48 -43 -44 -53 -51 0
-46 -48 -43 -44 -53 -52 0
-46 -48 -43 -44 -54 -51 0
-46 -48 -43 -44 -54 -52 0
-46 -48 -43 -44 -51 -52 0
-46 -48 -43 -53 -54 -51 0
-46 -48 -43 -53 -54 -52 0
-46 -48 -43 -53 -51 -52 0
-46 -48 -43 -54 -51 -52 0
-46 -48 -44 -53 -54 -51 0
-46 -48 -44 -53 -54 -52 0
-46 -48 -44 -53 -51 -52 0
-46 -48 -44 -54 -51 -52 0
-46 -48 -53 -54 -51 -52 0
-46 -49 -50 -43 -44 -53 0
-46 -49 -50 -43 -44 -54 0
-46 -49 -50 -43 -44 -51 0
-46 -49 -50 -43 -44 -52 0
-46 -49 -50 -43 -53 -54 0
-46 -49 -50 -43 -53 -51 0
-46 -49 -50 -43 -53 -52 0
-46 -49 -50 -43 -54 -51 0
-46 -49 -50 -43 -54 -52 0
-46 -49 -50 -43 -51 -52 0
-46 -49 -50 -44 -53 -54 0
-46 -49 -50 -44 -53 -51 0
-46 -49 -50 -44 -53 -52 0
-46 -49 -50 -44 -54 -51 0
-46 -49 -50 -44 -54 -52 0
-46 -49 -50 -44 -51 -52 0
-46 -49 -50 -53 -54 -51 0
-46 -49 -50 -53 -54 -52 0
-46 -49 -50 -53 -51 -52 0
-46 -49 -50 -54 -51 -52 0
-46 -49 -43 -44 -53 -54 0
-46 -49 -43 -44 -53 -51 0
-46 -49 -43 -44 -53 -52 0
-46 -49 -43 -44 -54 -51 0
-46 -49 -43 -44 -54 -52 0
-46 -49 -43 -44 -51 -52 0
-46 -49 -43 -53 -54 -51 0
-46 -49 -43 -53 -54 -52 0
-46 -49 -43 -53 -51 -52 0
-46 -49 -43 -54 -51 -52 0
-46 -49 -44 -53 -54 -51 0
-46 -49 -44 -53 -54 -52 0
-46 -49 -44 -53 -51 -52 0
-46 -49 -44 -54 -51 -52 0
-46 -49 -53 -54 -51 -52 0
-46 -50 -43 -44 -53 -54 0
-46 -50 -43 -44 -53 -51 0
-46 -50 -43 -44 -53 -52 0
-46 -50 -43 -44 -54 -51 0
-46 -50 -43 -44 -54 -52 0
-46 -50 -43 -44 -51 -52 0
-46 -50 -43 -53 -54 -51 0
-46 -50 -43 -53 -54 -52 0
-46 -50 -43 -53 -51 -52 0
-46 -50 -43 -54 -51 -52 0
-46 -50 -44 -53 -54 -51 0
-46 -50 -44 -53 -54 -52 0
-46 -50 -44 -53 -51 -52 0
-46 -50 -44 -54 -51 -52 0
-46 -50 -53 -54 -51 -52 0
-46 -43 -44 -53 -54 -51 0
-46 -43 -44 -53 -54 -52 0
-46 -43 -44 -53 -51 -52 0
-46 -43 -44 -54 -51 -52 0
-46 -43 -53 -54 -51 -52 0
-46 -44 -53 -54 -51 -52 0
-47 -48 -49 -50 -43 -44 0
-47 -48 -49 -50 -43 -53 0
-47 -48 -49 -50 -43 -54 0
-47 -48 -49 -50 -43 -51 0
-47 -48 -49 -50 -43 -52 0
-47 -48 -49 -50 -44 -53 0
-47 -48 -49 -50 -44 -54 0
-47 -48 -49 -50 -44 -51 0
-47 -48 -49 -50 -44 -52 0
-47 -48 -49 -50 -53 -54 0
-47 -48 -49 -50 -53 -51 0
-47 -48 -49 -50 -53 -52 0
-47 -48 -49 -50 -54 -51 0
-47 -48 -49 -50 -54 -52 0
-47 -48 -49 -50 -51 -52 0
-47 -48 -49 -43 -44 -53 0
-47 -48 -49 -43 -44 -54 0
-47 -48 -49 -43 -44 -51 0
-47 -48 -49 -43 -44 -52 0
-47 -48 -49 -43 -53 -54 0
-47 -48 -49 -43 -53 -51 0
-47 -48 -49 -43 -53 -52 0
-47 -48 -49 -43 -54 -51 0
-47 -48 -49 -43 -54 -52 0
-47 -48 -49 -43 -51 -52 0
-47 -48 -49 -44 -53 -54 0
-47 -48 -49 -44 -53 -51 0
-47 -48 -49 -44 -53 -52 0
-47 -48 -49 -44 -54 -51 0
-47 -48 -49 -44 -54 -52 0
-47 -48 -49 -44 -51 -52 0
-47 -48 -49 -53 -54 -51 0
-47 -48 -49 -53 -54 -52 0
-47 -48 -49 -53 -51 -52 0
-47 -48 -49 -54 -51 -52 0
-47 -48 -50 -43 -44 -53 0
-47 -48 -50 -43 -44 -54 0
-47 -48 -50 -43 -44 -51 0
-47 -48 -50 -43 -44 -52 0
-47 -48 -50 -43 -53 -54 0
-47 -48 -50 -43 -53 -51 0
-47 -48 -50 -43 -53 -52 0
-47 -48 -50 -43 -54 -51 0
-47 -48 -50 -43 -54 -52 0
-47 -48 -50 -43 -51 -52 0
-47 -48 -50 -44 -53 -54 0
-47 -48 -50 -44 -53 -51 0
-47 -48 -50 -44 -53 -52 0
-47 -48 -50 -44 -54 -51 0
-47 -48 -50 -44 -54 -52 0
-47 -48 -50 -44 -51 -52 0
-47 -48 -50 -53 -54 -51 0
-47 -48 -50 -53 -54 -52 0
-47 -48 -50 -53 -51 -52 0
-47 -48 -50 -54 -51 -52 0
-47 -48 -43 -44 -53 -54 0
-47 -48 -43 -44 -53 -51 0
-47 -48 -43 -44 -53 -52 0
-47 -48 -43 -44 -54 -51 0
-47 -48 -43 -44 -54 -52 0
-47 -48 -43 -44 -51 -52 0
-47 -48 -43 -53 -54 -51 0
-47 -48 -43 -53 -54 -52 0
-47 -48 -43 -53 -51 -52 0
-47 -48 -43 -54 -51 -52 0
-47 -48 -44 -53 -54 -51 0
-47 -48 -44 -53 -54 -52 0
-47 -48 -44 -53 -51 -52 0
-47 -48 -44 -54 -51 -52 0
-47 -48 -53 -54 -51 -52 0
-47 -49 -50 -43 -44 -53 0
-47 -49 -50 -43 -44 -54 0
-47 -49 -50 -43 -44 -51 0
-47 -49 -50 -43 -44 -52 0
-47 -49 -50 -43 -53 -54 0
-47 -49 -50 -43 -53 -51 0
-47 -49 -50 -43 -53 -52 0
-47 -49 -50 -43 -54 -51 0
-47 -49 -50 -43 -54 -52 0
-47 -49 -50 -43 -51 -52 0
-47 -49 -50 -44 -53 -54 0
-47 -49 -50 -44 -53 -51 0
-47 -49 -50 -44 -53 -52 0
-47 -49 -50 -44 -54 -51 0
-47 -49 -50 -44 -54 -52 0
-47 -49 -50 -44 -51 -52 0
-47 -49 -50 -53 -54 -51 0
-47 -49 -50 -53 -54 -52 0
-47 -49 -50 -53 -51 -52 0
-47 -49 -50 -54 -51 -52 0
-47 -49 -43 -44 -53 -54 0
-47 -49 -43 -44 -53 -51 0
-47 -49 -43 -44 -53 -52 0
-47 -49 -43 -44 -54 -51 0
-47 -49 -43 -44 -54 -52 0
-47 -49 -43 -44 -51 -52 0
-47 -49 -43 -53 -54 -51 0
-47 -49 -43 -53 -54 -52 0
-47 -49 -43 -53 -51 -52 0
-47 -49 -43 -54 -51 -52 0
-47 -49 -44 -53 -54 -51 0
-47 -49 -44 -53 -54 -52 0
-47 -49 -44 -53 -51 -52 0
-47 -49 -44 -54 -51 -52 0
-47 -49 -53 -54 -51 -52 0
-47 -50 -43 -44 -53 -54 0
-47 -50 -43 -44 -53 -51 0
-47 -50 -43 -44 -53 -52 0
-47 -50 -43 -44 -54 -51 0
-47 -50 -43 -44 -54 -52 0
-47 -50 -43 -44 -51 -52 0
-47 -50 -43 -53 -54 -51 0
-47 -50 -43 -53 -54 -52 0
-47 -50 -43 -53 -51 -52 0
-47 -50 -43 -54 -51 -52 0
-47 -50 -44 -53 -54 -51 0
-47 -50 -44 -53 -54 -52 0
-47 -50 -44 -53 -51 -52 0
-47 -50 -44 -54 -51 -52 0
-47 -50 -53 -54 -51 -52 0
-47 -43 -44 -53 -54 -51 0
-47 -43 -44 -53 -54 -52 0
-47 -43 -44 -53 -51 -52 0
-47 -43 -44 -54 -51 -52 0
-47 -43 -53 -54 -51 -52 0
-47 -44 -53 -54 -51 -52 0
-48 -49 -50 -43 -44 -53 0
-48 -49 -50 -43 -44 -54 0
-48 -49 -50 -43 -44 -51 0
-48 -49 -50 -43 -44 -52 0
-48 -49 -50 -43 -53 -54 0
-48 -49 -50 -43 -53 -51 0
-48 -49 -50 -43 -53 -52 0
-48 -49 -50 -43 -54 -51 0
-48 -49 -50 -43 -54 -52 0
-48 -49 -50 -43 -51 -52 0
-48 -49 -50 -44 -53 -54 0
-48 -49 -50 -44 -53 -51 0
-48 -49 -50 -44 -53 -52 0
-48 -49 -50 -44 -54 -51 0
-48 -49 -50 -44 -54 -52 0
-48 -49 -50 -44 -51 -52 0
-48 -49 -50 -53 -54 -51 0
-48 -49 -50 -53 -54 -52 0
-48 -49 -50 -53 -51 -52 0
-48 -49 -50 -54 -51 -52 0
-48 -49 -43 -44 -53 -54 0
-48 -49 -43 -44 -53 -51 0
-48 -49 -43 -44 -53 -52 0
-48 -49 -43 -44 -54 -51 0
-48 -49 -43 -44 -54 -52 0
-48 -49 -43 -44 -51 -52 0
-48 -49 -43 -53 -54 -51 0
-48 -49 -43 -53 -54 -52 0
-48 -49 -43 -53 -51 -52 0
-48 -49 -43 -54 -51 -52 0
-48 -49 -44 -53 -54 -51 0
-48 -49 -44 -53 -54 -52 0
-48 -49 -44 -53 -51 -52 0
-48 -49 -44 -54 -51 -52 0
-48 -49 -53 -54 -51 -52 0
-48 -50 -43 -44 -53 -54 0
-48 -50 -43 -44 -53 -51 0
-48 -50 -43 -44 -53 -52 0
-48 -50 -43 -44 -54 -51 0
-48 -50 -43 -44 -54 -52 0
-48 -50 -43 -44 -51 -52 0
-48 -50 -43 -53 -54 -51 0
-48 -50 -43 -53 -54 -52 0
-48 -50 -43 -53 -51 -52 0
-48 -50 -43 -54 -51 -52 0
-48 -50 -44 -53 -54 -51 0
-48 -50 -44 -53 -54 -52 0
-48 -50 -44 -53 -51 -52 0
-48 -50 -44 -54 -51 -52 0
-48 -50 -53 -54 -51 -52 0
-48 -43 -44 -53 -54 -51 0
-48 -43 -44 -53 -54 -52 0
-48 -43 -44 -53 -51 -52 0
-48 -43 -44 -54 -51 -52 0
-48 -43 -53 -54 -51 -52 0
-48 -44 -53 -54 -51 -52 0
-49 -50 -43 -44 -53 -54 0
-49 -50 -43 -44 -53 -51 0
-49 -50 -43 -44 -53 -52 0
-49 -50 -43 -44 -54 -51 0
-49 -50 -43 -44 -54 -52 0
-49 -50 -43 -44 -51 -52 0
-49 -50 -43 -53 -54 -51 0
-49 -50 -43 -53 -54 -52 0
-49 -50 -43 -53 -51 -52 0
-49 -50 -43 -54 -51 -52 0
-49 -50 -44 -53 -54 -51 0
-49 -50 -44 -53 -54 -52 0
-49 -50 -44 -53 -51 -52 0
-49 -50 -44 -54 -51 -52 0
-49 -50 -53 -54 -51 -52 0
-49 -43 -44 -53 -54 -51 0
-49 -43 -44 -53 -54 -52 0
-49 -43 -44 -53 -51 -52 0
-49 -43 -44 -54 -51 -52 0
-49 -43 -53 -54 -51 -52 0
-49 -44 -53 -54 -51 -52 0
-50 -43 -44 -53 -54 -51 0
-50 -43 -44 -53 -54 -52 0
-50 -43 -44 -53 -51 -52 0
-50 -43 -44 -54 -51 -52 0
-50 -43 -53 -54 -51 -52 0
-50 -44 -53 -54 -51 -52 0
-43 -44 -53 -54 -51 -52 0
